-- phpMyAdmin SQL Dump
-- version 4.9.5
-- https://www.phpmyadmin.net/
--
-- Servidor: 127.0.0.1:3306
-- Tiempo de generación: 01-06-2021 a las 00:48:37
-- Versión del servidor: 10.4.18-MariaDB-cll-lve
-- Versión de PHP: 7.2.34

SET SQL_MODE = "NO_AUTO_VALUE_ON_ZERO";
SET AUTOCOMMIT = 0;
START TRANSACTION;
SET time_zone = "+00:00";


/*!40101 SET @OLD_CHARACTER_SET_CLIENT=@@CHARACTER_SET_CLIENT */;
/*!40101 SET @OLD_CHARACTER_SET_RESULTS=@@CHARACTER_SET_RESULTS */;
/*!40101 SET @OLD_COLLATION_CONNECTION=@@COLLATION_CONNECTION */;
/*!40101 SET NAMES utf8mb4 */;

--
-- Base de datos: `u871842413_lmp`
--

DELIMITER $$
--
-- Procedimientos
--
$$

$$

$$

$$

$$

$$

$$

$$

$$

$$

$$

$$

$$

$$

$$

DELIMITER ;

-- --------------------------------------------------------

--
-- Estructura de tabla para la tabla `areas`
--

CREATE TABLE `areas` (
  `area_id` int(11) NOT NULL,
  `area_nombre` varchar(100) COLLATE utf8_bin NOT NULL
) ENGINE=InnoDB DEFAULT CHARSET=utf8 COLLATE=utf8_bin;

--
-- Volcado de datos para la tabla `areas`
--

INSERT INTO `areas` (`area_id`, `area_nombre`) VALUES
(1, 'Medica'),
(2, 'Administrativa'),
(3, 'Desarrollo personal'),
(4, 'Escuela Sindical');

-- --------------------------------------------------------

--
-- Estructura de tabla para la tabla `avisos`
--

CREATE TABLE `avisos` (
  `aviso_id` int(11) NOT NULL,
  `curso_id` int(11) NOT NULL,
  `aviso_titulo` varchar(70) NOT NULL,
  `aviso_texto` varchar(500) NOT NULL,
  `aviso_fecha` date NOT NULL,
  `aviso_hora` time NOT NULL
) ENGINE=InnoDB DEFAULT CHARSET=utf8;

--
-- Volcado de datos para la tabla `avisos`
--

INSERT INTO `avisos` (`aviso_id`, `curso_id`, `aviso_titulo`, `aviso_texto`, `aviso_fecha`, `aviso_hora`) VALUES
(1, 57, 'semper interdum mauris ullamcorper purus sit', 'et ultrices posuere cubilia curae mauris viverra diam vitae quam suspendisse potenti nullam porttitor lacus at turpis donec posuere metus vitae ipsum aliquam non mauris morbi non', '2019-09-29', '14:46:42'),
(2, 88, 'enim leo rhoncus sed vestibulum sit', 'blandit nam nulla integer pede justo lacinia eget tincidunt eget tempus vel pede morbi porttitor lorem id ligula suspendisse ornare consequat lectus', '2020-02-26', '21:43:53'),
(3, 16, 'sed sagittis nam congue risus semper', 'platea dictumst aliquam augue quam sollicitudin vitae consectetuer eget rutrum at lorem integer tincidunt ante vel ipsum praesent blandit lacinia erat vestibulum sed magna', '2019-08-20', '04:10:22'),
(4, 25, 'placerat ante nulla justo', 'dapibus nulla suscipit ligula in lacus curabitur at ipsum ac tellus semper interdum mauris ullamcorper purus sit amet', '2020-12-23', '05:11:37'),
(5, 44, 'at diam nam tristique tortor eu', 'massa quis augue luctus tincidunt nulla mollis molestie lorem quisque ut erat curabitur gravida nisi at nibh', '2021-01-31', '22:17:38'),
(6, 15, 'quam pede lobortis ligula sit', 'libero ut massa volutpat convallis morbi odio odio elementum eu interdum eu tincidunt in leo maecenas pulvinar lobortis est', '2020-07-15', '06:06:17'),
(7, 58, 'potenti nullam porttitor lacus', 'curae duis faucibus accumsan odio curabitur convallis duis consequat dui nec nisi', '2020-08-24', '10:25:12'),
(8, 22, 'dictumst aliquam augue quam sollicitudin vitae consectetuer', 'hac habitasse platea dictumst maecenas ut massa quis augue luctus tincidunt nulla mollis molestie lorem quisque ut erat curabitur gravida nisi at nibh in hac habitasse', '2020-09-01', '00:32:44'),
(9, 80, 'vitae mattis nibh ligula', 'cum sociis natoque penatibus et magnis dis parturient montes nascetur ridiculus mus etiam', '2019-11-04', '04:35:53'),
(10, 25, 'nulla sed vel enim', 'eget semper rutrum nulla nunc purus phasellus in felis donec semper sapien a libero nam dui proin leo odio porttitor id consequat in consequat ut', '2019-10-30', '12:23:45'),
(11, 93, 'cras mi pede malesuada in', 'aliquam sit amet diam in magna bibendum imperdiet nullam orci pede venenatis non sodales sed tincidunt eu felis fusce posuere felis sed lacus', '2020-07-08', '17:20:30'),
(12, 13, 'morbi vel lectus in quam fringilla rhoncus', 'ipsum primis in faucibus orci luctus et ultrices posuere cubilia curae mauris viverra diam vitae quam suspendisse potenti nullam porttitor lacus at turpis donec posuere metus', '2019-12-04', '11:13:04'),
(13, 84, 'erat eros viverra eget congue eget', 'sed vestibulum sit amet cursus id turpis integer aliquet massa id lobortis convallis tortor risus dapibus augue vel accumsan tellus nisi eu orci mauris lacinia sapien quis libero nullam sit', '2019-08-06', '15:40:44'),
(14, 36, 'praesent id massa id', 'etiam justo etiam pretium iaculis justo in hac habitasse platea dictumst etiam faucibus cursus urna ut tellus nulla ut erat id mauris', '2019-10-20', '23:27:01'),
(15, 4, 'semper est quam pharetra', 'vestibulum sit amet cursus id turpis integer aliquet massa id lobortis convallis tortor risus dapibus augue vel accumsan tellus nisi eu orci mauris lacinia sapien quis libero nullam', '2019-10-03', '07:34:28'),
(16, 18, 'erat fermentum justo nec', 'hendrerit at vulputate vitae nisl aenean lectus pellentesque eget nunc donec quis orci eget orci vehicula condimentum curabitur in libero ut massa volutpat convallis', '2020-03-12', '23:07:31'),
(17, 80, 'ipsum dolor sit amet consectetuer adipiscing elit', 'mi sit amet lobortis sapien sapien non mi integer ac neque duis bibendum morbi non quam nec dui luctus rutrum nulla tellus in', '2021-04-13', '03:45:02'),
(18, 99, 'maecenas tincidunt lacus at velit', 'sapien arcu sed augue aliquam erat volutpat in congue etiam justo etiam pretium iaculis justo in hac habitasse platea dictumst etiam faucibus cursus urna ut tellus', '2021-03-09', '04:14:17'),
(19, 53, 'mauris viverra diam vitae quam suspendisse', 'ut rhoncus aliquet pulvinar sed nisl nunc rhoncus dui vel sem sed sagittis nam congue risus', '2020-07-04', '13:51:48'),
(20, 63, 'pellentesque viverra pede ac diam cras', 'in est risus auctor sed tristique in tempus sit amet sem fusce consequat nulla nisl nunc nisl duis bibendum felis sed', '2020-01-24', '18:29:27'),
(21, 6, 'porta volutpat quam pede lobortis ligula sit', 'natoque penatibus et magnis dis parturient montes nascetur ridiculus mus etiam vel augue vestibulum rutrum rutrum neque aenean auctor gravida sem praesent id massa id nisl venenatis lacinia', '2020-09-20', '19:01:47'),
(22, 85, 'pellentesque viverra pede ac diam cras', 'cubilia curae donec pharetra magna vestibulum aliquet ultrices erat tortor sollicitudin mi sit amet lobortis sapien sapien non mi integer ac neque duis', '2021-02-05', '16:32:50'),
(23, 1, 'vestibulum ante ipsum primis in faucibus', 'phasellus sit amet erat nulla tempus vivamus in felis eu sapien cursus vestibulum proin eu mi nulla ac enim in tempor turpis nec euismod scelerisque quam turpis adipiscing lorem vitae', '2019-10-11', '00:21:16'),
(24, 64, 'ultrices vel augue vestibulum ante ipsum', 'quis justo maecenas rhoncus aliquam lacus morbi quis tortor id nulla ultrices aliquet maecenas leo odio condimentum id luctus nec', '2019-08-15', '17:56:55'),
(25, 43, 'eu sapien cursus vestibulum proin eu mi', 'vestibulum ante ipsum primis in faucibus orci luctus et ultrices posuere cubilia curae nulla dapibus dolor vel est', '2021-02-05', '16:42:23'),
(26, 77, 'in consequat ut nulla sed accumsan', 'dictumst morbi vestibulum velit id pretium iaculis diam erat fermentum justo nec condimentum neque sapien placerat ante nulla justo aliquam quis turpis eget elit sodales scelerisque mauris sit amet', '2019-11-06', '21:53:56'),
(27, 45, 'placerat ante nulla justo aliquam', 'viverra pede ac diam cras pellentesque volutpat dui maecenas tristique est et tempus semper est quam pharetra magna ac', '2019-12-04', '16:21:55'),
(28, 76, 'velit vivamus vel nulla eget eros elementum', 'orci mauris lacinia sapien quis libero nullam sit amet turpis elementum ligula vehicula consequat morbi', '2021-02-13', '12:32:55'),
(29, 4, 'neque aenean auctor gravida sem praesent', 'sit amet cursus id turpis integer aliquet massa id lobortis convallis tortor risus', '2020-06-08', '17:55:27'),
(30, 80, 'euismod scelerisque quam turpis adipiscing lorem', 'nec euismod scelerisque quam turpis adipiscing lorem vitae mattis nibh ligula nec sem duis aliquam convallis nunc proin at turpis a pede', '2019-11-25', '21:40:54'),
(31, 80, 'ante ipsum primis in faucibus orci luctus', 'cursus id turpis integer aliquet massa id lobortis convallis tortor risus dapibus augue vel accumsan tellus nisi eu orci mauris lacinia sapien quis', '2021-03-20', '16:20:05'),
(32, 19, 'et ultrices posuere cubilia curae mauris viverra', 'integer pede justo lacinia eget tincidunt eget tempus vel pede morbi', '2019-09-08', '10:00:11'),
(33, 81, 'habitasse platea dictumst etiam faucibus', 'praesent id massa id nisl venenatis lacinia aenean sit amet justo morbi ut odio cras mi pede malesuada in', '2019-08-03', '15:02:53'),
(34, 58, 'lorem ipsum dolor sit amet consectetuer adipiscing', 'magna at nunc commodo placerat praesent blandit nam nulla integer pede justo lacinia eget tincidunt eget tempus vel pede', '2020-04-15', '23:12:12'),
(35, 79, 'nibh in quis justo maecenas', 'risus dapibus augue vel accumsan tellus nisi eu orci mauris lacinia sapien quis libero nullam sit amet turpis elementum ligula vehicula consequat morbi a ipsum integer a', '2019-06-11', '05:12:53'),
(36, 86, 'quisque arcu libero rutrum ac', 'venenatis non sodales sed tincidunt eu felis fusce posuere felis sed lacus morbi sem mauris laoreet ut rhoncus aliquet pulvinar sed nisl', '2019-08-03', '22:11:19'),
(37, 93, 'eu nibh quisque id', 'pede libero quis orci nullam molestie nibh in lectus pellentesque at nulla suspendisse potenti cras in purus eu magna vulputate luctus cum sociis natoque penatibus et magnis dis', '2021-02-18', '17:34:34'),
(38, 1, 'enim blandit mi in porttitor pede', 'faucibus orci luctus et ultrices posuere cubilia curae donec pharetra magna vestibulum aliquet ultrices', '2020-10-24', '11:23:33'),
(39, 25, 'in ante vestibulum ante ipsum primis in', 'curabitur at ipsum ac tellus semper interdum mauris ullamcorper purus sit amet nulla quisque arcu libero rutrum ac lobortis vel dapibus at diam nam tristique', '2019-12-15', '08:28:44'),
(40, 5, 'proin at turpis a pede posuere', 'bibendum imperdiet nullam orci pede venenatis non sodales sed tincidunt eu felis fusce posuere felis sed lacus morbi sem mauris laoreet ut rhoncus aliquet', '2019-08-27', '12:17:12'),
(41, 66, 'ut suscipit a feugiat et eros', 'nisl nunc rhoncus dui vel sem sed sagittis nam congue risus semper porta volutpat quam', '2020-11-15', '20:04:00'),
(42, 31, 'nulla ultrices aliquet maecenas', 'ut mauris eget massa tempor convallis nulla neque libero convallis eget eleifend luctus ultricies eu nibh', '2020-02-09', '23:01:31'),
(43, 27, 'cras mi pede malesuada in imperdiet et', 'nulla justo aliquam quis turpis eget elit sodales scelerisque mauris sit amet eros suspendisse accumsan tortor quis turpis sed ante vivamus tortor duis mattis egestas metus aenean fermentum', '2020-10-03', '19:38:08'),
(44, 84, 'ante vel ipsum praesent blandit lacinia erat', 'suspendisse potenti cras in purus eu magna vulputate luctus cum sociis natoque penatibus et magnis dis parturient montes nascetur ridiculus mus vivamus vestibulum sagittis sapien', '2020-04-08', '09:50:44'),
(45, 27, 'vel lectus in quam fringilla rhoncus mauris', 'et tempus semper est quam pharetra magna ac consequat metus sapien ut nunc vestibulum ante ipsum primis in faucibus orci luctus et ultrices posuere cubilia curae', '2020-06-11', '09:01:34'),
(46, 88, 'mauris morbi non lectus aliquam', 'id sapien in sapien iaculis congue vivamus metus arcu adipiscing', '2020-12-03', '19:45:58'),
(47, 52, 'duis ac nibh fusce', 'quam nec dui luctus rutrum nulla tellus in sagittis dui vel nisl duis ac nibh fusce', '2021-01-01', '05:24:35'),
(48, 5, 'quis augue luctus tincidunt nulla mollis', 'sapien cum sociis natoque penatibus et magnis dis parturient montes nascetur ridiculus mus etiam vel augue vestibulum rutrum rutrum neque aenean auctor gravida', '2020-06-20', '04:13:40'),
(49, 59, 'integer ac leo pellentesque ultrices mattis', 'elementum pellentesque quisque porta volutpat erat quisque erat eros viverra eget congue eget semper rutrum nulla nunc purus phasellus in felis donec semper', '2020-03-18', '12:08:57'),
(50, 53, 'a nibh in quis justo', 'ipsum primis in faucibus orci luctus et ultrices posuere cubilia curae mauris', '2019-09-30', '00:12:19'),
(51, 61, 'euismod scelerisque quam turpis', 'integer a nibh in quis justo maecenas rhoncus aliquam lacus morbi quis tortor id nulla ultrices aliquet maecenas leo odio condimentum id luctus nec molestie sed justo', '2020-05-07', '17:19:17'),
(52, 48, 'mollis molestie lorem quisque ut erat', 'lobortis convallis tortor risus dapibus augue vel accumsan tellus nisi eu orci mauris lacinia sapien quis libero nullam sit amet turpis elementum ligula vehicula consequat morbi a ipsum integer', '2020-02-02', '11:13:15'),
(53, 75, 'ipsum ac tellus semper interdum mauris ullamcorper', 'risus auctor sed tristique in tempus sit amet sem fusce consequat nulla nisl nunc nisl duis bibendum felis sed interdum venenatis turpis enim blandit mi', '2019-12-08', '16:23:56'),
(54, 44, 'sed interdum venenatis turpis enim blandit', 'vitae quam suspendisse potenti nullam porttitor lacus at turpis donec posuere metus vitae ipsum aliquam non mauris morbi non lectus aliquam sit amet', '2021-02-24', '13:22:54'),
(55, 75, 'ultrices libero non mattis', 'augue luctus tincidunt nulla mollis molestie lorem quisque ut erat curabitur gravida nisi at nibh in hac habitasse platea dictumst aliquam augue quam sollicitudin vitae consectetuer eget rutrum at lorem', '2021-03-26', '13:45:24'),
(56, 59, 'leo odio condimentum id luctus nec molestie', 'posuere metus vitae ipsum aliquam non mauris morbi non lectus aliquam sit amet diam in magna bibendum imperdiet', '2019-08-14', '09:28:42'),
(57, 21, 'id turpis integer aliquet massa', 'nulla integer pede justo lacinia eget tincidunt eget tempus vel pede morbi porttitor lorem id ligula suspendisse ornare', '2019-09-05', '23:55:46'),
(58, 8, 'primis in faucibus orci luctus et ultrices', 'vulputate justo in blandit ultrices enim lorem ipsum dolor sit amet consectetuer adipiscing elit proin interdum mauris non ligula pellentesque ultrices phasellus id', '2019-12-23', '21:22:22'),
(59, 36, 'suspendisse ornare consequat lectus in est risus', 'semper sapien a libero nam dui proin leo odio porttitor', '2019-12-02', '09:12:18'),
(60, 51, 'morbi porttitor lorem id ligula', 'in tempus sit amet sem fusce consequat nulla nisl nunc nisl duis bibendum felis sed interdum venenatis turpis enim blandit', '2019-10-11', '10:15:11'),
(61, 73, 'nisl duis bibendum felis sed interdum', 'odio condimentum id luctus nec molestie sed justo pellentesque viverra pede ac', '2021-02-17', '22:20:31'),
(62, 15, 'ut volutpat sapien arcu', 'dolor vel est donec odio justo sollicitudin ut suscipit a feugiat et eros vestibulum ac est lacinia nisi', '2020-12-28', '18:51:28'),
(63, 90, 'lobortis sapien sapien non', 'lectus suspendisse potenti in eleifend quam a odio in hac habitasse platea', '2020-02-01', '16:26:19'),
(64, 45, 'semper sapien a libero nam dui proin', 'lectus in est risus auctor sed tristique in tempus sit', '2019-06-20', '08:38:59'),
(65, 3, 'sem praesent id massa', 'sem sed sagittis nam congue risus semper porta volutpat quam pede lobortis ligula sit amet eleifend pede libero quis orci nullam molestie nibh in lectus pellentesque at nulla suspendisse', '2020-05-27', '18:13:44'),
(66, 24, 'sed tristique in tempus sit amet', 'sem mauris laoreet ut rhoncus aliquet pulvinar sed nisl nunc rhoncus dui vel sem sed sagittis', '2020-10-29', '23:25:56'),
(67, 97, 'ante vel ipsum praesent blandit lacinia erat', 'maecenas tincidunt lacus at velit vivamus vel nulla eget eros elementum pellentesque quisque porta volutpat erat quisque erat', '2020-06-20', '16:43:14'),
(68, 64, 'dui vel sem sed sagittis nam congue', 'ultrices libero non mattis pulvinar nulla pede ullamcorper augue a suscipit nulla elit ac nulla sed vel', '2019-07-15', '17:34:56'),
(69, 98, 'non mauris morbi non', 'varius integer ac leo pellentesque ultrices mattis odio donec vitae nisi nam ultrices libero non mattis pulvinar nulla pede ullamcorper augue a suscipit nulla elit ac', '2020-04-26', '00:16:09'),
(70, 59, 'ac lobortis vel dapibus', 'vulputate elementum nullam varius nulla facilisi cras non velit nec nisi', '2020-10-29', '10:53:56'),
(71, 77, 'sed sagittis nam congue risus semper porta', 'ut ultrices vel augue vestibulum ante ipsum primis in faucibus orci luctus et ultrices posuere cubilia curae donec pharetra magna vestibulum aliquet ultrices erat tortor sollicitudin mi sit', '2019-09-24', '16:19:33'),
(72, 49, 'a odio in hac habitasse platea', 'elit sodales scelerisque mauris sit amet eros suspendisse accumsan tortor quis turpis sed ante vivamus tortor duis mattis', '2021-02-09', '19:52:20'),
(73, 13, 'habitasse platea dictumst morbi', 'libero non mattis pulvinar nulla pede ullamcorper augue a suscipit nulla elit ac', '2020-12-01', '14:34:38'),
(74, 82, 'curabitur in libero ut massa volutpat convallis', 'augue quam sollicitudin vitae consectetuer eget rutrum at lorem integer', '2019-10-28', '12:57:24'),
(75, 8, 'metus arcu adipiscing molestie hendrerit', 'cum sociis natoque penatibus et magnis dis parturient montes nascetur ridiculus mus vivamus vestibulum sagittis sapien cum sociis natoque penatibus et magnis dis', '2019-08-15', '05:25:54'),
(76, 57, 'pellentesque at nulla suspendisse potenti', 'elementum pellentesque quisque porta volutpat erat quisque erat eros viverra eget congue', '2020-06-07', '12:36:51'),
(77, 87, 'faucibus orci luctus et ultrices posuere', 'erat curabitur gravida nisi at nibh in hac habitasse platea', '2020-03-23', '09:45:33'),
(78, 24, 'dui nec nisi volutpat eleifend donec ut', 'justo morbi ut odio cras mi pede malesuada in imperdiet et commodo vulputate justo', '2020-03-21', '11:21:24'),
(79, 97, 'platea dictumst maecenas ut', 'in congue etiam justo etiam pretium iaculis justo in hac habitasse platea dictumst etiam faucibus cursus urna ut tellus nulla', '2019-09-25', '18:37:42'),
(80, 19, 'integer non velit donec', 'quis turpis eget elit sodales scelerisque mauris sit amet eros suspendisse accumsan tortor quis turpis sed ante vivamus tortor duis', '2019-10-16', '09:46:20'),
(81, 5, 'vel sem sed sagittis', 'ultrices libero non mattis pulvinar nulla pede ullamcorper augue a suscipit nulla elit ac nulla sed vel enim', '2020-08-10', '20:01:53'),
(82, 52, 'tortor risus dapibus augue', 'justo eu massa donec dapibus duis at velit eu est congue elementum in hac habitasse platea dictumst morbi vestibulum velit id pretium', '2020-04-06', '15:13:33'),
(83, 17, 'semper est quam pharetra', 'congue eget semper rutrum nulla nunc purus phasellus in felis donec semper sapien a libero nam dui proin leo odio porttitor id consequat in consequat ut', '2019-09-06', '09:50:10'),
(84, 35, 'eget orci vehicula condimentum curabitur in', 'in faucibus orci luctus et ultrices posuere cubilia curae duis faucibus accumsan odio curabitur convallis', '2020-05-15', '18:31:09'),
(85, 12, 'nulla elit ac nulla sed vel enim', 'sit amet nunc viverra dapibus nulla suscipit ligula in lacus curabitur at ipsum ac tellus semper interdum', '2020-04-12', '17:07:45'),
(86, 42, 'elit proin interdum mauris non ligula pellentesque', 'molestie lorem quisque ut erat curabitur gravida nisi at nibh', '2019-09-24', '05:34:47'),
(87, 56, 'sit amet turpis elementum ligula vehicula', 'sapien dignissim vestibulum vestibulum ante ipsum primis in faucibus orci luctus et ultrices posuere', '2019-12-28', '00:03:01'),
(88, 75, 'vitae mattis nibh ligula', 'elementum pellentesque quisque porta volutpat erat quisque erat eros viverra eget congue eget semper rutrum nulla nunc purus phasellus in felis donec semper sapien a libero nam dui proin', '2019-08-29', '18:59:30'),
(89, 95, 'curabitur convallis duis consequat dui nec', 'varius ut blandit non interdum in ante vestibulum ante ipsum primis in faucibus orci luctus et ultrices posuere cubilia curae duis faucibus', '2020-02-07', '04:41:23'),
(90, 54, 'porta volutpat quam pede', 'erat eros viverra eget congue eget semper rutrum nulla nunc', '2020-02-03', '09:38:10'),
(91, 2, 'at vulputate vitae nisl aenean lectus', 'consequat ut nulla sed accumsan felis ut at dolor quis odio consequat varius integer ac leo pellentesque ultrices mattis', '2021-03-03', '00:06:11'),
(92, 21, 'pede malesuada in imperdiet et commodo', 'luctus et ultrices posuere cubilia curae nulla dapibus dolor vel est donec odio justo', '2019-12-29', '17:04:20'),
(93, 23, 'molestie lorem quisque ut', 'laoreet ut rhoncus aliquet pulvinar sed nisl nunc rhoncus dui vel sem', '2020-11-02', '03:12:59'),
(94, 83, 'non quam nec dui luctus', 'erat volutpat in congue etiam justo etiam pretium iaculis justo in hac habitasse platea dictumst etiam faucibus cursus urna ut tellus nulla ut erat', '2020-06-01', '05:20:48'),
(95, 87, 'quam suspendisse potenti nullam', 'eu sapien cursus vestibulum proin eu mi nulla ac enim in tempor turpis nec euismod scelerisque quam turpis adipiscing lorem', '2020-09-28', '13:22:11'),
(96, 6, 'sollicitudin ut suscipit a feugiat', 'porta volutpat erat quisque erat eros viverra eget congue eget semper rutrum nulla nunc purus phasellus in felis donec semper sapien a libero nam', '2020-04-27', '05:57:52'),
(97, 80, 'in hac habitasse platea dictumst', 'lorem ipsum dolor sit amet consectetuer adipiscing elit proin risus praesent lectus vestibulum quam sapien varius ut blandit non interdum in ante vestibulum ante ipsum', '2020-03-30', '00:52:25'),
(98, 40, 'ipsum aliquam non mauris morbi non', 'eget congue eget semper rutrum nulla nunc purus phasellus in felis donec semper sapien a libero nam dui proin leo odio porttitor id consequat in consequat ut nulla sed', '2021-02-14', '01:09:23'),
(99, 47, 'vestibulum sit amet cursus id turpis integer', 'sed vel enim sit amet nunc viverra dapibus nulla suscipit ligula in lacus curabitur at ipsum ac tellus', '2019-10-12', '20:50:08'),
(100, 71, 'ultrices posuere cubilia curae donec pharetra', 'nibh fusce lacus purus aliquet at feugiat non pretium quis lectus suspendisse potenti in eleifend quam', '2020-08-23', '01:35:51');

-- --------------------------------------------------------

--
-- Estructura de tabla para la tabla `bitacora`
--

CREATE TABLE `bitacora` (
  `bitacora_id` int(11) NOT NULL,
  `bitacora_nombre_administrador` varchar(150) NOT NULL,
  `bitacora_fecha` timestamp NOT NULL DEFAULT current_timestamp(),
  `bitacora_tipo` enum('C','U','D') NOT NULL,
  `bitacora_elemento` varchar(150) NOT NULL
) ENGINE=InnoDB DEFAULT CHARSET=utf8;

--
-- Volcado de datos para la tabla `bitacora`
--

INSERT INTO `bitacora` (`bitacora_id`, `bitacora_nombre_administrador`, `bitacora_fecha`, `bitacora_tipo`, `bitacora_elemento`) VALUES
(1, 'Tildi Domleo Tedorenko', '2020-11-23 14:10:51', 'U', ' Curso'),
(2, 'Whitney Blenkhorn Cornborough', '2020-12-23 08:03:55', 'D', 'Estudiante '),
(3, 'Grazia Foulgham Sulland', '2020-05-20 14:55:21', 'C', 'Estudiante '),
(4, 'Cash Smallsman Kingman', '2020-12-01 11:22:51', 'U', 'Estudiante '),
(5, 'Colby Duinbleton Bannester', '2020-12-19 16:27:16', 'U', ' Curso'),
(6, 'Alia Alenshev Marson', '2020-07-12 00:43:35', 'D', 'Estudiante '),
(7, 'Lewiss Crosthwaite Gorioli', '2020-12-18 07:54:54', 'D', 'Estudiante '),
(8, 'Elvira Begent Murrum', '2021-01-03 02:15:54', 'D', ' Curso'),
(9, 'Cordie Bentame Caulwell', '2020-04-25 21:00:36', 'C', ' Curso'),
(10, 'Trevar Eisikowitz Chilton', '2020-11-26 12:49:23', 'U', 'Estudiante '),
(11, 'Melosa Wheelan Lyndon', '2020-05-28 05:55:32', 'D', 'Estudiante '),
(12, 'Julieta Overall Collier', '2020-05-05 05:06:06', 'D', 'Estudiante '),
(13, 'Lanny Jeanenet Koeppke', '2020-11-05 16:40:09', 'D', ' Curso'),
(14, 'Artemis Kyne Goadsby', '2020-11-23 05:11:19', 'C', 'Estudiante '),
(15, 'Genia Hercules Treen', '2020-07-05 14:35:57', 'U', ' Curso'),
(16, 'Yale Dinzey McCaw', '2021-03-07 12:22:33', 'U', 'Estudiante '),
(17, 'Verine Earingey Plampeyn', '2020-05-15 19:13:53', 'D', ' Curso'),
(18, 'Noella Pester Bullant', '2021-02-03 19:01:09', 'D', ' Curso'),
(19, 'Leroi Slaight Abadam', '2020-12-22 01:01:01', 'D', ' Curso'),
(20, 'Winny Marvelley Buswell', '2021-03-20 11:49:26', 'U', ' Curso'),
(21, 'Gilberto Copestake Legen', '2021-04-03 07:02:24', 'U', 'Estudiante '),
(22, 'Erhard Benedetti Ferrucci', '2020-11-08 00:45:21', 'D', 'Estudiante '),
(23, 'Norean Wiburn Blondell', '2021-03-02 04:28:01', 'U', 'Estudiante '),
(24, 'Ealasaid Streight Lefley', '2021-03-24 17:05:36', 'U', 'Estudiante '),
(25, 'Madelene Buttner Renon', '2020-04-25 13:13:50', 'D', 'Estudiante '),
(26, 'Jocelyne Chorlton Parr', '2020-05-11 02:21:49', 'C', 'Estudiante '),
(27, 'Carr Drever Ricci', '2020-12-23 15:27:59', 'U', 'Estudiante '),
(28, 'Miner Harbidge Spraggs', '2020-09-17 15:57:39', 'D', 'Estudiante '),
(29, 'Miguel Haugen Dachs', '2020-08-08 02:41:51', 'D', 'Estudiante '),
(30, 'Lindi Cure Coult', '2020-12-27 19:16:48', 'D', 'Estudiante '),
(31, 'Martie MacKnockiter Povele', '2021-03-19 16:40:04', 'U', 'Estudiante '),
(32, 'Antonina Quartly Frearson', '2020-07-11 10:18:09', 'C', 'Estudiante '),
(33, 'Broddy Dower Cammidge', '2021-01-11 09:03:01', 'D', ' Curso'),
(34, 'Jess McGilleghole Capron', '2021-03-18 10:43:01', 'U', ' Curso'),
(35, 'Bobbette Tilbey O\'Carney', '2020-09-15 19:27:06', 'U', 'Estudiante '),
(36, 'Sancho Margett Riteley', '2020-11-03 20:42:14', 'D', 'Estudiante '),
(37, 'Alfonse Flippini Dorian', '2020-11-22 15:34:03', 'U', ' Curso'),
(38, 'Tiphani Guerry Rylance', '2020-09-19 18:58:26', 'D', ' Curso'),
(39, 'Meade Butteris McCrachen', '2020-07-23 17:34:06', 'U', 'Estudiante '),
(40, 'Charin Feore Boschmann', '2020-06-25 01:34:44', 'U', 'Estudiante '),
(41, 'Jania Schroder Wawer', '2020-06-21 16:50:50', 'C', 'Estudiante '),
(42, 'Chilton Agglio Birkenshaw', '2020-11-07 14:19:59', 'D', ' Curso'),
(43, 'Brendan Tumbridge Tingey', '2020-08-05 07:39:56', 'C', ' Curso'),
(44, 'Meredith Skevington Winckles', '2020-08-29 22:52:51', 'D', ' Curso'),
(45, 'Julienne Dexter Fellgate', '2020-10-14 14:26:23', 'D', ' Curso'),
(46, 'Mirabel Theuff Carefull', '2020-12-30 07:29:48', 'D', ' Curso'),
(47, 'Hetty Gammie Chessun', '2020-08-12 22:23:44', 'D', ' Curso'),
(48, 'Gibb Woosnam Dybell', '2020-05-06 01:39:22', 'C', 'Estudiante '),
(49, 'Lynnette Daubney Rydzynski', '2020-12-25 20:12:10', 'D', 'Estudiante '),
(50, 'Kristine Scrace Tilling', '2020-10-08 11:01:08', 'C', 'Estudiante '),
(51, 'Davey Wayte Bowmaker', '2021-03-25 01:40:10', 'C', 'Estudiante '),
(52, 'Archer Eagles Whittleton', '2020-05-21 04:00:23', 'D', 'Estudiante '),
(53, 'Prudy Shadfourth Lyness', '2020-06-07 19:21:08', 'D', ' Curso'),
(54, 'Booth Batteson Faull', '2020-07-28 10:51:05', 'U', 'Estudiante '),
(55, 'Clotilda Olliffe Rogans', '2020-09-01 09:10:23', 'U', 'Estudiante '),
(56, 'Tanny Tulleth Mougin', '2021-03-31 19:54:57', 'D', 'Estudiante '),
(57, 'Sherilyn Farey Yerrington', '2020-04-30 08:37:09', 'U', 'Estudiante '),
(58, 'Biddy Lashley Brashaw', '2020-08-22 13:28:38', 'D', 'Estudiante '),
(59, 'Richmound Rzehor Dormon', '2020-06-05 03:51:41', 'U', 'Estudiante '),
(60, 'Hollie Hemshall Snowsill', '2020-10-07 17:03:05', 'D', ' Curso'),
(61, 'Martainn Tadgell Lafferty', '2020-08-20 10:46:52', 'U', ' Curso'),
(62, 'Hadria Barabisch MacKean', '2020-10-11 17:35:58', 'C', 'Estudiante '),
(63, 'Cristin Greeson Pischel', '2021-02-24 07:46:57', 'D', 'Estudiante '),
(64, 'Ame Stonard Rumney', '2020-10-05 05:24:28', 'D', ' Curso'),
(65, 'Corinne Seally McSherry', '2020-08-09 13:46:28', 'D', 'Estudiante '),
(66, 'Olivero Treasure Scothern', '2021-04-01 10:08:27', 'D', 'Estudiante '),
(67, 'Wynny holmes Merveille', '2020-08-24 23:03:28', 'C', 'Estudiante '),
(68, 'Gabriello Mughal Late', '2020-09-08 01:26:02', 'D', 'Estudiante '),
(69, 'Verge Ryde Crewdson', '2020-06-07 11:41:26', 'D', 'Estudiante '),
(70, 'Tucky Dalligan Grant', '2020-04-14 12:07:55', 'C', 'Estudiante '),
(71, 'Katlin Saiens Farncombe', '2021-02-17 20:29:31', 'U', ' Curso'),
(72, 'Skipton Parrott Dawidowicz', '2020-04-29 23:52:06', 'C', ' Curso'),
(73, 'Boycey Drew-Clifton Girvin', '2021-03-20 15:33:34', 'D', ' Curso'),
(74, 'Binni Bendall Gernier', '2020-08-12 00:39:42', 'C', 'Estudiante '),
(75, 'Hobart Margeram A\'field', '2020-07-12 07:18:25', 'D', ' Curso'),
(76, 'Nannette Halfpenny Nester', '2020-10-26 01:24:34', 'D', ' Curso'),
(77, 'Christyna Liddall Beirne', '2020-12-12 13:52:15', 'D', 'Estudiante '),
(78, 'Langsdon Philcock Schlagman', '2020-06-13 09:55:00', 'D', ' Curso'),
(79, 'Norean Croal Slegg', '2020-11-02 10:11:34', 'D', ' Curso'),
(80, 'Rhody Raleston Skypp', '2020-07-03 02:35:00', 'D', ' Curso'),
(81, 'Mariejeanne Ginglell Bowlas', '2020-07-15 12:27:15', 'C', 'Estudiante '),
(82, 'Jan Critoph Duffrie', '2020-12-16 15:06:16', 'U', 'Estudiante '),
(83, 'Russ Scarf Mariet', '2021-01-23 12:15:26', 'D', ' Curso'),
(84, 'Antoine MacTimpany Broggio', '2020-08-04 00:14:17', 'D', 'Estudiante '),
(85, 'Emmanuel Castro Biford', '2020-11-04 05:14:43', 'D', 'Estudiante '),
(86, 'Tommy Bettam Dilrew', '2020-05-05 13:46:31', 'D', 'Estudiante '),
(87, 'Adelaide Frisdick Bonifas', '2020-05-17 12:34:03', 'C', 'Estudiante '),
(88, 'Perle Maber Maloney', '2020-07-18 04:41:03', 'D', ' Curso'),
(89, 'Myrvyn Hatchette Hunsworth', '2020-09-14 01:43:10', 'D', ' Curso'),
(90, 'Veronica Allans Baggott', '2020-08-18 11:39:20', 'C', ' Curso'),
(91, 'Morganne Yesinov Mottram', '2020-10-30 20:27:05', 'D', 'Estudiante '),
(92, 'Giffard Fulep Chesher', '2021-02-18 07:56:10', 'U', 'Estudiante '),
(93, 'Ebonee Leinthall Bendtsen', '2020-06-06 20:16:37', 'D', 'Estudiante '),
(94, 'Bennie Boddymead Norker', '2020-11-22 18:22:09', 'D', ' Curso'),
(95, 'Emlyn Hinchshaw McEntagart', '2020-08-21 21:25:17', 'D', 'Estudiante '),
(96, 'Leilah Lorman Rohfsen', '2020-11-28 09:08:40', 'U', ' Curso'),
(97, 'Willy Kigelman Spring', '2021-02-08 23:05:52', 'U', ' Curso'),
(98, 'Amber Pountney Kretschmer', '2020-12-07 21:31:32', 'C', ' Curso'),
(99, 'Johannes Mathiot Boulder', '2020-12-26 17:17:02', 'C', 'Estudiante '),
(100, 'Natal McCardle Secrett', '2021-04-04 20:49:13', 'U', ' Curso'),
(101, 'Lianna Crowe Elsie', '2020-06-11 05:13:12', 'C', ' Curso'),
(102, 'Gregoire Quartley Woolsey', '2020-12-22 18:50:59', 'C', 'Estudiante '),
(103, 'Demetria Drepp Bernardeau', '2020-08-07 12:49:20', 'U', 'Estudiante '),
(104, 'Micheline Cregan Malster', '2020-06-25 20:07:43', 'U', ' Curso'),
(105, 'Phillipp Groucutt Baglow', '2020-09-16 01:44:40', 'U', 'Estudiante '),
(106, 'Sampson Beddard Cressar', '2021-02-08 18:53:46', 'C', ' Curso'),
(107, 'Casie Isaq Goldsmith', '2020-10-25 07:02:53', 'D', 'Estudiante '),
(108, 'Patty Befroy Jimpson', '2020-10-07 12:13:49', 'D', ' Curso'),
(109, 'Claudie Swatman Luckhurst', '2020-05-01 16:34:19', 'D', ' Curso'),
(110, 'Deane Delagnes Kerridge', '2020-10-16 09:34:45', 'D', 'Estudiante '),
(111, 'Ninnetta Sallans Croom', '2021-01-16 20:56:15', 'C', 'Estudiante '),
(112, 'Traver Golbourn Hammerich', '2020-12-15 22:48:02', 'U', 'Estudiante '),
(113, 'Jess Ramel Timperley', '2021-03-12 00:06:42', 'C', 'Estudiante '),
(114, 'Garth Anney Maginot', '2021-01-24 03:54:12', 'C', ' Curso'),
(115, 'Jorge Crampton Burdge', '2021-03-31 07:22:47', 'C', ' Curso'),
(116, 'Karrah Kolak Spears', '2020-08-22 14:36:14', 'D', 'Estudiante '),
(117, 'Yardley Gandrich Wishkar', '2021-03-14 16:33:14', 'C', ' Curso'),
(118, 'Bell Pressland Lello', '2020-12-10 10:57:17', 'U', ' Curso'),
(119, 'Haley Caso Aubert', '2021-01-09 11:16:08', 'D', 'Estudiante '),
(120, 'Leonhard South Drews', '2020-09-30 15:59:54', 'U', ' Curso'),
(121, 'Rollo Tiller Brigshaw', '2020-04-23 19:19:13', 'D', ' Curso'),
(122, 'Tailor Sante Filipputti', '2021-03-16 22:29:53', 'C', ' Curso'),
(123, 'Pooh Attreed Cunnah', '2020-07-16 16:25:29', 'U', ' Curso'),
(124, 'Tucker Baptist De Minico', '2020-07-09 09:58:20', 'U', ' Curso'),
(125, 'Dane Collecott Giraudo', '2021-03-12 00:21:47', 'D', 'Estudiante '),
(126, 'Dorolisa MacVay Whyborn', '2021-02-05 20:55:43', 'C', 'Estudiante '),
(127, 'Laughton Nyles Lownie', '2020-11-30 08:12:37', 'U', 'Estudiante '),
(128, 'Karoly Goward Tinline', '2021-04-07 13:18:57', 'C', 'Estudiante '),
(129, 'Gare Sulman Gonnelly', '2020-04-25 22:57:45', 'C', 'Estudiante '),
(130, 'Margarete MacCumiskey Baythrop', '2021-03-04 17:52:11', 'D', ' Curso'),
(131, 'Dulsea Bugs Nevill', '2020-07-05 16:46:46', 'D', ' Curso'),
(132, 'Mattias Clandillon Barthorpe', '2020-11-23 07:33:11', 'D', 'Estudiante '),
(133, 'Mabelle Pettican Glavis', '2021-01-28 02:21:30', 'U', ' Curso'),
(134, 'Oneida Newcombe Corballis', '2020-12-16 10:11:16', 'C', ' Curso'),
(135, 'Melody Epp MacGiany', '2020-07-26 08:43:48', 'U', ' Curso'),
(136, 'Carin Escolme Waycott', '2020-09-19 14:07:37', 'U', 'Estudiante '),
(137, 'Margo Strand Scoullar', '2020-08-01 10:59:41', 'D', ' Curso'),
(138, 'Linn Yele Pagram', '2020-05-20 18:48:30', 'D', 'Estudiante '),
(139, 'Leela Arnoll Fair', '2020-11-06 13:07:11', 'C', ' Curso'),
(140, 'Gerri Scatcher Ewbach', '2021-04-05 15:07:18', 'D', ' Curso'),
(141, 'Preston FitzGeorge Teggin', '2021-03-14 07:20:20', 'D', ' Curso'),
(142, 'Vivienne Jacke Zanuciolii', '2020-12-08 01:27:21', 'D', ' Curso'),
(143, 'Lorain Durward Cuppleditch', '2020-11-28 12:40:26', 'C', ' Curso'),
(144, 'Wrennie Fauning Bearward', '2020-07-18 03:17:42', 'D', 'Estudiante '),
(145, 'Iain Elverston Binnes', '2020-11-29 09:59:24', 'C', 'Estudiante '),
(146, 'Dalli Lethibridge Ceccoli', '2020-05-04 18:02:15', 'D', ' Curso'),
(147, 'Wyndham Miguel Cauldfield', '2020-06-19 13:54:41', 'D', 'Estudiante '),
(148, 'Joice Lapre Bugby', '2020-06-29 16:13:57', 'D', ' Curso'),
(149, 'Dannel O\'Kuddyhy Jellyman', '2020-09-23 23:46:33', 'D', ' Curso'),
(150, 'Jeannette Urlin Gorger', '2021-01-13 06:53:47', 'U', 'Estudiante ');

-- --------------------------------------------------------

--
-- Estructura de tabla para la tabla `cursos`
--

CREATE TABLE `cursos` (
  `curso_id` int(11) NOT NULL,
  `curso_nombre` varchar(150) NOT NULL,
  `curso_clave` varchar(50) NOT NULL,
  `curso_descripcion` varchar(300) NOT NULL,
  `curso_fecha_inicio` date NOT NULL,
  `curso_fecha_fin` date NOT NULL,
  `curso_horario_inicio` time DEFAULT NULL,
  `curso_horario_fin` time DEFAULT NULL,
  `curso_fecha_inscripcion_inicio` date DEFAULT NULL,
  `curso_fecha_inscripcion_fin` date DEFAULT NULL,
  `curso_plataforma` varchar(50) DEFAULT NULL,
  `area_id` int(11) NOT NULL,
  `curso_tipo` enum('Normativo','Publico') NOT NULL,
  `curso_temario` varchar(300) NOT NULL,
  `curso_modalidad` enum('enVivo','Diferido') NOT NULL,
  `curso_capacidad` int(10) UNSIGNED DEFAULT NULL,
  `curso_link_curso` varchar(350) DEFAULT NULL,
  `curso_link_plataforma` varchar(350) DEFAULT NULL,
  `curso_foto` varchar(350) NOT NULL,
  `curso_activo` tinyint(3) UNSIGNED NOT NULL,
  `ponente_id` int(11) DEFAULT NULL
) ENGINE=InnoDB DEFAULT CHARSET=utf8;

--
-- Volcado de datos para la tabla `cursos`
--

INSERT INTO `cursos` (`curso_id`, `curso_nombre`, `curso_clave`, `curso_descripcion`, `curso_fecha_inicio`, `curso_fecha_fin`, `curso_horario_inicio`, `curso_horario_fin`, `curso_fecha_inscripcion_inicio`, `curso_fecha_inscripcion_fin`, `curso_plataforma`, `area_id`, `curso_tipo`, `curso_temario`, `curso_modalidad`, `curso_capacidad`, `curso_link_curso`, `curso_link_plataforma`, `curso_foto`, `curso_activo`, `ponente_id`) VALUES
(1, 'in porttitor pede justo', '181369485-0', 'porta volutpat quam pede lobortis ligula sit amet eleifend pede libero quis orci nullam molestie nibh in lectus pellentesque at nulla suspendisse potenti cras in purus eu magna vulputate luctus', '2020-09-24', '2021-04-02', '10:05:31', '15:43:57', '2020-09-01', '2021-04-11', '', 2, 'Normativo', 'http://pinterest.com/nisl/venenatis/lacinia/aenean.js', 'Diferido', 70, 'http://dyndns.org/augue/quam/sollicitudin/vitae/consectetuer/eget/rutrum.xml', '', 'https://xrea.com/venenatis/lacinia/aenean.png', 0, 14),
(2, 'posuere metus vitae ipsum', '265862461-1', 'at lorem integer tincidunt ante vel ipsum praesent blandit lacinia erat vestibulum sed magna at nunc commodo placerat praesent blandit nam nulla integer pede justo', '2020-09-10', '2021-04-17', '14:16:51', '02:41:41', '2020-09-13', '2021-04-15', 'Google Meet', 4, 'Normativo', 'http://hexun.com/sed/justo/pellentesque/viverra/pede/ac/diam.xml', 'enVivo', 57, 'https://prnewswire.com/integer/aliquet/massa/id/lobortis.js', '', 'http://uiuc.edu/lobortis.json', 1, 10),
(3, 'quis turpis sed ante', '207073104-9', 'diam erat fermentum justo nec condimentum neque sapien placerat ante nulla justo aliquam quis turpis eget elit sodales scelerisque mauris sit', '2020-09-02', '2021-04-17', '17:47:06', '19:53:06', '2020-09-08', '2021-04-10', 'Microsoft Teams', 4, 'Normativo', 'https://cyberchimps.com/vel/dapibus.aspx', 'enVivo', 69, 'https://ucoz.com/cubilia/curae/duis/faucibus/accumsan/odio.jpg', '', 'http://uol.com.br/risus/auctor/sed/tristique/in/tempus/sit.json', 0, 13),
(4, 'blandit mi in porttitor', '396911901-4', 'vitae nisi nam ultrices libero non mattis pulvinar nulla pede ullamcorper augue a suscipit nulla elit ac nulla sed vel enim sit amet nunc viverra dapibus nulla', '2020-09-02', '2021-04-07', '21:04:24', '03:15:19', '2020-09-22', '2021-04-07', '', 4, 'Publico', 'http://psu.edu/iaculis/congue/vivamus/metus/arcu/adipiscing/molestie.jpg', 'enVivo', 60, 'https://go.com/nibh/quisque/id.jpg', '', 'https://e-recht24.de/amet/eleifend/pede/libero/quis/orci.js', 0, 10),
(5, 'proin risus praesent lectus', '334494693-5', 'eleifend luctus ultricies eu nibh quisque id justo sit amet sapien dignissim vestibulum vestibulum ante ipsum primis in faucibus orci luctus et ultrices posuere cubilia curae nulla', '2020-09-04', '2021-04-07', '00:25:04', '09:10:10', '2020-09-14', '2021-04-10', '', 3, 'Normativo', 'https://pen.io/sapien.json', 'Diferido', 0, 'https://weebly.com/mauris/eget/massa/tempor.json', '', 'http://soundcloud.com/accumsan/tellus/nisi/eu/orci/mauris/lacinia.xml', 0, 9),
(6, 'luctus et ultrices posuere', '467422960-X', 'amet justo morbi ut odio cras mi pede malesuada in imperdiet et commodo vulputate justo in blandit ultrices enim lorem ipsum dolor sit amet consectetuer adipiscing elit proin interdum', '2020-09-23', '2021-04-18', '19:00:03', '12:29:12', '2020-09-10', '2021-04-13', '', 1, 'Publico', 'http://bloglines.com/enim/sit/amet/nunc/viverra/dapibus/nulla.json', 'enVivo', 66, 'http://wordpress.com/in/est/risus.json', '', 'http://quantcast.com/libero/convallis/eget/eleifend/luctus/ultricies.html', 0, 4),
(7, 'habitasse platea dictumst morbi vestibulum', '339527945-6', 'interdum eu tincidunt in leo maecenas pulvinar lobortis est phasellus sit amet erat nulla tempus vivamus in felis eu sapien cursus vestibulum proin eu mi', '2020-09-28', '2021-04-07', '23:17:59', '21:28:18', '2020-09-14', '2021-04-08', 'Youtube', 3, 'Publico', 'http://de.vu/aliquam/sit/amet/diam/in/magna.js', 'enVivo', 60, 'http://microsoft.com/tempor/convallis.png', '', 'http://latimes.com/dolor/morbi/vel/lectus/in.aspx', 0, 8),
(8, 'in purus eu magna', '545436033-3', 'sapien ut nunc vestibulum ante ipsum primis in faucibus orci luctus et ultrices posuere cubilia curae mauris viverra diam vitae quam suspendisse potenti nullam', '2020-09-27', '2021-04-07', '16:31:15', '23:40:04', '2020-09-22', '2021-04-06', '', 3, 'Normativo', 'http://reverbnation.com/feugiat.html', 'enVivo', 45, 'https://cdbaby.com/sed/nisl/nunc/rhoncus.png', '', 'https://independent.co.uk/sapien/quis/libero/nullam/sit/amet.html', 0, 14),
(9, 'turpis integer aliquet massa id lobortis', '893449158-2', 'vestibulum vestibulum ante ipsum primis in faucibus orci luctus et ultrices posuere cubilia curae nulla dapibus dolor vel est donec odio', '2020-09-04', '2021-04-12', '10:32:46', '21:12:42', '2020-09-10', '2021-04-20', '', 3, 'Publico', 'https://linkedin.com/tellus/nulla/ut/erat/id/mauris.html', 'Diferido', 70, 'https://artisteer.com/erat/vestibulum/sed/magna.js', '', 'https://ow.ly/pellentesque.png', 0, 7),
(10, 'quam turpis adipiscing lorem vitae', '900377035-2', 'semper rutrum nulla nunc purus phasellus in felis donec semper sapien a libero nam dui proin leo odio porttitor id consequat', '2020-09-20', '2021-04-16', '11:15:01', '04:39:58', '2020-09-02', '2021-04-16', '', 4, 'Publico', 'http://facebook.com/dui.jpg', 'enVivo', 52, 'http://free.fr/curae/nulla/dapibus.jpg', '', 'http://paginegialle.it/nisl/duis/bibendum.jsp', 0, 10),
(11, 'aenean sit amet justo', '256747776-4', 'vestibulum sed magna at nunc commodo placerat praesent blandit nam nulla integer pede justo lacinia eget tincidunt', '2020-09-01', '2021-04-04', '15:55:43', '01:36:05', '2020-09-24', '2021-04-16', '', 2, 'Normativo', 'https://rambler.ru/suspendisse/potenti/nullam/porttitor/lacus/at/turpis.json', 'Diferido', 67, 'http://google.es/natoque/penatibus/et/magnis/dis/parturient/montes.jsp', '', 'https://hp.com/at/nibh/in/hac.js', 1, 2),
(12, 'cras pellentesque volutpat dui', '554455049-2', 'eleifend pede libero quis orci nullam molestie nibh in lectus pellentesque at nulla suspendisse potenti', '2020-09-02', '2021-04-14', '13:19:09', '18:25:39', '2020-09-03', '2021-04-14', '', 1, 'Publico', 'https://imgur.com/sit/amet/diam/in/magna/bibendum/imperdiet.html', 'enVivo', 0, 'https://artisteer.com/ligula/pellentesque/ultrices/phasellus.png', '', 'http://boston.com/nulla/suspendisse/potenti.json', 1, 9),
(13, 'eget congue eget semper', '956672314-8', 'convallis eget eleifend luctus ultricies eu nibh quisque id justo sit amet sapien dignissim vestibulum vestibulum ante ipsum primis in faucibus orci', '2020-09-12', '2021-04-18', '17:14:57', '11:04:57', '2020-09-18', '2021-04-05', '', 4, 'Normativo', 'http://mediafire.com/felis/sed/lacus/morbi/sem.js', 'Diferido', 52, 'https://imdb.com/justo/lacinia/eget/tincidunt/eget/tempus/vel.js', '', 'https://bbb.org/tortor/risus/dapibus/augue.xml', 0, 14),
(14, 'quam sollicitudin vitae consectetuer eget', '873345765-4', 'nulla eget eros elementum pellentesque quisque porta volutpat erat quisque erat eros viverra eget congue eget semper rutrum nulla nunc purus phasellus in', '2020-09-01', '2021-04-09', '08:40:04', '17:42:40', '2020-09-29', '2021-04-16', '', 4, 'Normativo', 'https://cbc.ca/vel/lectus/in/quam/fringilla/rhoncus.png', 'enVivo', 48, 'https://liveinternet.ru/vulputate/nonummy/maecenas/tincidunt/lacus.jsp', '', 'http://artisteer.com/et.html', 0, 14),
(15, 'vitae consectetuer eget rutrum at', '369251993-1', 'congue etiam justo etiam pretium iaculis justo in hac habitasse platea dictumst etiam faucibus cursus urna ut tellus nulla', '2020-09-08', '2021-04-13', '18:37:56', '22:28:44', '2020-09-12', '2021-04-09', 'Google Meet', 1, 'Normativo', 'https://usa.gov/suscipit/a/feugiat.html', 'enVivo', 53, 'https://pbs.org/sodales.png', '', 'http://apache.org/mus/etiam/vel/augue.jsp', 0, 8),
(16, 'euismod scelerisque quam turpis', '470097959-3', 'in imperdiet et commodo vulputate justo in blandit ultrices enim lorem ipsum dolor sit amet consectetuer adipiscing elit', '2020-09-12', '2021-04-16', '06:32:42', '07:53:28', '2020-09-17', '2021-04-08', 'Microsoft Teams', 1, 'Publico', 'https://google.es/justo/pellentesque/viverra/pede.html', 'Diferido', 67, 'http://wufoo.com/turpis.jsp', '', 'http://pbs.org/vitae/consectetuer/eget/rutrum/at.xml', 0, 14),
(17, 'aliquam sit amet diam', '675726178-2', 'vel lectus in quam fringilla rhoncus mauris enim leo rhoncus sed vestibulum sit amet cursus id turpis integer aliquet massa', '2020-09-23', '2021-04-18', '23:42:25', '13:18:22', '2020-09-18', '2021-04-20', 'Google Meet', 4, 'Publico', 'https://blogtalkradio.com/vitae/consectetuer/eget/rutrum/at/lorem.js', 'enVivo', 0, 'http://cbslocal.com/non/lectus.html', '', 'http://noaa.gov/elementum/pellentesque/quisque/porta.jsp', 1, 15),
(18, 'condimentum neque sapien placerat', '036173604-5', 'curae duis faucibus accumsan odio curabitur convallis duis consequat dui nec nisi volutpat eleifend donec ut dolor morbi', '2020-09-26', '2021-04-13', '15:05:30', '04:22:09', '2020-09-25', '2021-04-11', '', 3, 'Normativo', 'https://prlog.org/donec.aspx', 'enVivo', 67, 'https://quantcast.com/vel/nulla/eget/eros/elementum/pellentesque/quisque.xml', '', 'http://naver.com/a/feugiat/et/eros/vestibulum/ac/est.jpg', 1, 14),
(19, 'fermentum justo nec condimentum neque sapien', '777385579-X', 'viverra dapibus nulla suscipit ligula in lacus curabitur at ipsum ac tellus semper interdum mauris', '2020-09-28', '2021-04-15', '14:10:29', '22:22:12', '2020-09-08', '2021-04-15', '', 2, 'Publico', 'https://google.fr/id.jsp', 'enVivo', 57, 'http://sina.com.cn/eu/magna.aspx', '', 'http://feedburner.com/habitasse/platea/dictumst/aliquam/augue.xml', 1, 4),
(20, 'platea dictumst etiam faucibus', '565013070-1', 'id turpis integer aliquet massa id lobortis convallis tortor risus dapibus augue vel accumsan tellus nisi eu orci mauris lacinia sapien quis libero nullam sit amet', '2020-09-08', '2021-04-01', '10:24:43', '06:40:10', '2020-09-09', '2021-04-03', '', 4, 'Publico', 'http://dmoz.org/felis/fusce/posuere/felis.jsp', 'Diferido', 49, 'http://globo.com/et/tempus/semper/est/quam/pharetra.png', '', 'http://vistaprint.com/at/diam.aspx', 0, 11),
(21, 'dolor vel est donec odio justo', '108427478-7', 'lacinia erat vestibulum sed magna at nunc commodo placerat praesent blandit nam nulla integer pede justo lacinia eget tincidunt', '2020-09-03', '2021-04-05', '23:31:48', '01:17:19', '2020-09-09', '2021-04-08', '', 2, 'Publico', 'https://prweb.com/id/nulla/ultrices/aliquet/maecenas.xml', 'enVivo', 48, 'http://desdev.cn/donec.xml', '', 'http://examiner.com/ligula/vehicula/consequat/morbi.png', 0, 12),
(22, 'ac consequat metus sapien ut', '427704312-7', 'faucibus orci luctus et ultrices posuere cubilia curae duis faucibus accumsan odio curabitur convallis duis consequat dui', '2020-09-26', '2021-04-09', '20:10:33', '21:23:02', '2020-09-16', '2021-04-07', 'Microsoft Teams', 4, 'Normativo', 'http://behance.net/in/lacus/curabitur/at/ipsum/ac.jpg', 'Diferido', 51, 'http://imageshack.us/id/ligula/suspendisse.jpg', '', 'https://bluehost.com/vitae/nisl/aenean/lectus/pellentesque/eget.png', 0, 4),
(23, 'venenatis tristique fusce congue diam id', '796104440-X', 'consequat lectus in est risus auctor sed tristique in tempus sit amet sem fusce consequat nulla nisl nunc nisl duis bibendum felis sed interdum venenatis turpis enim blandit', '2020-09-12', '2021-04-03', '23:45:36', '01:30:16', '2020-09-20', '2021-04-13', '', 3, 'Publico', 'https://freewebs.com/vestibulum/sed/magna/at.html', 'Diferido', 56, 'https://phpbb.com/sed/lacus/morbi/sem/mauris/laoreet.xml', '', 'http://time.com/ut/rhoncus.html', 1, 3),
(24, 'sed tristique in tempus sit', '819217722-X', 'bibendum morbi non quam nec dui luctus rutrum nulla tellus in sagittis dui vel nisl duis', '2020-09-19', '2021-04-05', '18:07:34', '22:52:47', '2020-09-02', '2021-04-01', 'Google Meet', 2, 'Normativo', 'https://google.co.jp/quam/suspendisse/potenti/nullam.json', 'Diferido', 48, 'https://nymag.com/eget/eros/elementum/pellentesque/quisque/porta.jpg', '', 'http://altervista.org/quis/tortor/id.xml', 1, 1),
(25, 'ac tellus semper interdum mauris ullamcorper', '530109114-X', 'congue diam id ornare imperdiet sapien urna pretium nisl ut volutpat sapien arcu sed augue aliquam erat volutpat in congue etiam justo etiam pretium iaculis justo in hac habitasse platea', '2020-09-19', '2021-04-02', '15:01:51', '02:30:49', '2020-09-17', '2021-04-06', 'Microsoft Teams', 1, 'Normativo', 'https://businesswire.com/mauris.js', 'Diferido', 64, 'http://vimeo.com/non/interdum/in/ante/vestibulum/ante.xml', '', 'https://toplist.cz/pretium/iaculis/diam/erat.jpg', 1, 5),
(26, 'libero ut massa volutpat convallis', '659482679-4', 'ut blandit non interdum in ante vestibulum ante ipsum primis in faucibus orci luctus et ultrices posuere cubilia curae', '2020-09-19', '2021-04-04', '20:52:45', '19:33:34', '2020-09-09', '2021-04-20', 'Youtube', 1, 'Publico', 'http://deliciousdays.com/magna.jpg', 'Diferido', 0, 'http://sohu.com/volutpat.html', '', 'https://psu.edu/consequat/metus/sapien/ut/nunc/vestibulum/ante.html', 0, 9),
(27, 'ut ultrices vel augue', '191791550-0', 'turpis elementum ligula vehicula consequat morbi a ipsum integer a nibh in quis justo maecenas rhoncus aliquam lacus morbi quis tortor id nulla ultrices aliquet', '2020-09-20', '2021-04-04', '20:07:48', '05:18:18', '2020-09-01', '2021-04-16', '', 1, 'Publico', 'http://de.vu/et.json', 'enVivo', 57, 'http://nih.gov/varius/nulla/facilisi/cras/non.json', '', 'http://cargocollective.com/suspendisse/potenti.jsp', 0, 14),
(28, 'hac habitasse platea dictumst etiam faucibus', '419379707-4', 'nisl venenatis lacinia aenean sit amet justo morbi ut odio cras mi pede malesuada in imperdiet et commodo vulputate justo', '2020-09-26', '2021-04-19', '07:26:05', '20:20:22', '2020-09-14', '2021-04-19', 'Youtube', 4, 'Publico', 'https://blinklist.com/orci/luctus/et/ultrices/posuere.xml', 'enVivo', 51, 'https://jiathis.com/lobortis/ligula/sit/amet/eleifend/pede.jpg', '', 'https://prnewswire.com/amet/eros/suspendisse/accumsan.aspx', 0, 10),
(29, 'interdum in ante vestibulum ante ipsum', '381328456-5', 'ultrices posuere cubilia curae duis faucibus accumsan odio curabitur convallis duis consequat dui nec nisi volutpat eleifend donec ut dolor morbi', '2020-09-09', '2021-04-03', '12:51:57', '19:29:44', '2020-09-09', '2021-04-01', 'Microsoft Teams', 4, 'Publico', 'http://skype.com/in/faucibus.html', 'enVivo', 58, 'http://ft.com/in/tempus.js', '', 'http://house.gov/justo/in/hac/habitasse/platea.aspx', 1, 11),
(30, 'tincidunt eget tempus vel pede morbi', '268080585-2', 'egestas metus aenean fermentum donec ut mauris eget massa tempor convallis nulla neque libero convallis eget eleifend luctus ultricies eu nibh quisque id justo sit amet', '2020-09-10', '2021-04-15', '11:36:24', '04:21:12', '2020-09-25', '2021-04-03', 'Microsoft Teams', 4, 'Publico', 'http://networkadvertising.org/vivamus/in/felis/eu.jsp', 'enVivo', 51, 'http://cnbc.com/elit/ac/nulla/sed/vel.js', '', 'https://yandex.ru/mauris/non/ligula.jpg', 1, 2),
(31, 'nisl duis bibendum felis sed interdum', '179066486-1', 'blandit non interdum in ante vestibulum ante ipsum primis in faucibus orci luctus et ultrices posuere cubilia curae duis faucibus accumsan odio curabitur', '2020-09-25', '2021-04-10', '10:17:35', '21:19:26', '2020-09-27', '2021-04-14', 'Google Meet', 2, 'Normativo', 'http://columbia.edu/praesent/blandit/nam/nulla/integer.aspx', 'Diferido', 0, 'https://rambler.ru/consequat/morbi/a/ipsum/integer/a/nibh.js', '', 'http://live.com/quam/suspendisse/potenti/nullam/porttitor/lacus.aspx', 0, 15),
(32, 'adipiscing elit proin risus praesent lectus', '291390359-2', 'velit donec diam neque vestibulum eget vulputate ut ultrices vel augue vestibulum ante ipsum primis in faucibus orci luctus et ultrices posuere cubilia curae donec pharetra magna', '2020-09-18', '2021-04-06', '15:18:29', '10:52:41', '2020-09-13', '2021-04-10', 'Youtube', 1, 'Normativo', 'https://elpais.com/suspendisse/potenti/nullam/porttitor/lacus/at.js', 'enVivo', 52, 'http://smugmug.com/pretium/quis/lectus/suspendisse.xml', '', 'http://chicagotribune.com/eros/viverra/eget/congue/eget/semper.js', 0, 5),
(33, 'consequat lectus in est risus auctor', '804872365-4', 'vestibulum sit amet cursus id turpis integer aliquet massa id lobortis convallis tortor risus dapibus augue', '2020-09-09', '2021-04-12', '13:17:23', '12:38:15', '2020-09-21', '2021-04-01', '', 3, 'Normativo', 'https://yale.edu/est/et.html', 'Diferido', 60, 'https://tamu.edu/odio/porttitor/id/consequat/in.png', '', 'https://drupal.org/tortor/risus/dapibus/augue/vel/accumsan.xml', 0, 14),
(34, 'eleifend donec ut dolor', '479595747-9', 'molestie sed justo pellentesque viverra pede ac diam cras pellentesque volutpat dui maecenas tristique est et tempus semper est quam pharetra magna ac consequat', '2020-09-11', '2021-04-16', '20:32:53', '23:41:21', '2020-09-21', '2021-04-03', '', 2, 'Normativo', 'https://ow.ly/mus/vivamus/vestibulum/sagittis.html', 'enVivo', 66, 'https://unesco.org/amet/cursus/id.js', '', 'https://ucoz.ru/sed/sagittis.html', 1, 9),
(35, 'turpis a pede posuere nonummy', '863072473-0', 'justo nec condimentum neque sapien placerat ante nulla justo aliquam quis turpis eget elit sodales scelerisque mauris sit amet eros suspendisse accumsan tortor quis turpis sed', '2020-09-26', '2021-04-14', '15:49:55', '23:07:00', '2020-09-16', '2021-04-17', '', 4, 'Normativo', 'http://cbslocal.com/diam/nam/tristique/tortor/eu/pede.xml', 'enVivo', 59, 'http://ustream.tv/elementum/in.json', '', 'https://irs.gov/vulputate/elementum/nullam.aspx', 1, 7),
(36, 'iaculis diam erat fermentum justo nec', '609931480-6', 'interdum eu tincidunt in leo maecenas pulvinar lobortis est phasellus sit amet erat nulla tempus vivamus in felis eu sapien', '2020-09-19', '2021-04-11', '01:36:02', '13:58:21', '2020-09-21', '2021-04-11', 'Youtube', 1, 'Normativo', 'https://dot.gov/est/quam.js', 'Diferido', 54, 'https://redcross.org/posuere/metus/vitae/ipsum/aliquam/non.json', '', 'https://google.it/pellentesque/viverra/pede/ac/diam/cras/pellentesque.js', 1, 11),
(37, 'nunc commodo placerat praesent', '164506591-X', 'ante vivamus tortor duis mattis egestas metus aenean fermentum donec ut mauris eget massa tempor convallis nulla neque libero convallis eget eleifend luctus ultricies eu', '2020-09-28', '2021-04-16', '00:32:54', '15:03:51', '2020-09-05', '2021-04-15', 'Microsoft Teams', 1, 'Publico', 'https://hud.gov/rhoncus/aliquam.jpg', 'enVivo', 61, 'https://google.cn/sociis/natoque/penatibus/et.json', '', 'http://woothemes.com/quis/orci/eget/orci.jsp', 0, 11),
(38, 'sodales sed tincidunt eu felis fusce', '773921257-1', 'id nisl venenatis lacinia aenean sit amet justo morbi ut odio cras mi pede malesuada in imperdiet et commodo vulputate justo', '2020-09-24', '2021-04-13', '14:57:10', '06:38:54', '2020-09-18', '2021-04-08', '', 3, 'Normativo', 'http://google.pl/amet/turpis/elementum/ligula.png', 'Diferido', 55, 'https://constantcontact.com/a/suscipit.jsp', '', 'https://nymag.com/aliquet/maecenas/leo/odio/condimentum/id.html', 1, 11),
(39, 'nibh in quis justo maecenas', '517139214-5', 'quam pede lobortis ligula sit amet eleifend pede libero quis orci nullam molestie nibh in lectus pellentesque at nulla suspendisse potenti cras in', '2020-09-28', '2021-04-18', '16:25:07', '14:23:55', '2020-09-29', '2021-04-05', '', 1, 'Publico', 'http://globo.com/lacus/curabitur/at.html', 'enVivo', 46, 'https://friendfeed.com/at/dolor/quis/odio.jpg', '', 'http://ft.com/non/pretium/quis/lectus/suspendisse/potenti.aspx', 0, 13),
(40, 'eget tincidunt eget tempus vel', '252642177-2', 'vulputate vitae nisl aenean lectus pellentesque eget nunc donec quis orci eget orci vehicula condimentum curabitur in libero ut massa volutpat convallis morbi odio odio elementum eu interdum eu tincidunt', '2020-09-02', '2021-04-01', '17:08:20', '05:24:24', '2020-09-03', '2021-04-04', '', 2, 'Publico', 'https://tumblr.com/habitasse/platea/dictumst/etiam.png', 'enVivo', 47, 'https://newsvine.com/ipsum/aliquam/non/mauris/morbi/non.xml', '', 'http://nasa.gov/eget.js', 1, 6),
(41, 'vel est donec odio justo sollicitudin', '587631539-7', 'lorem vitae mattis nibh ligula nec sem duis aliquam convallis nunc proin at turpis a', '2020-09-11', '2021-04-19', '01:49:19', '00:59:45', '2020-09-12', '2021-04-04', 'Google Meet', 1, 'Publico', 'https://opensource.org/convallis.png', 'enVivo', 69, 'http://trellian.com/pellentesque/volutpat/dui/maecenas/tristique/est/et.xml', '', 'http://sina.com.cn/rutrum/nulla/nunc/purus.jsp', 1, 7),
(42, 'mauris viverra diam vitae quam suspendisse', '186575310-6', 'hac habitasse platea dictumst etiam faucibus cursus urna ut tellus nulla ut erat id mauris vulputate elementum', '2020-09-26', '2021-04-14', '14:01:21', '13:16:42', '2020-09-13', '2021-04-05', '', 3, 'Normativo', 'https://seesaa.net/consequat/metus/sapien/ut/nunc/vestibulum.js', 'enVivo', 62, 'https://weibo.com/morbi/vestibulum/velit/id/pretium/iaculis.html', '', 'http://mtv.com/tortor/quis.json', 1, 1),
(43, 'vulputate nonummy maecenas tincidunt lacus', '145535423-6', 'enim blandit mi in porttitor pede justo eu massa donec dapibus duis at velit eu est congue elementum', '2020-09-13', '2021-04-05', '12:24:05', '19:19:45', '2020-09-29', '2021-04-03', 'Youtube', 3, 'Publico', 'https://toplist.cz/interdum/mauris.aspx', 'enVivo', 48, 'https://apple.com/praesent/blandit/lacinia.js', '', 'https://smh.com.au/dolor/sit/amet/consectetuer/adipiscing.jpg', 1, 3),
(44, 'pretium quis lectus suspendisse', '105893104-0', 'ornare imperdiet sapien urna pretium nisl ut volutpat sapien arcu sed augue aliquam erat volutpat in congue etiam justo etiam pretium iaculis justo in hac habitasse platea dictumst etiam faucibus', '2020-09-02', '2021-04-09', '11:31:23', '03:51:59', '2020-09-26', '2021-04-12', '', 2, 'Publico', 'https://latimes.com/venenatis/tristique/fusce.xml', 'enVivo', 52, 'http://house.gov/porttitor/id/consequat/in/consequat/ut/nulla.js', '', 'http://newyorker.com/consequat/varius/integer/ac.js', 1, 2),
(45, 'cubilia curae nulla dapibus dolor vel', '045745315-X', 'cum sociis natoque penatibus et magnis dis parturient montes nascetur ridiculus mus etiam vel augue vestibulum rutrum rutrum neque aenean auctor gravida', '2020-09-10', '2021-04-13', '23:43:53', '21:48:34', '2020-09-02', '2021-04-06', '', 3, 'Publico', 'https://mysql.com/donec/quis/orci/eget.html', 'Diferido', 67, 'https://ask.com/eget/semper/rutrum/nulla/nunc/purus/phasellus.aspx', '', 'http://unesco.org/nec.jpg', 1, 1),
(46, 'nulla sed vel enim sit', '832488714-8', 'volutpat erat quisque erat eros viverra eget congue eget semper rutrum nulla nunc purus phasellus in felis donec semper', '2020-09-29', '2021-04-05', '00:29:29', '05:05:03', '2020-09-11', '2021-04-20', '', 4, 'Publico', 'https://networkadvertising.org/ullamcorper/augue/a/suscipit/nulla/elit.aspx', 'Diferido', 52, 'https://cbslocal.com/eget/tempus/vel/pede/morbi.xml', '', 'https://ning.com/vel.jpg', 0, 2),
(47, 'convallis nulla neque libero', '586670431-5', 'pulvinar nulla pede ullamcorper augue a suscipit nulla elit ac nulla sed vel enim sit amet nunc viverra dapibus nulla suscipit ligula in lacus curabitur at ipsum', '2020-09-11', '2021-04-06', '10:36:14', '22:01:55', '2020-09-21', '2021-04-12', 'Youtube', 2, 'Publico', 'https://cdc.gov/ligula/nec.png', 'enVivo', 69, 'https://networksolutions.com/lobortis/ligula.xml', '', 'http://icio.us/proin/interdum/mauris.aspx', 0, 11),
(48, 'mauris eget massa tempor convallis nulla', '791975719-3', 'sociis natoque penatibus et magnis dis parturient montes nascetur ridiculus mus vivamus vestibulum sagittis sapien cum sociis natoque penatibus et magnis dis parturient montes nascetur ridiculus mus etiam vel', '2020-09-10', '2021-04-15', '18:59:19', '00:23:38', '2020-09-03', '2021-04-01', 'Microsoft Teams', 4, 'Normativo', 'https://google.ru/nunc/proin/at/turpis/a.jsp', 'Diferido', 55, 'http://ovh.net/suspendisse/potenti.jsp', '', 'https://ning.com/elit/proin/interdum/mauris.json', 0, 10),
(49, 'ut erat curabitur gravida nisi at', '750979081-6', 'nisl nunc nisl duis bibendum felis sed interdum venenatis turpis enim blandit mi in porttitor pede justo eu massa donec dapibus duis at velit eu est congue elementum in', '2020-09-05', '2021-04-14', '09:55:12', '08:28:10', '2020-09-02', '2021-04-08', 'Google Meet', 2, 'Normativo', 'https://usnews.com/in/tempor/turpis.xml', 'Diferido', 59, 'https://people.com.cn/suscipit.png', '', 'http://marriott.com/aenean/fermentum/donec/ut/mauris.json', 1, 5),
(50, 'id justo sit amet', '294839440-6', 'urna pretium nisl ut volutpat sapien arcu sed augue aliquam erat volutpat in congue etiam justo etiam pretium iaculis justo in hac', '2020-09-14', '2021-04-04', '12:12:37', '18:32:58', '2020-09-17', '2021-04-05', '', 2, 'Publico', 'http://gizmodo.com/sodales.jsp', 'Diferido', 48, 'https://europa.eu/tellus/in/sagittis/dui/vel/nisl/duis.png', '', 'https://vkontakte.ru/faucibus/orci.xml', 1, 6),
(51, 'duis ac nibh fusce lacus purus', '557227126-8', 'luctus cum sociis natoque penatibus et magnis dis parturient montes nascetur ridiculus mus vivamus vestibulum sagittis sapien cum sociis natoque penatibus et magnis dis parturient montes', '2020-09-07', '2021-04-10', '16:56:50', '08:42:44', '2020-09-06', '2021-04-08', '', 1, 'Publico', 'https://stumbleupon.com/nec/condimentum/neque/sapien.aspx', 'enVivo', 55, 'https://theatlantic.com/ultrices/erat/tortor/sollicitudin/mi/sit/amet.png', '', 'https://slashdot.org/quis.json', 0, 10),
(52, 'libero ut massa volutpat convallis morbi', '243947467-3', 'feugiat et eros vestibulum ac est lacinia nisi venenatis tristique fusce congue diam id ornare imperdiet sapien urna pretium nisl ut volutpat sapien arcu', '2020-09-20', '2021-04-05', '03:58:09', '06:03:34', '2020-09-24', '2021-04-15', '', 4, 'Normativo', 'http://amazon.de/penatibus/et.aspx', 'Diferido', 53, 'http://wikia.com/pede/justo/lacinia/eget/tincidunt/eget.jpg', '', 'http://sciencedaily.com/sapien/placerat/ante/nulla/justo/aliquam.jsp', 0, 1),
(53, 'ornare imperdiet sapien urna pretium nisl', '093106872-X', 'sed augue aliquam erat volutpat in congue etiam justo etiam pretium iaculis justo in hac habitasse platea dictumst etiam faucibus cursus urna ut tellus nulla', '2020-09-24', '2021-04-19', '20:38:16', '04:06:28', '2020-09-27', '2021-04-20', '', 2, 'Normativo', 'http://prlog.org/morbi/odio/odio/elementum/eu.png', 'enVivo', 51, 'https://mayoclinic.com/lorem/quisque/ut/erat/curabitur/gravida.jsp', '', 'http://wikispaces.com/condimentum/id/luctus.html', 1, 5),
(54, 'consequat metus sapien ut', '998813086-4', 'etiam faucibus cursus urna ut tellus nulla ut erat id mauris vulputate elementum nullam varius nulla facilisi cras non velit nec nisi vulputate nonummy maecenas', '2020-09-24', '2021-04-06', '00:05:41', '14:11:07', '2020-09-10', '2021-04-20', '', 1, 'Normativo', 'http://wisc.edu/suspendisse/accumsan/tortor/quis/turpis/sed/ante.html', 'Diferido', 59, 'https://weebly.com/dictumst/morbi/vestibulum/velit/id/pretium/iaculis.js', '', 'https://virginia.edu/volutpat/erat.jsp', 1, 3),
(55, 'duis bibendum morbi non quam nec', '281351956-1', 'in hac habitasse platea dictumst morbi vestibulum velit id pretium iaculis diam erat fermentum justo nec condimentum neque sapien placerat ante nulla justo aliquam quis turpis eget elit sodales', '2020-09-05', '2021-04-11', '09:40:41', '11:11:50', '2020-09-13', '2021-04-01', '', 4, 'Publico', 'https://bbb.org/platea/dictumst/morbi/vestibulum/velit/id/pretium.js', 'Diferido', 59, 'https://sourceforge.net/quam/nec/dui/luctus.png', '', 'http://irs.gov/est/lacinia/nisi/venenatis.aspx', 1, 8),
(56, 'consectetuer adipiscing elit proin', '156447236-1', 'sed tincidunt eu felis fusce posuere felis sed lacus morbi sem mauris laoreet ut rhoncus aliquet pulvinar sed nisl nunc rhoncus dui', '2020-09-20', '2021-04-08', '21:43:25', '09:50:04', '2020-09-22', '2021-04-16', '', 3, 'Normativo', 'https://icq.com/tellus/semper.js', 'Diferido', 64, 'https://alibaba.com/eu/mi/nulla/ac/enim/in/tempor.jsp', '', 'http://icq.com/turpis/integer.json', 1, 15),
(57, 'in purus eu magna vulputate luctus', '687895195-X', 'porttitor pede justo eu massa donec dapibus duis at velit eu est congue elementum in hac habitasse platea dictumst', '2020-09-28', '2021-04-18', '13:47:21', '07:21:16', '2020-09-16', '2021-04-06', 'Youtube', 2, 'Publico', 'https://over-blog.com/leo/odio.jsp', 'enVivo', 47, 'https://skyrock.com/nisi/volutpat/eleifend.jpg', '', 'https://arstechnica.com/morbi/vel/lectus/in/quam/fringilla/rhoncus.png', 1, 13),
(58, 'pellentesque eget nunc donec', '843424895-6', 'hac habitasse platea dictumst maecenas ut massa quis augue luctus tincidunt nulla mollis molestie lorem quisque ut erat curabitur gravida nisi at nibh in hac habitasse', '2020-09-21', '2021-04-04', '09:23:02', '17:58:55', '2020-09-17', '2021-04-12', '', 2, 'Normativo', 'http://clickbank.net/porttitor/id/consequat/in/consequat/ut.jsp', 'Diferido', 53, 'http://hc360.com/magna/ac/consequat/metus/sapien/ut.aspx', '', 'http://moonfruit.com/etiam/faucibus/cursus/urna/ut/tellus/nulla.jpg', 0, 11),
(59, 'eget semper rutrum nulla', '439766816-7', 'sit amet eleifend pede libero quis orci nullam molestie nibh in lectus pellentesque at nulla suspendisse potenti cras in purus eu magna vulputate luctus cum sociis natoque', '2020-09-25', '2021-04-04', '05:53:27', '00:26:22', '2020-09-25', '2021-04-11', 'Microsoft Teams', 1, 'Normativo', 'https://ed.gov/et/tempus/semper/est.jpg', 'enVivo', 60, 'https://behance.net/proin/leo.aspx', '', 'https://house.gov/imperdiet/sapien/urna/pretium.js', 1, 9),
(60, 'imperdiet sapien urna pretium nisl', '911446977-4', 'nulla nunc purus phasellus in felis donec semper sapien a libero nam dui proin leo odio porttitor id consequat in consequat ut nulla sed accumsan felis ut', '2020-09-21', '2021-04-20', '15:09:03', '03:47:33', '2020-09-10', '2021-04-02', 'Microsoft Teams', 1, 'Publico', 'http://sourceforge.net/fusce/posuere.xml', 'enVivo', 66, 'http://etsy.com/feugiat/et.js', '', 'http://gmpg.org/quis/justo/maecenas.js', 1, 6),
(61, 'morbi quis tortor id', '972514887-8', 'ut nunc vestibulum ante ipsum primis in faucibus orci luctus et ultrices posuere cubilia curae mauris viverra diam', '2020-09-24', '2021-04-02', '13:14:43', '15:49:17', '2020-09-26', '2021-04-16', 'Youtube', 1, 'Publico', 'http://jiathis.com/eget/semper.xml', 'Diferido', 64, 'http://illinois.edu/in/eleifend/quam/a/odio/in.jsp', '', 'https://sourceforge.net/eleifend/luctus/ultricies/eu.png', 0, 2),
(62, 'elit proin interdum mauris non ligula', '274000951-8', 'quam pede lobortis ligula sit amet eleifend pede libero quis orci nullam molestie nibh in lectus pellentesque at nulla suspendisse potenti cras', '2020-09-27', '2021-04-13', '00:16:17', '03:28:22', '2020-09-17', '2021-04-10', '', 2, 'Normativo', 'http://over-blog.com/pulvinar/lobortis/est/phasellus.png', 'Diferido', 69, 'https://pagesperso-orange.fr/nisl/venenatis/lacinia/aenean/sit.aspx', '', 'http://sfgate.com/ultrices/posuere/cubilia.png', 1, 8),
(63, 'mauris enim leo rhoncus', '533633953-9', 'blandit lacinia erat vestibulum sed magna at nunc commodo placerat praesent blandit nam nulla integer pede justo lacinia eget tincidunt eget tempus vel pede morbi porttitor lorem id ligula suspendisse', '2020-09-24', '2021-04-07', '10:13:31', '12:33:14', '2020-09-23', '2021-04-18', '', 3, 'Publico', 'http://digg.com/vestibulum/proin/eu.jsp', 'Diferido', 54, 'http://springer.com/magna/vestibulum/aliquet/ultrices.jpg', '', 'https://dailymotion.com/cras/in.png', 1, 8),
(64, 'semper porta volutpat quam', '893676460-8', 'purus eu magna vulputate luctus cum sociis natoque penatibus et magnis dis parturient montes nascetur ridiculus mus vivamus vestibulum sagittis sapien cum sociis natoque penatibus et magnis dis parturient montes', '2020-09-09', '2021-04-19', '14:30:57', '22:45:32', '2020-09-15', '2021-04-11', '', 3, 'Normativo', 'http://intel.com/morbi/vestibulum/velit/id/pretium.jsp', 'enVivo', 56, 'http://biglobe.ne.jp/non/mi/integer/ac/neque.jpg', '', 'http://ask.com/sed/lacus/morbi/sem/mauris/laoreet/ut.png', 0, 11),
(65, 'iaculis congue vivamus metus arcu', '625072610-1', 'accumsan felis ut at dolor quis odio consequat varius integer ac leo pellentesque ultrices mattis odio donec vitae nisi nam ultrices libero non mattis pulvinar nulla pede', '2020-09-24', '2021-04-05', '21:19:36', '15:21:36', '2020-09-12', '2021-04-15', '', 2, 'Publico', 'https://163.com/est/quam.png', 'enVivo', 45, 'https://cmu.edu/vel.aspx', '', 'http://dyndns.org/tristique.html', 0, 6),
(66, 'curabitur in libero ut massa volutpat', '374391062-4', 'tortor id nulla ultrices aliquet maecenas leo odio condimentum id luctus nec molestie sed justo pellentesque viverra', '2020-09-21', '2021-04-18', '00:58:00', '02:50:24', '2020-09-18', '2021-04-16', 'Youtube', 3, 'Publico', 'https://barnesandnoble.com/dignissim/vestibulum.js', 'Diferido', 63, 'http://ycombinator.com/sed/nisl/nunc.png', '', 'https://imgur.com/nulla/justo/aliquam/quis/turpis/eget.jsp', 0, 4),
(67, 'ac neque duis bibendum morbi non', '706008423-1', 'massa id lobortis convallis tortor risus dapibus augue vel accumsan tellus nisi eu orci mauris lacinia sapien', '2020-09-04', '2021-04-20', '01:45:06', '14:57:57', '2020-09-23', '2021-04-03', '', 3, 'Publico', 'https://soup.io/sed/vel/enim/sit/amet/nunc.xml', 'Diferido', 68, 'https://wordpress.com/at/vulputate/vitae/nisl/aenean.xml', '', 'https://vistaprint.com/vestibulum/ante/ipsum/primis/in/faucibus.xml', 1, 3),
(68, 'hac habitasse platea dictumst maecenas', '461826615-5', 'elit proin risus praesent lectus vestibulum quam sapien varius ut blandit non interdum in ante vestibulum ante ipsum primis in faucibus', '2020-09-23', '2021-04-01', '15:23:41', '15:57:25', '2020-09-22', '2021-04-09', '', 1, 'Normativo', 'https://soup.io/hendrerit/at/vulputate.jpg', 'Diferido', 63, 'http://gizmodo.com/rutrum.png', '', 'https://tripadvisor.com/elementum/nullam.html', 1, 14),
(69, 'sem sed sagittis nam congue risus', '095135195-8', 'parturient montes nascetur ridiculus mus vivamus vestibulum sagittis sapien cum sociis natoque penatibus et magnis dis parturient montes nascetur ridiculus mus', '2020-09-25', '2021-04-14', '05:07:28', '04:18:41', '2020-09-28', '2021-04-20', 'Youtube', 4, 'Normativo', 'https://blog.com/nisi.jpg', 'enVivo', 52, 'http://blogs.com/ornare/imperdiet/sapien/urna/pretium.aspx', '', 'http://tamu.edu/hac/habitasse/platea.json', 1, 14),
(70, 'tincidunt nulla mollis molestie', '575870516-0', 'blandit mi in porttitor pede justo eu massa donec dapibus duis at velit eu est congue elementum in hac habitasse platea dictumst morbi vestibulum velit id pretium', '2020-09-05', '2021-04-09', '01:07:35', '00:29:14', '2020-09-13', '2021-04-06', 'Google Meet', 4, 'Publico', 'https://washington.edu/quam/pharetra/magna/ac/consequat/metus/sapien.jsp', 'enVivo', 0, 'https://smugmug.com/proin/eu/mi/nulla.png', '', 'https://psu.edu/ligula/pellentesque/ultrices/phasellus.xml', 0, 11),
(71, 'volutpat eleifend donec ut dolor morbi', '098604143-2', 'quisque ut erat curabitur gravida nisi at nibh in hac habitasse platea dictumst aliquam augue quam', '2020-09-29', '2021-04-19', '23:45:46', '06:37:21', '2020-09-04', '2021-04-20', 'Youtube', 1, 'Publico', 'http://altervista.org/porttitor/lacus/at/turpis/donec/posuere.jsp', 'Diferido', 60, 'http://sogou.com/lacus/at/velit/vivamus/vel/nulla/eget.aspx', '', 'https://yolasite.com/dis.xml', 1, 4),
(72, 'morbi sem mauris laoreet ut', '885814184-9', 'massa quis augue luctus tincidunt nulla mollis molestie lorem quisque ut erat curabitur gravida nisi at nibh in hac habitasse platea dictumst aliquam augue quam sollicitudin vitae consectetuer', '2020-09-28', '2021-04-01', '20:33:06', '00:02:44', '2020-09-05', '2021-04-14', 'Youtube', 4, 'Publico', 'http://liveinternet.ru/lacinia.json', 'Diferido', 64, 'https://webnode.com/commodo/placerat/praesent/blandit/nam.png', '', 'http://booking.com/viverra/eget/congue.jsp', 0, 15),
(73, 'amet justo morbi ut', '073290211-8', 'at vulputate vitae nisl aenean lectus pellentesque eget nunc donec quis orci eget orci vehicula condimentum curabitur in libero ut massa', '2020-09-09', '2021-04-19', '18:45:53', '00:46:34', '2020-09-19', '2021-04-02', '', 2, 'Normativo', 'http://va.gov/turpis/donec/posuere/metus/vitae.jsp', 'Diferido', 0, 'https://tinyurl.com/rhoncus/sed/vestibulum.jpg', '', 'https://xrea.com/leo/rhoncus/sed/vestibulum/sit.jsp', 0, 7),
(74, 'tortor id nulla ultrices', '580179248-1', 'nec sem duis aliquam convallis nunc proin at turpis a pede posuere nonummy integer non velit donec diam neque vestibulum eget vulputate ut ultrices vel augue vestibulum ante', '2020-09-02', '2021-04-11', '05:12:05', '17:44:29', '2020-09-03', '2021-04-08', '', 3, 'Normativo', 'http://ox.ac.uk/ac/leo.jpg', 'enVivo', 58, 'https://com.com/blandit/ultrices/enim.json', '', 'https://pinterest.com/sapien/dignissim/vestibulum/vestibulum.jsp', 1, 9),
(75, 'duis ac nibh fusce lacus', '716478971-1', 'at nulla suspendisse potenti cras in purus eu magna vulputate luctus cum sociis natoque penatibus et magnis dis parturient montes nascetur ridiculus', '2020-09-03', '2021-04-03', '12:14:32', '05:06:37', '2020-09-07', '2021-04-12', '', 4, 'Publico', 'https://squarespace.com/libero/quis/orci/nullam/molestie.json', 'Diferido', 64, 'http://skype.com/erat/id/mauris/vulputate/elementum.aspx', '', 'https://oaic.gov.au/aliquet/pulvinar/sed/nisl/nunc/rhoncus.png', 1, 4),
(76, 'lobortis est phasellus sit amet', '093159610-6', 'elementum pellentesque quisque porta volutpat erat quisque erat eros viverra eget congue eget semper rutrum nulla nunc purus phasellus in felis donec semper sapien a libero', '2020-09-07', '2021-04-06', '01:54:13', '13:09:06', '2020-09-12', '2021-04-17', 'Youtube', 3, 'Normativo', 'http://hubpages.com/nisi/at.jpg', 'enVivo', 56, 'https://sun.com/ultrices/aliquet/maecenas/leo.jsp', '', 'http://g.co/justo/sollicitudin/ut/suscipit.xml', 0, 6),
(77, 'ante vel ipsum praesent blandit lacinia', '563127995-9', 'erat eros viverra eget congue eget semper rutrum nulla nunc purus phasellus in felis donec semper sapien a libero nam dui', '2020-09-08', '2021-04-01', '20:47:58', '18:03:26', '2020-09-25', '2021-04-12', '', 4, 'Normativo', 'https://google.ca/eu/tincidunt.aspx', 'Diferido', 46, 'http://cafepress.com/dolor/vel/est/donec/odio.xml', '', 'http://bbb.org/ante.html', 1, 5),
(78, 'elementum nullam varius nulla facilisi', '516274435-2', 'quisque ut erat curabitur gravida nisi at nibh in hac habitasse platea dictumst aliquam augue quam sollicitudin vitae consectetuer eget rutrum at lorem', '2020-09-29', '2021-04-06', '07:04:29', '10:03:22', '2020-09-28', '2021-04-18', '', 3, 'Normativo', 'http://china.com.cn/tristique/fusce/congue.aspx', 'Diferido', 62, 'http://vinaora.com/ultrices/posuere/cubilia/curae.jsp', '', 'http://123-reg.co.uk/lectus/in/quam/fringilla/rhoncus.html', 1, 8),
(79, 'diam id ornare imperdiet sapien urna', '024823545-1', 'nulla nunc purus phasellus in felis donec semper sapien a libero nam dui proin leo odio porttitor id consequat', '2020-09-16', '2021-04-17', '04:57:18', '15:05:26', '2020-09-18', '2021-04-11', 'Youtube', 2, 'Normativo', 'https://etsy.com/fusce/consequat.aspx', 'Diferido', 58, 'https://paypal.com/ante/ipsum/primis/in/faucibus/orci.png', '', 'https://amazon.co.jp/odio/elementum/eu/interdum/eu/tincidunt.js', 1, 1),
(80, 'nulla facilisi cras non', '279134048-3', 'eu tincidunt in leo maecenas pulvinar lobortis est phasellus sit amet erat nulla tempus vivamus in felis eu sapien cursus vestibulum proin eu mi', '2020-09-16', '2021-04-13', '00:38:35', '17:51:09', '2020-09-19', '2021-04-14', '', 3, 'Publico', 'http://hugedomains.com/et/ultrices.html', 'enVivo', 67, 'http://list-manage.com/neque/vestibulum/eget/vulputate.jsp', '', 'https://amazon.de/mi.jsp', 1, 8),
(81, 'ultrices mattis odio donec vitae nisi', '433282529-2', 'porta volutpat erat quisque erat eros viverra eget congue eget semper rutrum nulla nunc purus phasellus in felis donec semper sapien a', '2020-09-28', '2021-04-15', '02:27:16', '02:33:53', '2020-09-26', '2021-04-08', '', 2, 'Normativo', 'http://home.pl/justo/eu/massa/donec.json', 'enVivo', 52, 'http://huffingtonpost.com/posuere/cubilia/curae/nulla/dapibus/dolor/vel.png', '', 'https://ox.ac.uk/in.aspx', 0, 8),
(82, 'platea dictumst maecenas ut massa', '550617210-9', 'dictumst maecenas ut massa quis augue luctus tincidunt nulla mollis molestie lorem quisque ut erat curabitur gravida nisi at', '2020-09-12', '2021-04-03', '15:04:25', '13:45:53', '2020-09-04', '2021-04-10', 'Youtube', 4, 'Publico', 'https://toplist.cz/in/tempor/turpis.xml', 'Diferido', 47, 'https://reverbnation.com/mauris/non/ligula.jsp', '', 'http://harvard.edu/faucibus/orci/luctus/et.js', 0, 13),
(83, 'sit amet sem fusce consequat', '076925776-3', 'sagittis sapien cum sociis natoque penatibus et magnis dis parturient montes nascetur ridiculus mus etiam vel augue vestibulum rutrum rutrum neque aenean', '2020-09-14', '2021-04-14', '23:23:04', '11:34:35', '2020-09-19', '2021-04-13', 'Youtube', 2, 'Publico', 'https://theguardian.com/mauris/sit/amet.json', 'Diferido', 68, 'https://nasa.gov/in/imperdiet/et.xml', '', 'https://4shared.com/integer/tincidunt/ante.js', 1, 10),
(84, 'turpis nec euismod scelerisque quam turpis', '489470039-5', 'augue vestibulum ante ipsum primis in faucibus orci luctus et ultrices posuere cubilia curae donec pharetra magna vestibulum aliquet', '2020-09-27', '2021-04-02', '06:39:43', '04:11:03', '2020-09-14', '2021-04-08', '', 4, 'Normativo', 'http://nba.com/augue.json', 'Diferido', 63, 'http://vkontakte.ru/nulla.jpg', '', 'http://nature.com/penatibus/et/magnis/dis/parturient/montes.jsp', 1, 1),
(85, 'quam pede lobortis ligula', '874061415-8', 'morbi vestibulum velit id pretium iaculis diam erat fermentum justo nec condimentum neque sapien placerat', '2020-09-15', '2021-04-10', '13:32:55', '04:04:02', '2020-09-18', '2021-04-01', 'Microsoft Teams', 1, 'Publico', 'https://redcross.org/fringilla/rhoncus/mauris/enim.jpg', 'Diferido', 58, 'https://google.com.br/cras/in.jsp', '', 'https://eventbrite.com/aliquet.jsp', 0, 9),
(86, 'lectus vestibulum quam sapien varius ut', '466799671-4', 'nulla neque libero convallis eget eleifend luctus ultricies eu nibh quisque id justo sit amet sapien dignissim vestibulum vestibulum ante ipsum', '2020-09-12', '2021-04-20', '07:54:49', '15:13:39', '2020-09-20', '2021-04-19', 'Microsoft Teams', 1, 'Publico', 'http://craigslist.org/integer/non/velit/donec/diam.html', 'Diferido', 55, 'https://ning.com/rutrum/at/lorem/integer/tincidunt/ante.html', '', 'https://artisteer.com/in/lectus/pellentesque/at/nulla/suspendisse/potenti.html', 1, 4),
(87, 'elementum pellentesque quisque porta volutpat', '978822653-1', 'at turpis a pede posuere nonummy integer non velit donec diam neque vestibulum eget vulputate ut ultrices vel augue vestibulum ante ipsum primis', '2020-09-13', '2021-04-18', '09:58:20', '18:05:49', '2020-09-24', '2021-04-16', 'Google Meet', 4, 'Publico', 'https://wikia.com/lectus/pellentesque.js', 'Diferido', 68, 'http://topsy.com/massa/donec/dapibus.jpg', '', 'http://1und1.de/nec.xml', 0, 11),
(88, 'luctus et ultrices posuere', '553538645-6', 'at velit vivamus vel nulla eget eros elementum pellentesque quisque porta volutpat erat quisque erat eros viverra eget congue eget semper rutrum nulla nunc purus', '2020-09-09', '2021-04-01', '07:01:21', '10:18:14', '2020-09-10', '2021-04-18', '', 4, 'Publico', 'http://yale.edu/ante/ipsum/primis.json', 'Diferido', 53, 'https://ted.com/at/nunc/commodo/placerat.json', '', 'https://columbia.edu/gravida/sem/praesent/id/massa/id.png', 1, 10),
(89, 'nisi venenatis tristique fusce congue diam', '943107090-1', 'et ultrices posuere cubilia curae mauris viverra diam vitae quam suspendisse potenti nullam porttitor lacus at turpis donec posuere metus', '2020-09-08', '2021-04-12', '04:57:56', '12:16:48', '2020-09-23', '2021-04-06', '', 3, 'Publico', 'http://alexa.com/massa/quis/augue/luctus/tincidunt/nulla.html', 'Diferido', 55, 'https://yelp.com/odio/cras.js', '', 'https://mozilla.com/felis/donec/semper/sapien/a/libero/nam.png', 1, 2),
(90, 'dolor vel est donec', '654177967-8', 'in imperdiet et commodo vulputate justo in blandit ultrices enim lorem ipsum dolor sit amet', '2020-09-08', '2021-04-05', '02:31:36', '15:53:46', '2020-09-07', '2021-04-17', 'Youtube', 2, 'Normativo', 'https://bandcamp.com/posuere/metus/vitae/ipsum/aliquam/non/mauris.aspx', 'Diferido', 48, 'http://xinhuanet.com/congue/risus/semper/porta/volutpat/quam.json', '', 'http://alexa.com/vestibulum.jpg', 1, 10),
(91, 'parturient montes nascetur ridiculus mus', '489884347-6', 'proin risus praesent lectus vestibulum quam sapien varius ut blandit non interdum in ante vestibulum ante ipsum primis in faucibus', '2020-09-28', '2021-04-19', '12:49:04', '19:54:50', '2020-09-12', '2021-04-18', 'Google Meet', 1, 'Normativo', 'https://wikimedia.org/maecenas/ut/massa/quis/augue/luctus/tincidunt.js', 'enVivo', 52, 'https://github.com/elementum/in.png', '', 'https://moonfruit.com/viverra/dapibus/nulla.png', 0, 13),
(92, 'id ornare imperdiet sapien', '647727899-5', 'eget massa tempor convallis nulla neque libero convallis eget eleifend luctus ultricies eu nibh quisque', '2020-09-25', '2021-04-10', '18:59:44', '12:46:07', '2020-09-28', '2021-04-17', '', 2, 'Normativo', 'http://sciencedaily.com/morbi.json', 'Diferido', 66, 'http://ox.ac.uk/risus.png', '', 'http://ft.com/a/ipsum/integer.png', 0, 15),
(93, 'libero quis orci nullam molestie nibh', '644246310-9', 'non quam nec dui luctus rutrum nulla tellus in sagittis dui vel nisl duis ac nibh fusce lacus purus aliquet at feugiat', '2020-09-26', '2021-04-06', '12:21:39', '05:05:20', '2020-09-14', '2021-04-16', '', 3, 'Publico', 'http://woothemes.com/velit/vivamus.jsp', 'enVivo', 67, 'https://biglobe.ne.jp/curae/mauris/viverra/diam.jsp', '', 'https://trellian.com/luctus/rutrum/nulla/tellus.json', 1, 15),
(94, 'lorem ipsum dolor sit amet consectetuer', '690524841-X', 'eget semper rutrum nulla nunc purus phasellus in felis donec semper sapien a libero nam dui proin leo odio porttitor id consequat in consequat ut nulla sed accumsan', '2020-09-06', '2021-04-10', '22:34:36', '06:50:28', '2020-09-23', '2021-04-15', 'Microsoft Teams', 1, 'Normativo', 'http://tumblr.com/ultrices/erat/tortor/sollicitudin/mi/sit/amet.aspx', 'Diferido', 54, 'http://macromedia.com/neque/vestibulum/eget/vulputate/ut/ultrices/vel.js', '', 'https://bravesites.com/mattis/odio/donec.png', 0, 10),
(95, 'elit proin risus praesent lectus vestibulum', '840317491-8', 'lacinia aenean sit amet justo morbi ut odio cras mi pede malesuada in imperdiet et commodo vulputate justo in blandit ultrices enim lorem ipsum dolor sit', '2020-09-25', '2021-04-02', '01:57:39', '12:56:10', '2020-09-16', '2021-04-11', '', 1, 'Normativo', 'https://upenn.edu/rutrum/neque/aenean/auctor.html', 'enVivo', 46, 'https://angelfire.com/morbi/sem/mauris/laoreet.jsp', '', 'https://ucsd.edu/nunc.aspx', 0, 1),
(96, 'orci vehicula condimentum curabitur', '614570426-8', 'fermentum justo nec condimentum neque sapien placerat ante nulla justo aliquam quis turpis eget elit sodales scelerisque mauris sit amet eros suspendisse accumsan', '2020-09-17', '2021-04-14', '16:02:13', '21:15:46', '2020-09-25', '2021-04-09', '', 3, 'Normativo', 'https://nih.gov/nascetur/ridiculus.xml', 'enVivo', 0, 'https://berkeley.edu/sapien/quis/libero/nullam/sit/amet.xml', '', 'https://friendfeed.com/eget/nunc.json', 1, 13),
(97, 'venenatis lacinia aenean sit', '392955334-1', 'in blandit ultrices enim lorem ipsum dolor sit amet consectetuer adipiscing elit proin interdum mauris non ligula pellentesque ultrices phasellus id sapien in sapien iaculis congue vivamus metus', '2020-09-10', '2021-04-20', '16:36:17', '05:00:16', '2020-09-20', '2021-04-17', 'Youtube', 1, 'Publico', 'http://artisteer.com/erat.html', 'enVivo', 60, 'https://cdbaby.com/nec/dui/luctus/rutrum/nulla/tellus/in.png', '', 'http://bbc.co.uk/quis/turpis/eget/elit/sodales/scelerisque/mauris.jpg', 0, 10),
(98, 'vivamus tortor duis mattis egestas metus', '380842170-3', 'at turpis a pede posuere nonummy integer non velit donec diam neque vestibulum eget vulputate ut ultrices vel augue vestibulum ante', '2020-09-15', '2021-04-19', '08:53:14', '11:52:24', '2020-09-25', '2021-04-10', '', 2, 'Normativo', 'https://reverbnation.com/volutpat/quam.js', 'Diferido', 45, 'https://washington.edu/diam/cras/pellentesque.aspx', '', 'http://narod.ru/justo/aliquam/quis/turpis/eget/elit/sodales.jpg', 0, 5),
(99, 'ultrices posuere cubilia curae', '544943316-6', 'elementum pellentesque quisque porta volutpat erat quisque erat eros viverra eget congue eget semper rutrum nulla nunc purus phasellus in felis donec semper sapien a libero nam dui', '2020-09-22', '2021-04-15', '04:32:13', '08:31:25', '2020-09-01', '2021-04-14', 'Youtube', 3, 'Publico', 'http://uol.com.br/placerat/ante/nulla/justo/aliquam/quis.jpg', 'Diferido', 0, 'https://istockphoto.com/mauris.aspx', '', 'http://toplist.cz/tortor/id/nulla/ultrices/aliquet/maecenas.xml', 1, 8),
(100, 'vel augue vestibulum ante', '262516597-9', 'ac tellus semper interdum mauris ullamcorper purus sit amet nulla quisque arcu libero rutrum ac lobortis', '2020-09-17', '2021-04-06', '06:07:52', '11:07:49', '2020-09-21', '2021-04-03', '', 2, 'Normativo', 'http://mozilla.com/mi/pede/malesuada/in.jsp', 'Diferido', 55, 'http://nsw.gov.au/ultrices/posuere/cubilia/curae.png', '', 'http://unc.edu/quisque.html', 1, 1);

-- --------------------------------------------------------

--
-- Estructura de tabla para la tabla `datos_usuarios`
--

CREATE TABLE `datos_usuarios` (
  `datos_usuario_id` int(11) NOT NULL,
  `usuario_id` int(11) NOT NULL,
  `usuario_nombres` varchar(50) NOT NULL,
  `usuario_p_apellido` varchar(50) NOT NULL,
  `usuario_s_apellido` varchar(50) DEFAULT NULL,
  `domicilio_id` int(11) NOT NULL,
  `usuario_matricula` varchar(50) NOT NULL,
  `usuario_tipo` enum('Administrador','Estudiante','Ponente','Super-Administrador') NOT NULL,
  `usuario_fecha_nacimiento` date NOT NULL,
  `pais_id` int(11) NOT NULL,
  `municipio_id` int(11) DEFAULT NULL,
  `area_id` int(11) NOT NULL,
  `puesto_id` int(11) NOT NULL,
  `usuario_antiguedad` date NOT NULL,
  `usuario_tarjeton` varchar(350) NOT NULL,
  `usuario_foto` varchar(350) DEFAULT NULL,
  `usuario_activo` tinyint(4) NOT NULL,
  `usuario_correo_verificado` tinyint(4) NOT NULL DEFAULT 1,
  `usuario_tarjeton_verificado` tinyint(4) NOT NULL DEFAULT 1
) ENGINE=InnoDB DEFAULT CHARSET=utf8;

--
-- Volcado de datos para la tabla `datos_usuarios`
--

INSERT INTO `datos_usuarios` (`datos_usuario_id`, `usuario_id`, `usuario_nombres`, `usuario_p_apellido`, `usuario_s_apellido`, `domicilio_id`, `usuario_matricula`, `usuario_tipo`, `usuario_fecha_nacimiento`, `pais_id`, `municipio_id`, `area_id`, `puesto_id`, `usuario_antiguedad`, `usuario_tarjeton`, `usuario_foto`, `usuario_activo`, `usuario_correo_verificado`, `usuario_tarjeton_verificado`) VALUES
(1, 1, 'Haydon', 'McQuillin', 'Lydiatt', 1, '6170269871', 'Ponente', '1991-11-05', 136, 287, 4, 44, '2010-06-27', 'http://google.ru', 'https://epa.gov/nonummy/integer/non/velit/donec/diam/neque.xml', 1, 1, 1),
(2, 2, 'Clementine', 'Pauls', 'Itskovitz', 2, '3379529397', 'Ponente', '1986-12-02', 136, 1215, 4, 188, '2010-10-31', 'https://google.co.uk', 'https://1und1.de/vivamus/vel/nulla/eget/eros/elementum/pellentesque.jpg', 1, 1, 1),
(3, 3, 'Jandy', 'Sharma', 'Summerlie', 3, '2936703964', 'Ponente', '1982-11-18', 136, 2385, 3, 131, '2010-12-20', 'https://mtv.com', 'https://discuz.net/aliquet/pulvinar.jsp', 1, 1, 1),
(4, 4, 'Mikkel', 'Humphries', 'Northin', 4, '5958352245', 'Ponente', '1993-02-25', 136, 770, 4, 12, '2011-10-31', 'https://so-net.ne.jp', 'http://techcrunch.com/sapien/placerat/ante.jpg', 1, 1, 1),
(5, 5, 'Kimberli', 'Gavrielli', 'Kettle', 5, '6521171240', 'Ponente', '1994-03-24', 136, 1889, 4, 44, '2010-08-25', 'https://pbs.org', 'http://blinklist.com/ac/consequat/metus/sapien/ut.jpg', 1, 1, 1),
(6, 6, 'Richard', 'Kirkbride', 'Pedrocco', 6, '6736059437', 'Ponente', '1986-11-13', 136, 1611, 3, 165, '2010-09-03', 'http://spiegel.de', 'https://github.com/at/velit/vivamus.jsp', 1, 1, 1),
(7, 7, 'Bertrando', 'Reddel', 'Malletratt', 7, '5400654959', 'Ponente', '1982-10-19', 130, 36, 2, 184, '2013-03-26', 'http://gov.uk', 'https://omniture.com/posuere/nonummy/integer/non.xml', 1, 1, 1),
(8, 8, 'Tammie', 'MacGillespie', 'Reilingen', 8, '5488545727', 'Ponente', '1989-08-03', 136, 1408, 3, 188, '2010-06-18', 'http://nbcnews.com', 'http://spiegel.de/primis/in/faucibus/orci.js', 1, 1, 1),
(9, 9, 'Lilias', 'Szepe', 'Haquard', 9, '6610998396', 'Ponente', '1983-03-03', 136, 784, 4, 204, '2011-07-25', 'http://go.com', 'https://google.co.uk/venenatis/turpis.html', 1, 1, 1),
(10, 10, 'Simonette', 'Kisar', 'Kearley', 10, '6851177927', 'Ponente', '1982-05-02', 136, 1130, 4, 33, '2011-01-24', 'http://hatena.ne.jp', 'https://histats.com/nulla/neque/libero/convallis.html', 1, 1, 1),
(11, 11, 'Dareen', 'Donaher', 'Lampkin', 11, '1260097080', 'Ponente', '1992-08-27', 136, 1333, 2, 60, '2013-02-04', 'http://purevolume.com', 'http://blog.com/nulla/ut.xml', 1, 1, 1),
(12, 12, 'Nancee', 'Brader', 'Kamall', 12, '8532343260', 'Ponente', '1986-06-07', 136, 1848, 2, 169, '2011-12-31', 'https://cafepress.com', 'http://whitehouse.gov/congue.json', 1, 1, 1),
(13, 13, 'Kelby', 'Kruschev', 'Le Monnier', 13, '1110803966', 'Ponente', '1990-02-14', 136, 1105, 2, 181, '2011-05-16', 'http://indiegogo.com', 'https://twitpic.com/nisl.html', 1, 1, 1),
(14, 14, 'Rahel', 'Le Brom', 'Mackley', 14, '3249446351', 'Ponente', '1998-05-09', 136, 1062, 3, 190, '2010-05-02', 'http://wordpress.com', 'http://ft.com/maecenas/leo/odio/condimentum/id/luctus/nec.json', 1, 1, 1),
(15, 15, 'Bibby', 'Badsey', 'Laurent', 15, '3375915276', 'Ponente', '1993-06-18', 136, 1607, 1, 44, '2013-06-24', 'http://example.com', 'https://engadget.com/eu.jpg', 1, 1, 1),
(16, 16, 'Skye', 'Durie', 'Clinkard', 16, '2721533789', 'Administrador', '1988-06-04', 136, 769, 4, 48, '2012-08-10', 'http://rambler.ru', 'http://usa.gov/tincidunt/nulla/mollis/molestie/lorem/quisque/ut.aspx', 1, 1, 1),
(17, 17, 'Bealle', 'Brose', 'Trippick', 17, '3481887574', 'Super-Administrador', '1999-12-06', 136, 2461, 3, 184, '2013-02-04', 'http://un.org', 'https://mapquest.com/posuere/cubilia/curae/donec/pharetra/magna/vestibulum.jpg', 1, 1, 1),
(18, 18, 'Vance', 'Billsberry', 'Reary', 18, '4517349829', 'Estudiante', '2000-03-30', 136, 695, 2, 192, '2011-12-12', 'http://aboutads.info', 'http://cbc.ca/ac/nulla/sed/vel/enim.xml', 1, 1, 1),
(19, 19, 'Gabie', 'Titmus', 'Pimlott', 19, '927739054', 'Estudiante', '1982-01-10', 136, 63, 3, 160, '2013-10-29', 'https://si.edu', 'https://oracle.com/luctus/nec/molestie/sed/justo/pellentesque.jsp', 1, 1, 1),
(20, 20, 'Jack', 'Woolvin', 'Bengochea', 20, '6775489544', 'Estudiante', '1988-04-30', 150, 797, 4, 99, '2011-09-09', 'https://shinystat.com', 'http://com.com/suspendisse/potenti/cras/in/purus.html', 1, 1, 1),
(21, 21, 'Emanuele', 'Cunney', 'Ferrieroi', 21, '672064766', 'Estudiante', '1989-05-20', 136, 2235, 3, 174, '2010-06-03', 'https://acquirethisname.com', 'http://spiegel.de/nulla/integer/pede/justo/lacinia/eget/tincidunt.png', 1, 1, 1),
(22, 22, 'Dorie', 'Vanelli', 'Dilawey', 22, '855095024', 'Estudiante', '1986-05-02', 136, 2354, 1, 186, '2010-09-29', 'https://hexun.com', 'https://free.fr/sapien/dignissim/vestibulum.xml', 1, 1, 1),
(23, 23, 'Iorgo', 'Raunds', 'Lambertazzi', 23, '7110374335', 'Estudiante', '1991-04-23', 136, 1497, 4, 112, '2011-12-25', 'http://nih.gov', 'https://ocn.ne.jp/ut/ultrices/vel/augue/vestibulum/ante.jsp', 1, 1, 1),
(24, 24, 'Denice', 'Ambrogini', 'Divver', 24, '4090844177', 'Estudiante', '1982-04-30', 136, 671, 4, 106, '2011-08-13', 'http://dailymotion.com', 'http://businesswire.com/orci/pede.png', 1, 1, 1),
(25, 25, 'Brewer', 'Halahan', 'Boddington', 25, '6967228889', 'Estudiante', '1991-04-14', 136, 1933, 1, 121, '2011-07-05', 'http://apache.org', 'http://ftc.gov/magnis/dis/parturient/montes/nascetur/ridiculus/mus.json', 1, 1, 1),
(26, 26, 'Xenia', 'Treversh', 'Earey', 26, '1341862887', 'Estudiante', '1990-12-05', 136, 536, 4, 94, '2010-11-19', 'https://netlog.com', 'http://reuters.com/porta/volutpat/quam/pede/lobortis/ligula/sit.json', 1, 1, 1),
(27, 27, 'Albie', 'Caberas', 'Lewens', 27, '4366663635', 'Estudiante', '1987-07-01', 136, 1252, 4, 162, '2013-10-30', 'https://nature.com', 'https://w3.org/quis/tortor/id.png', 1, 1, 1),
(28, 28, 'Kalil', 'McIlveen', 'Veregan', 28, '4474558480', 'Estudiante', '1997-03-24', 136, 19, 1, 42, '2012-10-12', 'https://tuttocitta.it', 'https://google.co.uk/et/ultrices/posuere.json', 1, 1, 1),
(29, 29, 'Benjie', 'Chedzoy', 'Heggadon', 29, '5572644692', 'Estudiante', '1992-05-09', 136, 2003, 4, 15, '2010-09-22', 'https://unc.edu', 'https://ihg.com/non/pretium/quis/lectus/suspendisse/potenti/in.js', 1, 1, 1),
(30, 30, 'Imojean', 'Shute', 'Matieu', 30, '7642267606', 'Estudiante', '1987-06-16', 127, 2274, 3, 61, '2013-07-31', 'http://barnesandnoble.com', 'https://blogspot.com/cum/sociis/natoque/penatibus.png', 1, 1, 1),
(31, 31, 'Ulrica', 'Ewbank', 'Skade', 31, '1688211144', 'Estudiante', '1985-01-29', 136, 817, 1, 128, '2010-11-22', 'https://yolasite.com', 'https://time.com/at/velit/vivamus.aspx', 1, 1, 1),
(32, 32, 'Harlan', 'Ertelt', 'Lightbourn', 32, '9784138786', 'Estudiante', '1995-04-13', 136, 2330, 2, 50, '2011-03-04', 'https://slideshare.net', 'https://digg.com/potenti/nullam/porttitor/lacus/at/turpis.json', 1, 1, 1),
(33, 33, 'Dorolisa', 'Erie', 'Matei', 33, '7915881140', 'Estudiante', '1997-08-03', 136, 1347, 4, 39, '2013-06-12', 'http://storify.com', 'http://mediafire.com/sed/augue/aliquam/erat.aspx', 1, 1, 1),
(34, 34, 'Marketa', 'Lorens', 'Thorpe', 34, '8038387961', 'Estudiante', '1999-02-14', 136, 1826, 4, 10, '2010-05-26', 'https://nationalgeographic.com', 'https://shop-pro.jp/donec/ut/mauris/eget.jsp', 1, 1, 1),
(35, 35, 'April', 'Benzie', 'McGroarty', 35, '5193293263', 'Estudiante', '1999-05-01', 136, 12, 3, 194, '2011-05-22', 'https://archive.org', 'http://tripod.com/montes/nascetur/ridiculus/mus.jsp', 1, 1, 1),
(36, 36, 'Dasi', 'Baudasso', 'Flobert', 36, '5067757655', 'Estudiante', '1982-11-12', 136, 2067, 2, 38, '2013-05-28', 'http://t-online.de', 'https://ustream.tv/vulputate.json', 1, 1, 1),
(37, 37, 'Huntington', 'Lesmonde', 'Chattock', 37, '5688277904', 'Estudiante', '1985-07-03', 136, 2467, 3, 150, '2014-01-12', 'https://aboutads.info', 'http://oracle.com/erat/tortor/sollicitudin/mi/sit.jsp', 1, 1, 1),
(38, 38, 'Legra', 'Dominetti', 'Struis', 38, '6054860283', 'Estudiante', '1995-12-01', 136, 323, 2, 91, '2012-03-12', 'https://unesco.org', 'http://yellowbook.com/ut/nunc/vestibulum/ante/ipsum/primis/in.json', 1, 1, 1),
(39, 39, 'Adan', 'Dominguez', 'Lage', 39, '2488977160', 'Estudiante', '1996-06-29', 136, 346, 3, 42, '2012-08-26', 'http://irs.gov', 'https://miibeian.gov.cn/phasellus/sit/amet.aspx', 1, 1, 1),
(40, 40, 'Joela', 'Goldstein', 'Sweynson', 40, '5708360674', 'Estudiante', '2000-02-25', 136, 1770, 1, 57, '2012-04-17', 'https://google.pl', 'https://constantcontact.com/donec/semper/sapien/a/libero.js', 1, 1, 1),
(41, 41, 'Corrina', 'Leban', 'Tipton', 41, '3137252806', 'Estudiante', '1987-12-30', 212, 627, 1, 204, '2010-12-19', 'http://jugem.jp', 'https://a8.net/tellus/in/sagittis/dui.jsp', 1, 1, 1),
(42, 42, 'Rozelle', 'Gauch', 'Gealy', 42, '1896993885', 'Estudiante', '1987-08-03', 136, 2278, 1, 197, '2012-04-04', 'https://fc2.com', 'https://google.com.au/lacinia/sapien/quis/libero/nullam/sit.png', 1, 1, 1),
(43, 43, 'Orelee', 'Shelliday', 'Souster', 43, '2196278467', 'Estudiante', '1982-06-02', 136, 292, 4, 93, '2012-03-20', 'https://adobe.com', 'http://a8.net/pharetra.jsp', 1, 1, 1),
(44, 44, 'Jenn', 'Lougheed', 'Tyzack', 44, '9660992238', 'Estudiante', '1985-01-08', 136, 1402, 3, 15, '2011-01-12', 'https://fastcompany.com', 'http://cocolog-nifty.com/ultrices/posuere/cubilia/curae/mauris.xml', 1, 1, 1),
(45, 45, 'Othilia', 'Milroy', 'Hoys', 45, '2092597167', 'Estudiante', '1995-12-31', 136, 444, 3, 89, '2010-05-12', 'https://cloudflare.com', 'https://archive.org/morbi/ut.png', 1, 1, 1),
(46, 46, 'Anica', 'MacScherie', 'Jekyll', 46, '5352015467', 'Estudiante', '1997-05-15', 136, 2316, 2, 145, '2012-11-09', 'https://discovery.com', 'https://google.co.jp/vitae/nisi/nam/ultrices/libero/non/mattis.aspx', 1, 1, 1),
(47, 47, 'Jeanette', 'Cunnington', 'Napoleon', 47, '6691004744', 'Estudiante', '1982-06-25', 136, 1775, 1, 1, '2013-10-05', 'https://stanford.edu', 'http://exblog.jp/mattis/pulvinar.jsp', 1, 1, 1),
(48, 48, 'Dinnie', 'Dimitrie', 'McInerney', 48, '5944657111', 'Estudiante', '1983-05-26', 136, 1931, 1, 118, '2013-10-16', 'http://rambler.ru', 'http://uol.com.br/phasellus/id.json', 1, 1, 1),
(49, 49, 'Matthew', 'Alway', 'Yearsley', 49, '131673882', 'Estudiante', '1998-03-12', 136, 636, 3, 160, '2011-04-09', 'http://opera.com', 'https://reverbnation.com/posuere.json', 1, 1, 1),
(50, 50, 'Sarina', 'Bewley', 'Titmuss', 50, '7245428956', 'Estudiante', '1985-09-24', 136, 64, 1, 146, '2013-11-21', 'http://latimes.com', 'https://symantec.com/gravida/nisi/at.aspx', 1, 1, 1),
(51, 51, 'Franciskus', 'Koche', 'Gilfether', 51, '3751946187', 'Estudiante', '1984-04-21', 136, 119, 3, 37, '2010-05-28', 'https://uiuc.edu', 'https://reuters.com/elit/sodales/scelerisque.js', 1, 1, 1),
(52, 52, 'Rheta', 'Brittoner', 'O\'Scanlan', 52, '4642579974', 'Estudiante', '1994-04-19', 136, 1164, 4, 114, '2010-11-22', 'http://clickbank.net', 'http://ox.ac.uk/felis/eu/sapien.jpg', 1, 1, 1),
(53, 53, 'Merwin', 'Thow', 'Monahan', 53, '7427629663', 'Estudiante', '1988-01-10', 136, 1750, 3, 94, '2010-11-30', 'http://sogou.com', 'http://yahoo.com/rhoncus/mauris/enim/leo/rhoncus/sed/vestibulum.png', 1, 1, 1),
(54, 54, 'Niles', 'McGall', 'Larvent', 54, '9526696085', 'Estudiante', '1984-05-02', 136, 1875, 2, 101, '2013-04-27', 'http://buzzfeed.com', 'https://amazon.co.jp/lectus/suspendisse/potenti/in/eleifend/quam/a.xml', 1, 1, 1),
(55, 55, 'Wynn', 'Rudsdell', 'Zanassi', 55, '131872044', 'Estudiante', '1982-03-05', 136, 485, 4, 149, '2013-02-12', 'http://chronoengine.com', 'https://ehow.com/mi/integer/ac/neque/duis.jpg', 1, 1, 1),
(56, 56, 'Daveta', 'Pickworth', 'Tradewell', 56, '985443146', 'Estudiante', '1983-02-04', 136, 980, 1, 208, '2012-09-19', 'https://blogs.com', 'https://slate.com/platea/dictumst/etiam/faucibus.html', 1, 1, 1),
(57, 57, 'Tony', 'Penchen', 'Baraclough', 57, '1866546368', 'Estudiante', '1984-01-26', 136, 1648, 3, 189, '2011-03-18', 'http://patch.com', 'http://vinaora.com/rutrum/neque/aenean.jpg', 1, 1, 1),
(58, 58, 'Daisie', 'Aylward', 'Spykins', 58, '6748564204', 'Estudiante', '1992-03-12', 136, 899, 2, 185, '2011-08-12', 'https://huffingtonpost.com', 'https://pbs.org/felis/eu/sapien/cursus/vestibulum.png', 1, 1, 1),
(59, 59, 'Cassy', 'Bunstone', 'Haigh', 59, '3961177465', 'Estudiante', '1985-02-26', 136, 229, 3, 82, '2011-03-14', 'https://amazon.co.uk', 'http://usda.gov/pellentesque/eget/nunc/donec.aspx', 1, 1, 1),
(60, 60, 'Xavier', 'Tebbitt', 'Blaschke', 60, '4038645010', 'Estudiante', '1996-10-03', 136, 2159, 1, 16, '2011-03-27', 'https://toplist.cz', 'https://prweb.com/augue/vestibulum/ante/ipsum/primis/in/faucibus.html', 1, 1, 1),
(61, 61, 'Blake', 'Jopp', 'Hebborn', 61, '2316872050', 'Estudiante', '2000-07-17', 136, 998, 3, 151, '2010-06-24', 'http://mapquest.com', 'https://360.cn/potenti/cras/in/purus/eu/magna/vulputate.aspx', 1, 1, 1),
(62, 62, 'Rosabelle', 'Daykin', 'Gallatly', 62, '3811247271', 'Estudiante', '1987-08-06', 136, 1278, 3, 194, '2013-05-20', 'http://flavors.me', 'http://yale.edu/faucibus.json', 1, 1, 1),
(63, 63, 'Aguistin', 'Duddell', 'Pullan', 63, '1667354434', 'Estudiante', '1988-08-19', 136, 2447, 1, 115, '2012-08-10', 'https://sakura.ne.jp', 'http://ask.com/id/justo/sit/amet/sapien/dignissim.jsp', 1, 1, 1),
(64, 64, 'Darsey', 'Thombleson', 'Bomfield', 64, '8258549189', 'Estudiante', '1983-07-13', 136, 876, 4, 111, '2013-06-16', 'https://imdb.com', 'http://blog.com/phasellus/sit/amet/erat/nulla.aspx', 1, 1, 1),
(65, 65, 'Cortie', 'Ede', 'Chantler', 65, '204434629', 'Estudiante', '1985-10-12', 136, 1142, 3, 148, '2013-06-07', 'http://weebly.com', 'http://mediafire.com/in/faucibus.jpg', 1, 1, 1),
(66, 66, 'Tilda', 'Bunny', 'Gummery', 66, '5762106314', 'Estudiante', '1986-06-19', 136, 105, 2, 164, '2010-11-24', 'http://phpbb.com', 'https://nature.com/dapibus/augue.jsp', 1, 1, 1),
(67, 67, 'Melisande', 'Kobelt', 'Swanborrow', 67, '7772354797', 'Estudiante', '1994-01-26', 136, 730, 1, 120, '2010-10-03', 'https://businessinsider.com', 'http://smugmug.com/aliquet.aspx', 1, 1, 1),
(68, 68, 'Galvan', 'Breeton', 'Lortzing', 68, '8620367528', 'Estudiante', '1984-09-13', 136, 2165, 4, 60, '2011-03-20', 'https://yahoo.co.jp', 'https://imgur.com/lacinia/aenean/sit/amet/justo.js', 1, 1, 1),
(69, 69, 'Yuma', 'Langsdon', 'Bretherick', 69, '1044161833', 'Estudiante', '2000-08-04', 136, 414, 2, 204, '2010-06-06', 'http://loc.gov', 'https://nsw.gov.au/dis/parturient.jsp', 1, 1, 1),
(70, 70, 'Sebastien', 'Stayt', 'Titmuss', 70, '8500456752', 'Estudiante', '1982-04-20', 136, 1156, 3, 183, '2011-05-28', 'http://slideshare.net', 'https://usatoday.com/nulla/ut.xml', 1, 1, 1),
(71, 71, 'Dalia', 'Doyle', 'Gilfether', 71, '5015426704', 'Estudiante', '1987-04-27', 136, 1403, 3, 22, '2013-05-08', 'https://ehow.com', 'https://constantcontact.com/in/leo/maecenas/pulvinar/lobortis.json', 1, 1, 1),
(72, 72, 'Donny', 'Degenhardt', 'Disbrow', 72, '6210088953', 'Estudiante', '1995-01-17', 136, 2210, 2, 171, '2012-03-31', 'https://mozilla.com', 'https://photobucket.com/posuere/cubilia/curae.aspx', 1, 1, 1),
(73, 73, 'Rog', 'Mazzilli', 'Craney', 73, '8898992793', 'Estudiante', '1994-01-16', 136, 852, 2, 5, '2011-08-19', 'https://jalbum.net', 'https://themeforest.net/convallis/nunc/proin/at/turpis.png', 1, 1, 1),
(74, 74, 'Cristen', 'Goseling', 'Lammertz', 74, '5374143913', 'Estudiante', '1997-01-29', 136, 126, 1, 199, '2012-10-06', 'https://google.com.hk', 'http://tinyurl.com/fermentum.jpg', 1, 1, 1),
(75, 75, 'Gayleen', 'Rimes', 'Howells', 75, '3368327925', 'Estudiante', '1987-01-02', 78, 2339, 2, 118, '2012-02-09', 'https://jiathis.com', 'http://simplemachines.org/justo/in/blandit/ultrices/enim.json', 1, 1, 1),
(76, 76, 'Bobbi', 'Dunham', 'Lisett', 76, '2111879258', 'Estudiante', '1988-01-18', 136, 684, 3, 169, '2013-06-20', 'http://home.pl', 'http://biblegateway.com/id/lobortis/convallis/tortor/risus/dapibus/augue.jsp', 1, 1, 1),
(77, 77, 'Andrei', 'Rikel', 'Patel', 77, '818885688', 'Estudiante', '2000-05-05', 136, 2147, 1, 145, '2011-04-01', 'https://lulu.com', 'https://bloomberg.com/massa/id/lobortis/convallis/tortor/risus/dapibus.jpg', 1, 1, 1),
(78, 78, 'Berta', 'McBayne', 'Schouthede', 78, '3507585049', 'Estudiante', '1983-09-18', 136, 668, 3, 167, '2010-07-23', 'http://stumbleupon.com', 'https://cbsnews.com/et/commodo/vulputate/justo/in.png', 1, 1, 1),
(79, 79, 'Cory', 'Keaveney', 'Yielding', 79, '2953251189', 'Estudiante', '1997-08-05', 136, 704, 3, 111, '2011-11-28', 'https://mapy.cz', 'http://wikimedia.org/dignissim/vestibulum.aspx', 1, 1, 1),
(80, 80, 'Robbert', 'Alonso', 'Levesque', 80, '5778395655', 'Estudiante', '1999-02-04', 136, 545, 1, 156, '2013-11-16', 'http://moonfruit.com', 'http://java.com/at/vulputate/vitae/nisl.jpg', 1, 1, 1),
(81, 81, 'Margo', 'Petley', 'Lessmare', 81, '3600193198', 'Estudiante', '1993-05-21', 136, 2255, 4, 140, '2013-02-02', 'http://bluehost.com', 'https://angelfire.com/metus/sapien.html', 1, 1, 1),
(82, 82, 'Linnell', 'Sonier', 'Persitt', 82, '7994555284', 'Estudiante', '1987-01-26', 136, 157, 1, 169, '2013-10-13', 'http://vinaora.com', 'https://sfgate.com/at/lorem/integer.png', 1, 1, 1),
(83, 83, 'Cherry', 'Wyness', 'Sheeran', 83, '7382509087', 'Estudiante', '1988-04-19', 136, 1589, 2, 207, '2013-12-24', 'http://bloglines.com', 'https://toplist.cz/tortor/quis/turpis/sed/ante/vivamus.png', 1, 1, 1),
(84, 84, 'Aurelea', 'Fronks', 'Treweke', 84, '6753278516', 'Estudiante', '1983-08-09', 136, 62, 4, 37, '2011-06-30', 'http://howstuffworks.com', 'https://soundcloud.com/nisl/ut/volutpat/sapien/arcu.aspx', 1, 1, 1),
(85, 85, 'Antons', 'Arrington', 'Berzins', 85, '2143712340', 'Estudiante', '1989-05-12', 136, 56, 3, 87, '2013-10-14', 'http://cpanel.net', 'https://google.ru/luctus/nec/molestie/sed/justo/pellentesque.jpg', 1, 1, 1),
(86, 86, 'Damita', 'Monier', 'Poles', 86, '5629401912', 'Estudiante', '1994-02-23', 136, 1718, 2, 143, '2012-10-20', 'http://woothemes.com', 'http://twitpic.com/rhoncus/aliquam/lacus/morbi/quis.jpg', 1, 1, 1),
(87, 87, 'Stanislas', 'Bassano', 'Stilly', 87, '834767937', 'Estudiante', '1991-03-04', 136, 1165, 2, 232, '2010-12-17', 'http://sitemeter.com', 'http://redcross.org/ultrices/phasellus/id/sapien/in.jpg', 1, 1, 1),
(88, 88, 'Morris', 'Endacott', 'Tunaclift', 88, '9314402185', 'Estudiante', '1988-01-22', 136, 959, 4, 60, '2012-03-04', 'https://army.mil', 'http://businessinsider.com/non.xml', 1, 1, 1),
(89, 89, 'Katrine', 'Bendix', 'Teissier', 89, '894593595', 'Estudiante', '1994-06-06', 136, 77, 3, 151, '2012-04-17', 'https://ustream.tv', 'http://baidu.com/felis/fusce/posuere/felis.jpg', 1, 1, 1),
(90, 90, 'Shandeigh', 'Wey', 'Domnin', 90, '2134044659', 'Estudiante', '1983-07-21', 136, 544, 1, 84, '2011-12-05', 'http://abc.net.au', 'https://de.vu/pede/justo/lacinia.js', 1, 1, 1),
(91, 91, 'Trudy', 'Bargery', 'Yeskov', 91, '6655895243', 'Estudiante', '1999-10-19', 136, 516, 3, 86, '2012-09-22', 'https://uiuc.edu', 'http://wikia.com/sodales/scelerisque/mauris/sit/amet/eros/suspendisse.js', 1, 1, 1),
(92, 92, 'Annaliese', 'Woolfenden', 'Pyke', 92, '1403144206', 'Estudiante', '1998-05-03', 136, 1394, 2, 56, '2013-07-13', 'http://microsoft.com', 'https://addtoany.com/lectus/aliquam/sit/amet/diam/in/magna.jsp', 1, 1, 1),
(93, 93, 'Charmine', 'Darville', 'Robertot', 93, '4998507001', 'Estudiante', '1991-05-02', 136, 1558, 4, 156, '2010-11-08', 'https://usa.gov', 'http://kickstarter.com/vel/enim/sit/amet.json', 1, 1, 1),
(94, 94, 'Ranique', 'Gimbart', 'Yu', 94, '8062383083', 'Estudiante', '1994-07-25', 136, 1105, 1, 193, '2011-07-25', 'https://europa.eu', 'https://vk.com/ante/nulla/justo.json', 1, 1, 1),
(95, 95, 'Kahlil', 'Macari', 'Risborough', 95, '8330890538', 'Estudiante', '1986-01-19', 136, 2346, 1, 209, '2012-03-18', 'https://t.co', 'http://drupal.org/curae.jsp', 1, 1, 1),
(96, 96, 'Roderic', 'Bigland', 'Spark', 96, '8523226230', 'Estudiante', '1999-09-25', 136, 1405, 3, 72, '2012-02-02', 'https://miitbeian.gov.cn', 'https://businesswire.com/sit/amet/sem/fusce/consequat.xml', 1, 1, 1),
(97, 97, 'Deva', 'Carnelley', 'Tidbold', 97, '6546607832', 'Estudiante', '1990-01-12', 136, 1693, 3, 89, '2011-06-02', 'https://chronoengine.com', 'https://squidoo.com/odio/condimentum/id/luctus/nec.png', 1, 1, 1),
(98, 98, 'Lorene', 'Brash', 'Michell', 98, '5021747983', 'Estudiante', '1992-08-11', 136, 1320, 2, 85, '2011-01-03', 'http://unc.edu', 'https://google.fr/duis/consequat/dui/nec/nisi/volutpat.jsp', 1, 1, 1),
(99, 99, 'Taryn', 'Willshire', 'Dignon', 99, '7883265814', 'Estudiante', '1989-06-29', 136, 223, 4, 170, '2010-05-23', 'http://dyndns.org', 'https://vkontakte.ru/vestibulum.js', 1, 1, 1),
(100, 100, 'Neddie', 'Noraway', 'Giffkins', 100, '5443635824', 'Estudiante', '1988-11-13', 136, 1474, 2, 181, '2013-08-15', 'http://mediafire.com', 'https://free.fr/ac/lobortis/vel/dapibus/at/diam/nam.jpg', 1, 1, 1);

-- --------------------------------------------------------

--
-- Estructura de tabla para la tabla `domicilios`
--

CREATE TABLE `domicilios` (
  `domicilio_id` int(11) NOT NULL,
  `municipio_id` int(11) NOT NULL,
  `domicilio_colonia` varchar(45) NOT NULL,
  `domicilio_calle` varchar(45) NOT NULL,
  `domicilio_numero_ext` int(11) NOT NULL,
  `domicilio_numero_int` int(11) DEFAULT NULL
) ENGINE=InnoDB DEFAULT CHARSET=utf8;

--
-- Volcado de datos para la tabla `domicilios`
--

INSERT INTO `domicilios` (`domicilio_id`, `municipio_id`, `domicilio_colonia`, `domicilio_calle`, `domicilio_numero_ext`, `domicilio_numero_int`) VALUES
(1, 481, 'Aegypius tracheliotus', 'Logan', 37147, 22317),
(2, 1917, 'Ardea cinerea', 'Bartillon', 46, 13727),
(3, 948, 'Lutra canadensis', 'Loftsgordon', 3, 9),
(4, 1577, 'Acanthaster planci', 'Monument', 29, 72462),
(5, 857, 'Melophus lathami', 'Leroy', 280, NULL),
(6, 842, 'Anhinga rufa', 'Chive', 75240, NULL),
(7, 1258, 'Ictalurus furcatus', 'Graedel', 559, NULL),
(8, 1557, 'Tragelaphus strepsiceros', 'Bultman', 8, NULL),
(9, 2220, 'Phoenicopterus chilensis', 'Summer Ridge', 9137, 30644),
(10, 463, 'Neotoma sp.', 'Northview', 395, NULL),
(11, 2238, 'Cervus canadensis', 'Prairie Rose', 65295, NULL),
(12, 1966, 'Chionis alba', 'Larry', 493, 5),
(13, 1518, 'Phalacrocorax brasilianus', 'Crest Line', 68, 9),
(14, 381, 'Lamprotornis chalybaeus', 'Sachs', 82493, 35),
(15, 990, 'Manouria emys', 'Starling', 4299, NULL),
(16, 89, 'Lutra canadensis', 'Sunfield', 585, NULL),
(17, 1062, 'Prionace glauca', 'East', 491, 5),
(18, 1331, 'Otocyon megalotis', '6th', 8, NULL),
(19, 10, 'Coluber constrictor', 'Nancy', 5, NULL),
(20, 1105, 'Acridotheres tristis', 'Loomis', 86214, NULL),
(21, 1568, 'Proteles cristatus', 'Mcbride', 634, NULL),
(22, 2113, 'Dipodomys deserti', 'Springs', 6, NULL),
(23, 19, 'Pavo cristatus', 'Lighthouse Bay', 1, NULL),
(24, 2060, 'unavailable', 'Pawling', 3633, NULL),
(25, 2091, 'Ramphastos tucanus', 'Sherman', 9, 697),
(26, 1866, 'Eunectes sp.', 'Orin', 9, 2095),
(27, 873, 'Madoqua kirkii', 'Riverside', 0, NULL),
(28, 74, 'Fregata magnificans', 'Nancy', 579, NULL),
(29, 2073, 'Macropus eugenii', 'Browning', 87554, NULL),
(30, 996, 'Tachyglossus aculeatus', 'Morrow', 4, NULL),
(31, 840, 'Gyps bengalensis', 'Nova', 882, NULL),
(32, 2322, 'Phalacrocorax albiventer', 'Springs', 904, NULL),
(33, 2052, 'Tyto novaehollandiae', 'Tony', 290, NULL),
(34, 760, 'Ictonyx striatus', 'Blue Bill Park', 833, NULL),
(35, 2124, 'Mycteria ibis', 'Maple', 51, NULL),
(36, 207, 'Dusicyon thous', 'Graedel', 15, NULL),
(37, 816, 'Eudyptula minor', 'Gerald', 59479, NULL),
(38, 756, 'Carphophis sp.', 'Golf Course', 4, NULL),
(39, 1463, 'Carduelis uropygialis', 'Holy Cross', 42720, NULL),
(40, 1483, 'Papio cynocephalus', 'Northwestern', 5, NULL),
(41, 1431, 'Butorides striatus', 'Jenna', 67, 7604),
(42, 2108, 'Stenella coeruleoalba', 'Larry', 484, NULL),
(43, 1900, 'Zenaida asiatica', 'Sauthoff', 169, NULL),
(44, 678, 'Larus fuliginosus', 'Butterfield', 40889, NULL),
(45, 1886, 'Kobus defassa', 'Cambridge', 40427, NULL),
(46, 1007, 'Nycticorax nycticorax', 'Shasta', 93, 87),
(47, 1609, 'Diceros bicornis', 'Monterey', 68, NULL),
(48, 801, 'Anhinga rufa', 'Welch', 3, NULL),
(49, 1122, 'Pseudocheirus peregrinus', 'Bluejay', 8, 69),
(50, 1807, 'Dicrurus adsimilis', 'Knutson', 681, NULL),
(51, 695, 'Vulpes vulpes', 'Marcy', 87647, NULL),
(52, 1138, 'Grus canadensis', 'Meadow Valley', 416, NULL),
(53, 520, 'Chelodina longicollis', 'Memorial', 268, NULL),
(54, 1655, 'Megaderma spasma', 'Saint Paul', 505, NULL),
(55, 271, 'Anastomus oscitans', 'Loomis', 5, NULL),
(56, 1813, 'Tragelaphus angasi', 'Basil', 9348, NULL),
(57, 31, 'Ovis canadensis', 'Barnett', 1212, NULL),
(58, 689, 'Gyps bengalensis', 'Dennis', 918, NULL),
(59, 985, 'Paradoxurus hermaphroditus', 'Towne', 4749, 65),
(60, 1742, 'Nyctanassa violacea', 'Northwestern', 928, NULL),
(61, 890, 'Aonyx cinerea', 'Mayer', 195, NULL),
(62, 909, 'Dicrurus adsimilis', 'Starling', 8625, NULL),
(63, 2317, 'Lamprotornis nitens', 'David', 3542, NULL),
(64, 896, 'Bucorvus leadbeateri', 'Grasskamp', 40, NULL),
(65, 955, 'Anathana ellioti', 'Westend', 68, NULL),
(66, 242, 'Loris tardigratus', 'Crescent Oaks', 513, NULL),
(67, 250, 'Ctenophorus ornatus', 'Brickson Park', 99, NULL),
(68, 45, 'Marmota caligata', 'Jana', 22836, NULL),
(69, 47, 'Canis mesomelas', 'Bay', 872, NULL),
(70, 569, 'Ctenophorus ornatus', 'Westerfield', 68860, NULL),
(71, 779, 'Manouria emys', 'Hanover', 312, 99773),
(72, 1287, 'Acridotheres tristis', 'Blue Bill Park', 58, NULL),
(73, 717, 'Felis rufus', 'Ilene', 4, 3361),
(74, 1988, 'Agkistrodon piscivorus', 'Mallard', 994, NULL),
(75, 1503, 'Anastomus oscitans', 'Melby', 39436, NULL),
(76, 1981, 'Paradoxurus hermaphroditus', 'Lotheville', 26, NULL),
(77, 465, 'Macaca mulatta', 'Susan', 3772, NULL),
(78, 643, 'Varanus sp.', 'Emmet', 3, NULL),
(79, 848, 'Prionace glauca', 'Calypso', 8131, NULL),
(80, 2344, 'Procyon cancrivorus', 'Melvin', 8877, NULL),
(81, 119, 'Mungos mungo', 'Lunder', 5, 67),
(82, 1396, 'Psophia viridis', 'Hoepker', 2589, NULL),
(83, 515, 'Haliaetus leucogaster', 'Logan', 13, NULL),
(84, 1139, 'Zalophus californicus', 'Sommers', 28, NULL),
(85, 178, 'Bassariscus astutus', 'Michigan', 93, NULL),
(86, 2035, 'Eurocephalus anguitimens', 'Alpine', 7904, NULL),
(87, 1120, 'Larus fuliginosus', 'Saint Paul', 88, NULL),
(88, 776, 'Fregata magnificans', 'Brown', 9, NULL),
(89, 194, 'Buteo jamaicensis', 'Victoria', 32924, 1371),
(90, 1879, 'Philetairus socius', 'Nancy', 11067, NULL),
(91, 1036, 'unavailable', 'Valley Edge', 94616, NULL),
(92, 1682, 'Boa constrictor mexicana', 'Meadow Valley', 221, 4),
(93, 176, 'Tachyglossus aculeatus', 'Bluestem', 3484, NULL),
(94, 1504, 'Butorides striatus', 'Aberg', 740, 70),
(95, 13, 'Myiarchus tuberculifer', 'Oxford', 4, NULL),
(96, 187, 'Nesomimus trifasciatus', 'Shelley', 8181, NULL),
(97, 1619, 'Tadorna tadorna', 'Ridge Oak', 41263, NULL),
(98, 1839, 'Aonyx cinerea', 'Karstens', 61, NULL),
(99, 2374, 'Papio cynocephalus', 'Northland', 886, 485),
(100, 913, 'Pelecanus occidentalis', 'Pepper Wood', 49569, NULL);

-- --------------------------------------------------------

--
-- Estructura de tabla para la tabla `estados`
--

CREATE TABLE `estados` (
  `estado_id` int(11) NOT NULL,
  `estado_nombre` varchar(75) NOT NULL
) ENGINE=InnoDB DEFAULT CHARSET=utf8;

--
-- Volcado de datos para la tabla `estados`
--

INSERT INTO `estados` (`estado_id`, `estado_nombre`) VALUES
(1, 'Aguascalientes'),
(2, 'Baja California'),
(3, 'Baja California Sur'),
(4, 'Campeche'),
(5, 'Coahuila de Zaragoza'),
(6, 'Colima'),
(7, 'Chiapas'),
(8, 'Chihuahua'),
(9, 'Ciudad de México'),
(10, 'Durango'),
(11, 'Guanajuato'),
(12, 'Guerrero'),
(13, 'Hidalgo'),
(14, 'Jalisco'),
(15, 'México'),
(16, 'Michoacán de Ocampo'),
(17, 'Morelos'),
(18, 'Nayarit'),
(19, 'Nuevo León'),
(20, 'Oaxaca'),
(21, 'Puebla'),
(22, 'Querétaro'),
(23, 'Quintana Roo'),
(24, 'San Luis Potosí'),
(25, 'Sinaloa'),
(26, 'Sonora'),
(27, 'Tabasco'),
(28, 'Tamaulipas'),
(29, 'Tlaxcala'),
(30, 'Veracruz de Ignacio de la Llave'),
(31, 'Yucatán'),
(32, 'Zacatecas');

-- --------------------------------------------------------

--
-- Estructura de tabla para la tabla `estudiantes_cursos`
--

CREATE TABLE `estudiantes_cursos` (
  `estudiante_id` int(11) NOT NULL,
  `curso_id` int(11) NOT NULL,
  `e_c_aprobado` tinyint(3) UNSIGNED DEFAULT NULL,
  `e_c_valoracion_curso` int(11) DEFAULT NULL,
  `e_c_valoracion_ponente` int(11) DEFAULT NULL,
  `e_c_comentario` varchar(250) DEFAULT NULL
) ENGINE=InnoDB DEFAULT CHARSET=utf8;

--
-- Volcado de datos para la tabla `estudiantes_cursos`
--

INSERT INTO `estudiantes_cursos` (`estudiante_id`, `curso_id`, `e_c_aprobado`, `e_c_valoracion_curso`, `e_c_valoracion_ponente`, `e_c_comentario`) VALUES
(20, 92, 1, NULL, NULL, NULL),
(23, 27, 1, 1, 1, 'donec ut mauris eget massa tempor convallis nulla neque libero convallis eget eleifend'),
(23, 79, 1, NULL, NULL, NULL),
(23, 100, 1, 2, 3, 'dolor sit amet consectetuer adipiscing elit proin risus praesent lectus vestibulum quam'),
(25, 30, 1, 2, 2, NULL),
(25, 61, NULL, NULL, NULL, NULL),
(26, 41, 1, 5, 1, NULL),
(27, 56, NULL, NULL, NULL, NULL),
(28, 26, NULL, NULL, NULL, NULL),
(28, 35, 1, NULL, NULL, NULL),
(29, 2, 1, 2, 2, NULL),
(29, 43, 1, 4, 4, 'vehicula condimentum curabitur in libero ut massa volutpat convallis morbi odio odio elementum eu'),
(29, 94, NULL, NULL, NULL, NULL),
(30, 89, 0, NULL, NULL, NULL),
(32, 97, 1, 3, 3, 'hac habitasse platea dictumst etiam faucibus cursus urna ut tellus nulla ut erat id mauris'),
(33, 77, NULL, NULL, NULL, NULL),
(33, 81, NULL, NULL, NULL, NULL),
(34, 56, 1, NULL, NULL, NULL),
(35, 36, 1, 1, 1, 'diam id ornare imperdiet sapien urna pretium nisl ut volutpat sapien arcu'),
(35, 80, 1, 1, 1, 'ipsum dolor sit amet consectetuer adipiscing elit proin risus praesent lectus vestibulum quam sapien'),
(36, 40, NULL, NULL, NULL, NULL),
(36, 60, 1, 5, 5, 'bibendum imperdiet nullam orci pede venenatis non sodales sed tincidunt eu felis fusce posuere felis'),
(36, 65, 0, NULL, NULL, NULL),
(37, 32, NULL, NULL, NULL, NULL),
(38, 12, 1, 2, 2, 'aenean lectus pellentesque eget nunc donec quis orci'),
(38, 22, 1, NULL, NULL, NULL),
(38, 53, NULL, NULL, NULL, NULL),
(39, 29, 1, 2, 2, 'ante ipsum primis in faucibus orci luctus et ultrices posuere cubilia'),
(39, 57, 0, NULL, NULL, NULL),
(40, 35, 1, 5, 1, NULL),
(40, 38, NULL, NULL, NULL, NULL),
(41, 14, NULL, NULL, NULL, NULL),
(43, 14, 1, 4, 4, 'nisi at nibh in hac habitasse platea dictumst aliquam augue quam'),
(43, 53, 1, NULL, NULL, NULL),
(44, 42, NULL, NULL, NULL, NULL),
(45, 25, 1, 5, 5, 'tristique est et tempus semper est quam pharetra magna ac'),
(45, 30, 1, 4, 4, 'sem duis aliquam convallis nunc proin at turpis a pede posuere nonummy'),
(46, 69, NULL, NULL, NULL, NULL),
(47, 4, NULL, NULL, NULL, NULL),
(48, 80, NULL, NULL, NULL, NULL),
(49, 56, 1, 1, 1, 'eget elit sodales scelerisque mauris sit amet eros suspendisse accumsan'),
(49, 81, 1, NULL, NULL, NULL),
(51, 13, 1, 2, 2, 'volutpat erat quisque erat eros viverra eget congue eget semper'),
(53, 30, 1, 3, 2, 'non mattis pulvinar nulla pede ullamcorper augue a suscipit nulla elit ac nulla'),
(53, 51, 0, NULL, NULL, NULL),
(53, 64, 0, NULL, NULL, NULL),
(54, 12, 1, 5, 5, 'semper sapien a libero nam dui proin'),
(55, 11, NULL, NULL, NULL, NULL),
(55, 79, NULL, NULL, NULL, NULL),
(56, 2, NULL, NULL, NULL, NULL),
(56, 64, NULL, NULL, NULL, NULL),
(56, 65, NULL, NULL, NULL, NULL),
(57, 94, NULL, NULL, NULL, NULL),
(60, 24, 1, 1, 1, 'amet erat nulla tempus vivamus in felis eu sapien cursus vestibulum proin eu'),
(61, 97, NULL, NULL, NULL, NULL),
(63, 44, NULL, NULL, NULL, NULL),
(63, 71, 0, NULL, NULL, NULL),
(64, 13, NULL, NULL, NULL, NULL),
(65, 29, 1, 1, 4, 'ipsum aliquam non mauris morbi non lectus aliquam sit'),
(65, 41, NULL, NULL, NULL, NULL),
(65, 97, 1, 1, 1, 'augue aliquam erat volutpat in congue etiam justo etiam pretium iaculis justo in hac habitasse'),
(67, 2, NULL, NULL, NULL, NULL),
(70, 23, 1, 5, 3, 'sagittis nam congue risus semper porta volutpat quam pede lobortis ligula sit amet'),
(70, 80, 1, 1, 1, 'lacus curabitur at ipsum ac tellus semper'),
(70, 88, NULL, NULL, NULL, NULL),
(71, 86, 1, 1, 1, 'mauris non ligula pellentesque ultrices phasellus id sapien in sapien iaculis congue'),
(72, 41, NULL, NULL, NULL, NULL),
(72, 98, 1, 2, 2, 'diam neque vestibulum eget vulputate ut ultrices vel augue vestibulum ante ipsum primis'),
(74, 58, NULL, NULL, NULL, NULL),
(75, 12, NULL, NULL, NULL, NULL),
(75, 45, 1, 5, 5, 'quis turpis sed ante vivamus tortor duis mattis egestas'),
(75, 67, 1, 2, 3, 'mattis egestas metus aenean fermentum donec ut mauris eget massa tempor'),
(76, 67, NULL, NULL, NULL, NULL),
(77, 4, 1, 3, 3, NULL),
(78, 5, 1, 4, 1, 'venenatis non sodales sed tincidunt eu felis fusce posuere'),
(79, 85, NULL, NULL, NULL, NULL),
(80, 41, 1, NULL, NULL, NULL),
(81, 68, NULL, NULL, NULL, NULL),
(82, 94, 1, 2, 2, 'pede justo eu massa donec dapibus duis'),
(83, 86, 1, 3, 3, 'ac nibh fusce lacus purus aliquet at feugiat non pretium quis lectus suspendisse'),
(85, 65, 1, 5, 1, 'sapien quis libero nullam sit amet turpis elementum ligula vehicula consequat morbi'),
(86, 84, NULL, NULL, NULL, NULL),
(88, 20, NULL, NULL, NULL, NULL),
(88, 62, 1, NULL, NULL, NULL),
(88, 79, NULL, NULL, NULL, NULL),
(88, 84, NULL, NULL, NULL, NULL),
(89, 18, 1, 5, 5, 'vel augue vestibulum rutrum rutrum neque aenean'),
(90, 74, NULL, NULL, NULL, NULL),
(91, 9, 1, 4, 2, NULL),
(91, 30, NULL, NULL, NULL, NULL),
(91, 63, 1, NULL, NULL, NULL),
(93, 63, NULL, NULL, NULL, NULL),
(94, 7, NULL, NULL, NULL, NULL),
(95, 45, 1, 1, 1, NULL),
(96, 36, NULL, NULL, NULL, NULL),
(99, 10, 1, 2, 2, 'nibh quisque id justo sit amet sapien dignissim vestibulum vestibulum ante ipsum primis in'),
(99, 29, 1, 5, 5, 'hac habitasse platea dictumst aliquam augue quam sollicitudin vitae consectetuer eget rutrum at lorem integer'),
(100, 67, NULL, NULL, NULL, NULL),
(100, 71, 1, 2, 2, 'in quis justo maecenas rhoncus aliquam lacus morbi quis tortor id nulla ultrices');

-- --------------------------------------------------------

--
-- Estructura de tabla para la tabla `examenes`
--

CREATE TABLE `examenes` (
  `examen_id` int(11) NOT NULL,
  `curso_id` int(11) NOT NULL,
  `examen_nombre` varchar(70) NOT NULL,
  `examen_link` varchar(350) NOT NULL
) ENGINE=InnoDB DEFAULT CHARSET=utf8;

--
-- Volcado de datos para la tabla `examenes`
--

INSERT INTO `examenes` (`examen_id`, `curso_id`, `examen_nombre`, `examen_link`) VALUES
(1, 42, 'vivamus metus arcu adipiscing molestie hendrerit', 'https://unblog.fr/augue/vestibulum.jsp'),
(2, 57, 'venenatis tristique fusce congue diam', 'http://exblog.jp/quis/turpis/sed/ante/vivamus/tortor.html'),
(3, 32, 'maecenas tristique est et tempus semper est', 'https://elegantthemes.com/lacus/morbi/sem.html'),
(4, 11, 'magna vestibulum aliquet ultrices erat tortor sollicitudin', 'https://miibeian.gov.cn/vestibulum/sit/amet/cursus/id/turpis.jsp'),
(5, 24, 'vitae nisl aenean lectus', 'http://telegraph.co.uk/libero/non.html'),
(6, 41, 'leo pellentesque ultrices mattis odio', 'http://is.gd/mi.json'),
(7, 89, 'magnis dis parturient montes nascetur ridiculus mus', 'http://csmonitor.com/consequat/lectus/in/est/risus/auctor/sed.js'),
(8, 2, 'nascetur ridiculus mus vivamus vestibulum', 'https://bloglovin.com/justo/in/hac.png'),
(9, 47, 'curabitur gravida nisi at nibh', 'https://reverbnation.com/ultrices/posuere.jpg'),
(10, 41, 'orci nullam molestie nibh in lectus', 'https://mapy.cz/a.jpg'),
(11, 41, 'ornare consequat lectus in est risus auctor', 'https://java.com/consectetuer/adipiscing/elit/proin/interdum/mauris.aspx'),
(12, 64, 'in sapien iaculis congue vivamus metus', 'http://dailymail.co.uk/velit/nec/nisi/vulputate/nonummy/maecenas.html'),
(13, 63, 'gravida nisi at nibh', 'http://trellian.com/arcu.aspx'),
(14, 89, 'lobortis vel dapibus at', 'https://de.vu/consectetuer/adipiscing/elit/proin.jsp'),
(15, 14, 'sed nisl nunc rhoncus dui vel', 'https://ifeng.com/aenean/sit.json'),
(16, 83, 'maecenas rhoncus aliquam lacus morbi quis', 'https://comsenz.com/in/magna/bibendum/imperdiet/nullam/orci/pede.json'),
(17, 27, 'ridiculus mus vivamus vestibulum sagittis sapien', 'http://businessinsider.com/sit/amet/consectetuer/adipiscing/elit.aspx'),
(18, 75, 'et magnis dis parturient', 'http://buzzfeed.com/sollicitudin.html'),
(19, 49, 'tempus sit amet sem fusce', 'https://webeden.co.uk/ut/erat/curabitur.html'),
(20, 57, 'condimentum id luctus nec molestie', 'https://ucoz.ru/urna/pretium/nisl/ut/volutpat/sapien/arcu.js'),
(21, 22, 'mi integer ac neque', 'https://paginegialle.it/lectus/aliquam/sit/amet/diam/in.jsp'),
(22, 16, 'pellentesque eget nunc donec quis orci', 'http://gravatar.com/eleifend/luctus/ultricies/eu/nibh.xml'),
(23, 36, 'faucibus cursus urna ut', 'http://who.int/nonummy/maecenas.aspx'),
(24, 26, 'velit donec diam neque vestibulum eget', 'https://naver.com/volutpat/eleifend/donec/ut/dolor/morbi.jsp'),
(25, 39, 'ut tellus nulla ut erat id mauris', 'http://patch.com/mi/nulla/ac/enim/in/tempor/turpis.json'),
(26, 63, 'odio donec vitae nisi', 'https://timesonline.co.uk/fermentum/donec/ut/mauris/eget.aspx'),
(27, 66, 'sapien a libero nam dui', 'http://histats.com/eleifend/quam.json'),
(28, 64, 'vestibulum vestibulum ante ipsum primis in', 'http://cam.ac.uk/est/et/tempus/semper/est.json'),
(29, 30, 'luctus et ultrices posuere cubilia', 'http://over-blog.com/turpis.jsp'),
(30, 2, 'nulla quisque arcu libero rutrum ac lobortis', 'https://walmart.com/pretium/iaculis/diam/erat.js'),
(31, 6, 'praesent blandit nam nulla integer pede justo', 'https://wp.com/maecenas/leo/odio/condimentum/id/luctus.png'),
(32, 91, 'eleifend pede libero quis orci nullam', 'http://ted.com/libero.js'),
(33, 84, 'fusce consequat nulla nisl nunc nisl duis', 'http://eepurl.com/eu.aspx'),
(34, 17, 'aliquam augue quam sollicitudin vitae', 'https://cnbc.com/risus/praesent/lectus.aspx'),
(35, 9, 'sed nisl nunc rhoncus dui vel', 'http://mysql.com/congue.json'),
(36, 62, 'sed lacus morbi sem mauris', 'https://bandcamp.com/aliquam/augue/quam/sollicitudin/vitae.js'),
(37, 55, 'ut blandit non interdum in ante vestibulum', 'https://stanford.edu/nulla/quisque/arcu/libero/rutrum/ac.js'),
(38, 32, 'duis bibendum felis sed interdum venenatis turpis', 'https://friendfeed.com/ipsum/primis/in/faucibus/orci.json'),
(39, 89, 'urna pretium nisl ut volutpat sapien arcu', 'https://theatlantic.com/interdum/in.json'),
(40, 82, 'praesent id massa id nisl venenatis lacinia', 'http://delicious.com/erat/id/mauris.png'),
(41, 48, 'integer tincidunt ante vel ipsum praesent', 'https://prweb.com/vehicula/condimentum/curabitur/in/libero/ut/massa.js'),
(42, 44, 'nisi nam ultrices libero non', 'https://360.cn/amet/consectetuer/adipiscing/elit/proin.jsp'),
(43, 61, 'dictumst aliquam augue quam', 'http://oracle.com/ut/volutpat/sapien/arcu/sed.html'),
(44, 80, 'etiam vel augue vestibulum', 'https://joomla.org/amet.aspx'),
(45, 72, 'cras mi pede malesuada in imperdiet et', 'http://stumbleupon.com/proin/eu/mi/nulla/ac.json'),
(46, 35, 'in felis eu sapien', 'https://amazon.com/vel/dapibus/at.json'),
(47, 31, 'varius integer ac leo pellentesque ultrices', 'https://mlb.com/ipsum.aspx'),
(48, 47, 'nec molestie sed justo pellentesque viverra', 'https://ed.gov/ante/ipsum/primis/in/faucibus/orci/luctus.png'),
(49, 80, 'ultrices posuere cubilia curae', 'http://fastcompany.com/quam/nec.xml'),
(50, 53, 'commodo vulputate justo in', 'https://sun.com/integer.html'),
(51, 82, 'vel dapibus at diam nam tristique', 'https://zimbio.com/nam/tristique/tortor.html'),
(52, 10, 'pretium iaculis diam erat fermentum justo', 'https://intel.com/elit/sodales/scelerisque/mauris/sit.jsp'),
(53, 86, 'vulputate vitae nisl aenean', 'https://deliciousdays.com/donec/pharetra.js'),
(54, 36, 'pede morbi porttitor lorem id ligula', 'https://dyndns.org/venenatis/tristique.jpg'),
(55, 88, 'vestibulum ac est lacinia', 'https://w3.org/sapien/a/libero/nam/dui/proin/leo.jsp'),
(56, 76, 'elementum eu interdum eu tincidunt in leo', 'https://un.org/lacinia/nisi/venenatis/tristique/fusce/congue.xml'),
(57, 88, 'consequat metus sapien ut', 'http://tinyurl.com/et/magnis.jpg'),
(58, 71, 'nulla integer pede justo lacinia eget tincidunt', 'http://webs.com/fusce/congue/diam/id/ornare/imperdiet.json'),
(59, 75, 'vivamus vestibulum sagittis sapien cum sociis natoque', 'http://virginia.edu/nam/ultrices/libero/non/mattis/pulvinar/nulla.xml'),
(60, 27, 'velit id pretium iaculis', 'https://wix.com/pede/morbi/porttitor/lorem/id/ligula/suspendisse.jsp'),
(61, 61, 'cras in purus eu magna vulputate luctus', 'https://feedburner.com/tristique/est/et.xml'),
(62, 75, 'in hac habitasse platea dictumst morbi vestibulum', 'http://histats.com/tincidunt/nulla/mollis/molestie.aspx'),
(63, 35, 'ligula nec sem duis', 'http://amazon.co.jp/ut/massa/quis/augue/luctus/tincidunt/nulla.png'),
(64, 65, 'ultrices mattis odio donec vitae', 'https://techcrunch.com/sapien/cum/sociis.aspx'),
(65, 31, 'augue quam sollicitudin vitae consectetuer eget rutrum', 'https://tinypic.com/morbi/vestibulum.js'),
(66, 71, 'in imperdiet et commodo vulputate', 'https://discuz.net/fusce/congue/diam/id.html'),
(67, 100, 'lacus purus aliquet at feugiat', 'http://vistaprint.com/pretium/iaculis.png'),
(68, 11, 'eu interdum eu tincidunt in leo', 'https://themeforest.net/metus/vitae/ipsum.json'),
(69, 91, 'vestibulum ante ipsum primis in faucibus', 'http://wordpress.org/nunc/donec/quis/orci/eget.jpg'),
(70, 67, 'arcu adipiscing molestie hendrerit', 'https://php.net/dapibus/dolor/vel/est/donec/odio.xml'),
(71, 33, 'primis in faucibus orci luctus', 'http://instagram.com/in/hac/habitasse/platea/dictumst/morbi/vestibulum.aspx'),
(72, 16, 'eu magna vulputate luctus cum', 'https://blogtalkradio.com/montes.js'),
(73, 78, 'sapien a libero nam', 'https://netlog.com/mauris/sit/amet.jsp'),
(74, 92, 'faucibus orci luctus et ultrices', 'https://stanford.edu/posuere/cubilia/curae/donec.jsp'),
(75, 59, 'hendrerit at vulputate vitae nisl', 'https://phoca.cz/libero/rutrum/ac/lobortis/vel.jpg'),
(76, 33, 'quisque id justo sit', 'http://amazon.com/ipsum/praesent/blandit/lacinia/erat.xml'),
(77, 52, 'consectetuer adipiscing elit proin interdum mauris', 'http://google.nl/vitae/quam/suspendisse/potenti/nullam.jpg'),
(78, 54, 'mauris ullamcorper purus sit', 'https://t-online.de/nulla.js'),
(79, 15, 'semper rutrum nulla nunc purus phasellus', 'http://globo.com/elit/proin/interdum/mauris/non.xml'),
(80, 52, 'vitae mattis nibh ligula nec sem duis', 'http://disqus.com/eget/orci/vehicula/condimentum/curabitur.aspx'),
(81, 73, 'purus phasellus in felis donec', 'https://alibaba.com/id/pretium/iaculis/diam/erat.xml'),
(82, 98, 'tristique in tempus sit amet', 'http://51.la/ac/enim/in/tempor.xml'),
(83, 71, 'aliquam quis turpis eget elit sodales scelerisque', 'http://sakura.ne.jp/condimentum/id/luctus/nec.json'),
(84, 4, 'nonummy maecenas tincidunt lacus at velit', 'https://a8.net/platea.aspx'),
(85, 35, 'nulla elit ac nulla sed vel enim', 'https://google.com.br/luctus.xml'),
(86, 71, 'eu est congue elementum', 'http://wix.com/iaculis/diam/erat/fermentum/justo/nec.aspx'),
(87, 59, 'luctus cum sociis natoque penatibus et', 'http://bloglovin.com/lorem/vitae.json'),
(88, 34, 'massa volutpat convallis morbi odio', 'http://dailymail.co.uk/potenti/cras/in/purus/eu/magna/vulputate.xml'),
(89, 51, 'mauris enim leo rhoncus sed vestibulum sit', 'https://usatoday.com/vestibulum/sed/magna/at/nunc/commodo/placerat.js'),
(90, 53, 'libero convallis eget eleifend luctus ultricies eu', 'https://digg.com/ipsum/dolor/sit/amet.js'),
(91, 56, 'sapien ut nunc vestibulum', 'http://mediafire.com/tortor/duis/mattis.jsp'),
(92, 70, 'fusce lacus purus aliquet at feugiat non', 'https://admin.ch/morbi/sem/mauris/laoreet/ut/rhoncus/aliquet.aspx'),
(93, 92, 'nulla tellus in sagittis dui vel', 'https://stumbleupon.com/ac.jpg'),
(94, 4, 'augue vel accumsan tellus', 'https://archive.org/orci/luctus/et/ultrices/posuere.jsp'),
(95, 83, 'pede lobortis ligula sit amet eleifend pede', 'https://japanpost.jp/pretium/quis/lectus/suspendisse/potenti.aspx'),
(96, 51, 'sed justo pellentesque viverra pede ac diam', 'https://merriam-webster.com/sit/amet/justo.aspx'),
(97, 79, 'proin interdum mauris non ligula', 'http://360.cn/eu/interdum/eu/tincidunt/in/leo/maecenas.aspx'),
(98, 17, 'eros elementum pellentesque quisque porta', 'https://icq.com/erat/quisque/erat/eros/viverra.json'),
(99, 13, 'curae mauris viverra diam vitae quam suspendisse', 'https://reference.com/at/nibh/in/hac/habitasse/platea/dictumst.json'),
(100, 21, 'consequat ut nulla sed', 'https://163.com/pellentesque/quisque/porta.jpg');

-- --------------------------------------------------------

--
-- Estructura de tabla para la tabla `links`
--

CREATE TABLE `links` (
  `link_id` int(11) NOT NULL,
  `curso_id` int(11) NOT NULL,
  `link_nombre` varchar(150) COLLATE utf8_bin NOT NULL,
  `link_link` varchar(350) COLLATE utf8_bin NOT NULL
) ENGINE=InnoDB DEFAULT CHARSET=utf8 COLLATE=utf8_bin;

--
-- Volcado de datos para la tabla `links`
--

INSERT INTO `links` (`link_id`, `curso_id`, `link_nombre`, `link_link`) VALUES
(1, 37, 'parturient montes nascetur', 'http://utexas.edu/arcu/adipiscing.aspx'),
(2, 71, 'nunc nisl duis bibendum felis', 'http://about.me/fermentum/justo/nec/condimentum/neque/sapien/placerat.jpg'),
(3, 57, 'massa id lobortis convallis', 'http://ovh.net/orci/mauris/lacinia.json'),
(4, 90, 'orci pede venenatis non sodales', 'http://plala.or.jp/condimentum/id.png'),
(5, 11, 'pharetra magna vestibulum aliquet', 'http://webnode.com/interdum/in/ante/vestibulum/ante/ipsum/primis.jsp'),
(6, 26, 'feugiat et eros', 'https://chron.com/semper/est.json'),
(7, 12, 'pede ullamcorper augue a suscipit', 'http://etsy.com/accumsan/tellus/nisi/eu/orci/mauris/lacinia.aspx'),
(8, 68, 'eget eros elementum pellentesque quisque', 'https://wikia.com/volutpat.html'),
(9, 76, 'eu nibh quisque id', 'http://123-reg.co.uk/bibendum/morbi/non.jpg'),
(10, 41, 'integer a nibh in', 'https://hc360.com/leo/pellentesque/ultrices/mattis.js'),
(11, 53, 'ut odio cras mi', 'http://blogs.com/primis/in/faucibus/orci/luctus/et.xml'),
(12, 14, 'tempus vel pede morbi porttitor', 'https://earthlink.net/ante/vestibulum/ante/ipsum/primis.js'),
(13, 3, 'vestibulum proin eu mi nulla', 'https://comsenz.com/morbi.xml'),
(14, 94, 'in leo maecenas pulvinar lobortis', 'https://list-manage.com/ultrices/posuere/cubilia.json'),
(15, 21, 'fermentum donec ut', 'http://devhub.com/volutpat/in/congue/etiam/justo.json'),
(16, 66, 'donec ut mauris eget', 'http://i2i.jp/nunc/rhoncus.png'),
(17, 90, 'eu orci mauris lacinia', 'https://ow.ly/turpis.png'),
(18, 29, 'volutpat convallis morbi odio odio', 'http://state.tx.us/ut.js'),
(19, 83, 'nisi eu orci', 'http://biblegateway.com/rhoncus/aliquet/pulvinar/sed/nisl.json'),
(20, 64, 'sit amet lobortis', 'http://mtv.com/morbi/porttitor.html'),
(21, 15, 'velit id pretium iaculis diam', 'http://upenn.edu/non/mattis/pulvinar/nulla/pede/ullamcorper.aspx'),
(22, 6, 'aliquet maecenas leo odio', 'http://topsy.com/quam/a/odio/in.xml'),
(23, 24, 'suscipit nulla elit ac nulla', 'https://ning.com/fusce/lacus/purus/aliquet.json'),
(24, 56, 'fringilla rhoncus mauris enim', 'https://mac.com/nullam/sit/amet.png'),
(25, 21, 'dis parturient montes', 'http://cocolog-nifty.com/sit/amet/nunc/viverra/dapibus/nulla/suscipit.aspx'),
(26, 68, 'ullamcorper purus sit amet nulla', 'http://example.com/enim/sit.js'),
(27, 15, 'eleifend pede libero quis orci', 'https://un.org/vitae/consectetuer/eget/rutrum/at/lorem.xml'),
(28, 42, 'in quis justo maecenas rhoncus', 'https://chron.com/platea/dictumst/morbi/vestibulum/velit.js'),
(29, 36, 'sapien placerat ante', 'http://wired.com/cursus/vestibulum/proin/eu/mi/nulla/ac.jsp'),
(30, 82, 'quisque ut erat curabitur gravida', 'https://msn.com/rutrum/at/lorem/integer/tincidunt.jsp'),
(31, 67, 'id luctus nec molestie', 'https://artisteer.com/non/pretium.js'),
(32, 33, 'dolor quis odio', 'http://ocn.ne.jp/massa/quis/augue.jpg'),
(33, 10, 'felis fusce posuere felis sed', 'http://qq.com/ipsum/aliquam/non.aspx'),
(34, 97, 'non ligula pellentesque', 'http://myspace.com/vel/sem/sed/sagittis.jsp'),
(35, 92, 'morbi a ipsum integer', 'http://google.com.hk/iaculis/justo/in/hac/habitasse.aspx'),
(36, 1, 'erat curabitur gravida nisi', 'http://cbc.ca/a.png'),
(37, 53, 'amet lobortis sapien sapien non', 'http://mapy.cz/at/velit/eu/est/congue.html'),
(38, 48, 'suspendisse potenti in', 'http://smh.com.au/gravida/sem.html'),
(39, 40, 'cubilia curae duis', 'https://artisteer.com/mauris.json'),
(40, 23, 'quis augue luctus tincidunt', 'http://ucla.edu/quam/pede.json'),
(41, 60, 'praesent blandit lacinia erat vestibulum', 'https://bbc.co.uk/suspendisse/potenti/cras/in/purus/eu.jpg'),
(42, 38, 'non quam nec dui luctus', 'https://blogger.com/quis/augue/luctus/tincidunt/nulla/mollis/molestie.png'),
(43, 14, 'dui vel sem', 'http://discuz.net/erat/eros.jpg'),
(44, 32, 'commodo vulputate justo in', 'https://seesaa.net/rhoncus/sed/vestibulum/sit/amet/cursus/id.aspx'),
(45, 94, 'massa tempor convallis nulla', 'https://redcross.org/id/lobortis/convallis/tortor.xml'),
(46, 63, 'congue elementum in', 'https://hao123.com/amet/consectetuer/adipiscing/elit/proin/risus/praesent.jsp'),
(47, 49, 'viverra diam vitae quam suspendisse', 'https://webnode.com/integer/pede/justo.xml'),
(48, 91, 'sed nisl nunc', 'http://independent.co.uk/ligula/suspendisse/ornare/consequat/lectus.jpg'),
(49, 12, 'ipsum primis in', 'https://google.com.au/donec/ut/dolor/morbi/vel.aspx'),
(50, 29, 'morbi ut odio', 'https://ucoz.ru/varius/nulla/facilisi/cras.png'),
(51, 60, 'erat quisque erat eros viverra', 'http://ihg.com/dictumst/morbi/vestibulum/velit/id/pretium.aspx'),
(52, 67, 'in hac habitasse', 'http://networksolutions.com/scelerisque/mauris/sit/amet/eros.html'),
(53, 89, 'velit nec nisi', 'http://godaddy.com/duis/bibendum/felis/sed/interdum/venenatis/turpis.html'),
(54, 47, 'volutpat quam pede lobortis ligula', 'https://slate.com/dictumst/etiam/faucibus/cursus/urna/ut.js'),
(55, 65, 'purus sit amet', 'https://addthis.com/vel/augue/vestibulum/rutrum/rutrum/neque/aenean.html'),
(56, 54, 'lacus purus aliquet at feugiat', 'https://hatena.ne.jp/eget/semper/rutrum/nulla/nunc/purus/phasellus.js'),
(57, 58, 'hac habitasse platea dictumst', 'https://mysql.com/mi/pede/malesuada/in.aspx'),
(58, 74, 'vitae ipsum aliquam', 'https://marriott.com/sapien/cum/sociis/natoque/penatibus/et.html'),
(59, 13, 'leo odio condimentum id', 'https://paginegialle.it/curae/duis.json'),
(60, 72, 'nec condimentum neque', 'https://mashable.com/eget/vulputate/ut/ultrices.js'),
(61, 62, 'etiam pretium iaculis justo in', 'http://soup.io/habitasse/platea/dictumst.jpg'),
(62, 57, 'in lacus curabitur at', 'https://reference.com/nullam/molestie/nibh/in/lectus/pellentesque.png'),
(63, 89, 'aliquam lacus morbi', 'https://msn.com/ultrices/posuere/cubilia.xml'),
(64, 22, 'potenti in eleifend quam a', 'http://sfgate.com/nullam/varius/nulla/facilisi.png'),
(65, 67, 'convallis tortor risus dapibus', 'http://mozilla.com/maecenas/rhoncus/aliquam/lacus/morbi/quis/tortor.png'),
(66, 72, 'lobortis sapien sapien non', 'https://wikipedia.org/convallis.aspx'),
(67, 21, 'lacinia sapien quis libero nullam', 'https://independent.co.uk/nulla/tempus/vivamus/in.js'),
(68, 1, 'ac lobortis vel', 'https://liveinternet.ru/velit/vivamus.xml'),
(69, 31, 'semper porta volutpat', 'http://printfriendly.com/erat/curabitur/gravida/nisi/at.jsp'),
(70, 8, 'mattis odio donec', 'http://indiegogo.com/viverra/dapibus/nulla/suscipit/ligula.js'),
(71, 90, 'pede ullamcorper augue a', 'https://msu.edu/fermentum/justo/nec.jsp'),
(72, 53, 'luctus et ultrices posuere', 'https://google.ru/sit/amet/eros/suspendisse/accumsan/tortor.json'),
(73, 50, 'lacinia eget tincidunt eget tempus', 'https://mit.edu/nisi/vulputate.xml'),
(74, 39, 'vehicula consequat morbi a', 'http://slashdot.org/venenatis/lacinia/aenean/sit/amet/justo.json'),
(75, 76, 'vestibulum velit id', 'https://army.mil/ipsum/primis/in/faucibus.json'),
(76, 42, 'sit amet sapien dignissim vestibulum', 'http://sciencedirect.com/vestibulum/sagittis/sapien/cum/sociis/natoque.html'),
(77, 34, 'eu orci mauris lacinia sapien', 'http://army.mil/luctus.js'),
(78, 100, 'habitasse platea dictumst', 'https://squidoo.com/lorem.html'),
(79, 8, 'pellentesque viverra pede ac', 'https://gov.uk/dignissim/vestibulum/vestibulum/ante/ipsum.jsp'),
(80, 62, 'molestie lorem quisque ut', 'http://dailymail.co.uk/at/velit/vivamus/vel/nulla.jsp'),
(81, 57, 'non ligula pellentesque ultrices', 'https://exblog.jp/congue/eget/semper.jpg'),
(82, 39, 'erat fermentum justo', 'https://live.com/consequat/morbi/a/ipsum/integer.html'),
(83, 86, 'quisque erat eros', 'http://friendfeed.com/augue/quam/sollicitudin/vitae.json'),
(84, 97, 'felis donec semper sapien', 'http://cnet.com/justo/pellentesque.jpg'),
(85, 77, 'placerat ante nulla justo', 'http://ibm.com/at/feugiat.jsp'),
(86, 36, 'proin leo odio porttitor', 'https://naver.com/nunc/vestibulum/ante/ipsum.html'),
(87, 70, 'interdum venenatis turpis enim blandit', 'https://a8.net/nibh/in/lectus/pellentesque/at/nulla/suspendisse.png'),
(88, 4, 'donec quis orci eget', 'http://princeton.edu/mattis/egestas/metus/aenean/fermentum/donec/ut.aspx'),
(89, 23, 'penatibus et magnis dis parturient', 'https://unicef.org/aliquam/augue.json'),
(90, 58, 'primis in faucibus orci luctus', 'http://army.mil/justo/in.xml'),
(91, 70, 'vel dapibus at diam nam', 'http://exblog.jp/habitasse/platea.xml'),
(92, 89, 'risus auctor sed', 'https://foxnews.com/dictumst.jsp'),
(93, 58, 'rutrum neque aenean auctor gravida', 'https://springer.com/ultrices/enim/lorem/ipsum/dolor/sit.jpg'),
(94, 55, 'id nisl venenatis lacinia', 'http://cnet.com/risus/auctor/sed/tristique/in/tempus/sit.aspx'),
(95, 17, 'nulla sed vel enim sit', 'http://mozilla.org/nulla/eget/eros/elementum/pellentesque/quisque.jsp'),
(96, 79, 'nam tristique tortor', 'http://yandex.ru/sem/fusce/consequat/nulla.png'),
(97, 52, 'justo sollicitudin ut suscipit a', 'https://myspace.com/luctus/et/ultrices.png'),
(98, 94, 'nibh fusce lacus', 'http://cyberchimps.com/ante/vestibulum/ante/ipsum/primis/in/faucibus.html'),
(99, 3, 'ante ipsum primis', 'https://addthis.com/metus/sapien/ut/nunc/vestibulum/ante/ipsum.jsp'),
(100, 88, 'at diam nam', 'http://infoseek.co.jp/risus/dapibus/augue/vel/accumsan/tellus/nisi.xml'),
(101, 98, 'at ipsum ac tellus', 'https://ucsd.edu/vivamus/vel/nulla/eget/eros.js'),
(102, 37, 'vestibulum sit amet cursus', 'https://cdbaby.com/vitae/nisl/aenean/lectus/pellentesque/eget/nunc.xml'),
(103, 2, 'eu massa donec', 'https://nifty.com/platea/dictumst/maecenas/ut/massa/quis.xml'),
(104, 26, 'eu sapien cursus', 'https://hostgator.com/nulla.json'),
(105, 71, 'est quam pharetra magna', 'https://paginegialle.it/potenti/in/eleifend/quam.html'),
(106, 90, 'lacus purus aliquet at feugiat', 'http://businesswire.com/ac/est/lacinia/nisi.html'),
(107, 62, 'vel sem sed sagittis nam', 'http://narod.ru/ut/odio/cras/mi.jpg'),
(108, 38, 'non velit nec nisi vulputate', 'http://cam.ac.uk/ante/ipsum/primis.jsp'),
(109, 48, 'tellus nisi eu', 'https://tiny.cc/dolor/quis/odio/consequat/varius/integer.png'),
(110, 93, 'ipsum ac tellus semper interdum', 'http://wordpress.com/proin/interdum.jsp'),
(111, 100, 'eget tincidunt eget', 'http://oracle.com/lectus/in/quam/fringilla/rhoncus/mauris.png'),
(112, 94, 'quis turpis eget elit sodales', 'http://hc360.com/imperdiet/sapien.png'),
(113, 18, 'phasellus id sapien', 'https://berkeley.edu/sem/duis/aliquam/convallis/nunc/proin/at.png'),
(114, 84, 'pellentesque eget nunc', 'https://goo.gl/ultrices/phasellus/id.html'),
(115, 19, 'eget nunc donec quis orci', 'http://artisteer.com/nec/nisi.json'),
(116, 81, 'quam a odio in hac', 'http://bloglovin.com/augue/aliquam/erat/volutpat/in/congue/etiam.html'),
(117, 89, 'proin at turpis', 'https://psu.edu/varius/ut/blandit/non/interdum/in/ante.png'),
(118, 10, 'consectetuer adipiscing elit proin', 'https://hao123.com/ante/ipsum/primis/in.jsp'),
(119, 35, 'nulla ut erat', 'http://apple.com/vulputate/vitae/nisl/aenean/lectus/pellentesque.js'),
(120, 76, 'nec dui luctus', 'http://slideshare.net/primis/in.aspx'),
(121, 64, 'erat quisque erat eros', 'http://alibaba.com/amet/consectetuer.xml'),
(122, 91, 'quam fringilla rhoncus mauris enim', 'https://hp.com/lobortis.js'),
(123, 91, 'in purus eu', 'http://networksolutions.com/consequat/varius/integer.html'),
(124, 4, 'condimentum neque sapien placerat', 'https://lycos.com/vel/nisl/duis/ac.png'),
(125, 4, 'praesent lectus vestibulum quam', 'http://cpanel.net/penatibus/et.aspx'),
(126, 22, 'orci luctus et ultrices posuere', 'https://hostgator.com/augue/a/suscipit/nulla/elit/ac/nulla.js'),
(127, 51, 'interdum mauris non ligula pellentesque', 'https://shinystat.com/luctus/ultricies.jsp'),
(128, 41, 'vestibulum proin eu mi nulla', 'https://google.pl/mattis/egestas/metus/aenean/fermentum/donec.jpg'),
(129, 28, 'leo odio condimentum id', 'https://psu.edu/porttitor/id/consequat/in.html'),
(130, 30, 'curae duis faucibus', 'https://sogou.com/id/massa/id/nisl/venenatis/lacinia.xml'),
(131, 86, 'in lacus curabitur', 'https://bloglines.com/a/odio.xml'),
(132, 55, 'nonummy integer non velit donec', 'https://ftc.gov/lobortis/vel/dapibus/at.aspx'),
(133, 80, 'vestibulum ac est lacinia', 'http://a8.net/tristique/est/et.js'),
(134, 24, 'eget tincidunt eget tempus', 'http://dedecms.com/vestibulum/aliquet/ultrices/erat/tortor/sollicitudin/mi.json'),
(135, 95, 'nunc donec quis orci', 'https://shop-pro.jp/in/libero/ut/massa/volutpat/convallis/morbi.html'),
(136, 22, 'libero ut massa volutpat', 'http://de.vu/at/nulla.aspx'),
(137, 55, 'nisl nunc nisl', 'http://hugedomains.com/parturient/montes/nascetur/ridiculus/mus.jpg'),
(138, 86, 'enim blandit mi in porttitor', 'http://homestead.com/ornare/imperdiet/sapien/urna/pretium/nisl/ut.json'),
(139, 9, 'velit id pretium', 'https://nba.com/odio/consequat/varius/integer/ac.html'),
(140, 46, 'nulla ac enim in', 'https://wix.com/laoreet/ut/rhoncus/aliquet/pulvinar/sed/nisl.jsp'),
(141, 44, 'vel enim sit amet', 'https://yahoo.co.jp/platea/dictumst/morbi/vestibulum.js'),
(142, 23, 'orci mauris lacinia sapien quis', 'https://ibm.com/vulputate/vitae/nisl/aenean.png'),
(143, 99, 'eros elementum pellentesque quisque porta', 'https://cdbaby.com/orci/mauris/lacinia/sapien.aspx'),
(144, 91, 'sit amet cursus id', 'https://wordpress.com/neque/sapien/placerat/ante/nulla.png'),
(145, 52, 'cras pellentesque volutpat', 'https://trellian.com/ante/ipsum.json'),
(146, 72, 'lectus in quam fringilla', 'http://goo.ne.jp/morbi/non/lectus/aliquam.png'),
(147, 100, 'sagittis sapien cum', 'http://pinterest.com/in/quis/justo/maecenas/rhoncus.png'),
(148, 99, 'pulvinar lobortis est', 'http://mail.ru/consequat/ut/nulla.jsp'),
(149, 88, 'accumsan felis ut at', 'http://ucla.edu/ut/at/dolor.jsp'),
(150, 30, 'donec ut dolor morbi vel', 'https://ucoz.ru/pharetra.xml'),
(151, 28, 'enim leo rhoncus', 'http://seesaa.net/ac/nulla/sed/vel/enim/sit/amet.aspx'),
(152, 47, 'libero rutrum ac lobortis vel', 'https://ca.gov/vulputate/luctus/cum/sociis/natoque/penatibus.jpg'),
(153, 89, 'congue eget semper', 'http://elegantthemes.com/vestibulum/sit/amet/cursus.aspx'),
(154, 23, 'tincidunt in leo maecenas pulvinar', 'http://adobe.com/luctus/ultricies/eu/nibh/quisque/id/justo.xml'),
(155, 50, 'faucibus accumsan odio curabitur', 'http://reddit.com/convallis/nunc.html'),
(156, 1, 'vel lectus in quam fringilla', 'http://last.fm/morbi/non/quam/nec/dui.js'),
(157, 26, 'aenean sit amet', 'http://hp.com/habitasse/platea/dictumst/maecenas/ut.js'),
(158, 86, 'in libero ut massa volutpat', 'https://netvibes.com/suspendisse.js'),
(159, 66, 'tellus in sagittis dui', 'http://cloudflare.com/ut/dolor/morbi/vel/lectus.xml'),
(160, 79, 'aliquam lacus morbi quis', 'http://mapquest.com/volutpat/convallis/morbi/odio.jsp'),
(161, 25, 'consequat varius integer ac', 'http://latimes.com/lacus/morbi.xml'),
(162, 21, 'lobortis vel dapibus', 'https://dropbox.com/nulla/ut/erat/id/mauris/vulputate/elementum.xml'),
(163, 15, 'enim in tempor turpis', 'http://a8.net/ultrices/posuere/cubilia/curae/mauris/viverra/diam.aspx'),
(164, 42, 'quisque arcu libero', 'https://marketwatch.com/sem/fusce/consequat/nulla/nisl.aspx'),
(165, 61, 'orci luctus et ultrices posuere', 'http://ask.com/nulla/dapibus/dolor/vel/est/donec/odio.jsp'),
(166, 86, 'amet lobortis sapien', 'https://geocities.com/neque/sapien/placerat/ante/nulla/justo/aliquam.xml'),
(167, 88, 'varius ut blandit non interdum', 'https://hatena.ne.jp/enim.aspx'),
(168, 27, 'elementum in hac habitasse', 'https://istockphoto.com/amet/sapien/dignissim/vestibulum/vestibulum.json'),
(169, 79, 'nulla tempus vivamus', 'http://goo.gl/tincidunt.xml'),
(170, 39, 'eleifend pede libero quis orci', 'http://tamu.edu/nascetur/ridiculus/mus.js'),
(171, 27, 'erat volutpat in congue', 'https://statcounter.com/libero/non/mattis/pulvinar/nulla/pede.html'),
(172, 1, 'libero non mattis pulvinar nulla', 'http://nhs.uk/viverra/dapibus.png'),
(173, 24, 'suspendisse accumsan tortor quis turpis', 'http://bbb.org/pretium.jsp'),
(174, 55, 'mauris vulputate elementum nullam', 'https://aboutads.info/vitae.json'),
(175, 12, 'convallis nulla neque', 'http://nba.com/semper/est/quam/pharetra.jsp'),
(176, 56, 'rutrum at lorem integer', 'http://bloomberg.com/id/justo/sit/amet/sapien.jpg'),
(177, 31, 'convallis nulla neque', 'http://psu.edu/magna/vulputate/luctus/cum/sociis/natoque/penatibus.jpg'),
(178, 63, 'dictumst morbi vestibulum velit id', 'https://europa.eu/tincidunt/in/leo/maecenas/pulvinar/lobortis/est.html'),
(179, 84, 'purus eu magna', 'http://businessinsider.com/aenean/sit/amet/justo.jsp'),
(180, 35, 'luctus nec molestie', 'http://booking.com/neque/duis/bibendum/morbi.html'),
(181, 51, 'ut massa quis', 'https://youtube.com/molestie.xml'),
(182, 73, 'mattis odio donec vitae', 'https://comsenz.com/molestie/hendrerit/at/vulputate/vitae/nisl.html'),
(183, 52, 'placerat praesent blandit nam nulla', 'http://wikispaces.com/rutrum.jpg'),
(184, 21, 'porta volutpat quam pede', 'https://cornell.edu/ultrices/posuere/cubilia/curae/nulla.png'),
(185, 51, 'in sagittis dui vel', 'http://umn.edu/augue/aliquam.jpg'),
(186, 60, 'ut suscipit a', 'http://hostgator.com/diam/id/ornare/imperdiet/sapien/urna.html'),
(187, 45, 'vestibulum quam sapien varius', 'http://dailymotion.com/nulla.jsp'),
(188, 16, 'est et tempus semper', 'http://netvibes.com/eleifend/quam/a/odio/in/hac/habitasse.html'),
(189, 64, 'eget tincidunt eget tempus vel', 'http://prweb.com/tristique.xml'),
(190, 81, 'iaculis justo in hac', 'http://livejournal.com/eros/viverra/eget.json'),
(191, 2, 'auctor gravida sem praesent', 'https://arstechnica.com/velit/donec/diam/neque/vestibulum.aspx'),
(192, 55, 'est et tempus semper est', 'http://businessinsider.com/pulvinar/nulla/pede/ullamcorper/augue.aspx'),
(193, 35, 'quis tortor id nulla', 'http://elegantthemes.com/blandit/ultrices.xml'),
(194, 49, 'ornare consequat lectus', 'http://marketwatch.com/volutpat.html'),
(195, 80, 'dui vel nisl duis ac', 'https://loc.gov/nulla/pede/ullamcorper/augue/a.png'),
(196, 62, 'turpis integer aliquet massa id', 'http://elegantthemes.com/ac/nulla/sed/vel.html'),
(197, 48, 'congue eget semper rutrum nulla', 'https://tripod.com/nec/euismod/scelerisque/quam/turpis/adipiscing/lorem.jsp'),
(198, 34, 'nunc donec quis orci eget', 'https://nytimes.com/faucibus/orci/luctus/et/ultrices/posuere/cubilia.aspx'),
(199, 91, 'tincidunt in leo maecenas', 'https://sourceforge.net/non/ligula/pellentesque/ultrices/phasellus.xml'),
(200, 49, 'nisi volutpat eleifend donec ut', 'http://hostgator.com/id/turpis/integer.aspx'),
(201, 32, 'tempus vel pede morbi porttitor', 'http://tmall.com/in/felis/donec.jpg'),
(202, 64, 'nulla suscipit ligula in', 'https://alexa.com/vel/ipsum/praesent/blandit/lacinia/erat/vestibulum.html'),
(203, 81, 'platea dictumst etiam faucibus', 'http://usnews.com/imperdiet/sapien/urna.json'),
(204, 29, 'est et tempus', 'http://newyorker.com/lectus/pellentesque/eget/nunc/donec.jpg'),
(205, 9, 'tempor convallis nulla', 'http://china.com.cn/eget/vulputate/ut/ultrices/vel.jpg'),
(206, 14, 'ridiculus mus vivamus vestibulum sagittis', 'http://admin.ch/condimentum.js'),
(207, 86, 'eu est congue elementum', 'http://sciencedaily.com/id/nulla/ultrices.jsp'),
(208, 27, 'ante ipsum primis', 'https://berkeley.edu/magna.js'),
(209, 93, 'iaculis diam erat fermentum', 'https://reuters.com/eu/nibh/quisque/id.js'),
(210, 4, 'nam dui proin', 'https://wp.com/lobortis/vel/dapibus/at/diam/nam.js'),
(211, 12, 'etiam vel augue vestibulum rutrum', 'https://t-online.de/curae.xml'),
(212, 65, 'ligula sit amet', 'http://stumbleupon.com/nisi/nam/ultrices/libero/non/mattis.xml'),
(213, 74, 'neque aenean auctor', 'http://nbcnews.com/quisque/porta/volutpat/erat/quisque.js'),
(214, 76, 'mauris morbi non', 'https://springer.com/id/lobortis.js'),
(215, 8, 'ultrices posuere cubilia', 'http://constantcontact.com/vitae/nisi/nam/ultrices/libero.aspx'),
(216, 68, 'montes nascetur ridiculus', 'https://amazonaws.com/et.jsp'),
(217, 94, 'ut nunc vestibulum ante ipsum', 'https://fastcompany.com/gravida/nisi/at/nibh/in.js'),
(218, 4, 'dapibus dolor vel', 'https://guardian.co.uk/aenean/fermentum/donec/ut/mauris/eget.xml'),
(219, 65, 'id pretium iaculis', 'http://ihg.com/lectus/aliquam/sit/amet/diam.json'),
(220, 51, 'viverra eget congue', 'http://wix.com/metus/aenean.html'),
(221, 2, 'sit amet nunc', 'http://apple.com/nibh/quisque/id/justo/sit.jsp'),
(222, 30, 'posuere felis sed lacus morbi', 'https://sina.com.cn/odio/condimentum/id/luctus.jsp'),
(223, 11, 'morbi non lectus aliquam', 'https://wikimedia.org/massa/quis/augue/luctus/tincidunt/nulla/mollis.json'),
(224, 2, 'risus semper porta', 'https://epa.gov/vestibulum/rutrum/rutrum/neque.html'),
(225, 24, 'nisi eu orci', 'https://harvard.edu/dui/vel/sem/sed/sagittis/nam/congue.js'),
(226, 31, 'in tempor turpis nec euismod', 'https://imageshack.us/pede.aspx'),
(227, 83, 'ullamcorper purus sit amet', 'http://cloudflare.com/praesent/blandit/lacinia/erat/vestibulum/sed/magna.jpg'),
(228, 3, 'ultrices erat tortor', 'http://yandex.ru/vel/nulla.json'),
(229, 33, 'convallis nulla neque libero', 'https://go.com/risus/dapibus.html'),
(230, 36, 'non mi integer ac', 'http://moonfruit.com/magnis/dis/parturient.jsp'),
(231, 74, 'nascetur ridiculus mus vivamus', 'https://paginegialle.it/orci/nullam/molestie/nibh/in/lectus.jpg'),
(232, 73, 'in leo maecenas pulvinar', 'https://so-net.ne.jp/dictumst/maecenas/ut/massa/quis/augue/luctus.html'),
(233, 82, 'at feugiat non', 'http://tamu.edu/eget/vulputate.jsp'),
(234, 98, 'mollis molestie lorem quisque ut', 'https://gov.uk/platea/dictumst/morbi/vestibulum/velit/id/pretium.aspx'),
(235, 83, 'eget nunc donec quis', 'https://dedecms.com/porta/volutpat/erat/quisque/erat/eros/viverra.aspx'),
(236, 67, 'vitae quam suspendisse potenti', 'https://dmoz.org/nulla.aspx'),
(237, 81, 'justo eu massa donec', 'https://aol.com/sapien/non.aspx'),
(238, 3, 'parturient montes nascetur ridiculus mus', 'https://tuttocitta.it/tincidunt/lacus/at/velit/vivamus/vel.js'),
(239, 91, 'tempor turpis nec', 'https://shareasale.com/vestibulum/quam/sapien/varius/ut.html'),
(240, 95, 'justo eu massa donec', 'https://dailymotion.com/morbi/sem/mauris/laoreet.jpg'),
(241, 98, 'morbi porttitor lorem id ligula', 'https://mashable.com/libero/non/mattis/pulvinar/nulla/pede/ullamcorper.html'),
(242, 65, 'facilisi cras non velit', 'http://craigslist.org/massa/volutpat/convallis/morbi/odio/odio/elementum.html'),
(243, 8, 'imperdiet et commodo vulputate', 'https://baidu.com/fermentum/donec/ut/mauris/eget.html'),
(244, 64, 'turpis a pede posuere nonummy', 'http://abc.net.au/at/vulputate/vitae/nisl/aenean/lectus/pellentesque.js'),
(245, 42, 'ut at dolor quis odio', 'https://nyu.edu/duis/aliquam/convallis/nunc.js'),
(246, 64, 'ligula nec sem duis aliquam', 'http://hibu.com/sapien/dignissim/vestibulum.jpg'),
(247, 86, 'platea dictumst maecenas', 'https://alibaba.com/at.xml'),
(248, 59, 'ipsum aliquam non mauris morbi', 'https://umich.edu/mauris/morbi/non/lectus/aliquam/sit.json'),
(249, 38, 'erat volutpat in', 'https://engadget.com/dictumst/maecenas/ut/massa/quis/augue/luctus.xml'),
(250, 72, 'orci luctus et', 'http://hubpages.com/a/nibh/in/quis/justo.jpg'),
(251, 48, 'blandit mi in porttitor pede', 'https://quantcast.com/ante/vel/ipsum.jsp'),
(252, 45, 'nulla eget eros', 'https://auda.org.au/quis/turpis/sed.aspx'),
(253, 63, 'diam vitae quam', 'https://chronoengine.com/ut/tellus/nulla/ut.js'),
(254, 22, 'in faucibus orci luctus et', 'http://nsw.gov.au/interdum/eu.png'),
(255, 17, 'leo maecenas pulvinar lobortis', 'https://feedburner.com/feugiat/et/eros/vestibulum/ac.js'),
(256, 25, 'vel est donec odio', 'http://comcast.net/turpis/integer/aliquet/massa/id.xml'),
(257, 72, 'phasellus in felis donec semper', 'https://nationalgeographic.com/pellentesque.xml'),
(258, 22, 'mauris non ligula pellentesque ultrices', 'http://imdb.com/neque/vestibulum/eget.png'),
(259, 13, 'sem fusce consequat nulla', 'https://businesswire.com/nunc/nisl/duis/bibendum/felis.jsp'),
(260, 6, 'ultrices posuere cubilia curae duis', 'http://wikimedia.org/eget/nunc.aspx'),
(261, 17, 'condimentum curabitur in libero', 'http://slashdot.org/id/nulla/ultrices/aliquet/maecenas/leo/odio.json'),
(262, 26, 'nulla nisl nunc nisl duis', 'https://disqus.com/tincidunt/nulla/mollis.xml'),
(263, 40, 'ante ipsum primis in faucibus', 'https://telegraph.co.uk/eu/orci/mauris.jsp'),
(264, 10, 'vivamus vel nulla eget eros', 'https://fema.gov/quis/odio/consequat/varius/integer/ac.js'),
(265, 3, 'lorem ipsum dolor sit', 'http://nifty.com/ipsum/dolor/sit/amet/consectetuer/adipiscing/elit.json'),
(266, 98, 'turpis a pede posuere', 'http://un.org/amet/sapien/dignissim/vestibulum/vestibulum/ante.xml'),
(267, 7, 'sapien placerat ante nulla', 'http://ft.com/volutpat/dui/maecenas/tristique/est/et.png'),
(268, 13, 'quam a odio in', 'https://blog.com/eget/orci.xml'),
(269, 52, 'eget massa tempor convallis nulla', 'https://nps.gov/nisl/aenean/lectus/pellentesque/eget.png'),
(270, 59, 'libero rutrum ac', 'https://theguardian.com/fermentum/donec/ut/mauris/eget.html'),
(271, 68, 'cras in purus eu magna', 'http://xing.com/viverra/dapibus/nulla/suscipit/ligula.jpg'),
(272, 95, 'habitasse platea dictumst', 'https://amazon.com/neque/vestibulum/eget.json'),
(273, 100, 'eget semper rutrum', 'https://nhs.uk/eu.json'),
(274, 4, 'ut tellus nulla', 'http://epa.gov/quam/fringilla/rhoncus.xml'),
(275, 70, 'consequat in consequat ut', 'http://soup.io/tortor/sollicitudin/mi/sit.png'),
(276, 55, 'felis eu sapien cursus vestibulum', 'https://seattletimes.com/sit/amet/consectetuer/adipiscing/elit/proin/risus.xml'),
(277, 62, 'nulla facilisi cras', 'http://over-blog.com/ultrices/posuere/cubilia/curae/nulla/dapibus.jsp'),
(278, 74, 'sapien urna pretium nisl', 'https://google.ca/nibh/in/quis/justo/maecenas.aspx'),
(279, 34, 'quisque porta volutpat erat', 'https://histats.com/eu/nibh/quisque/id.aspx'),
(280, 59, 'mi nulla ac enim', 'https://zdnet.com/eros/suspendisse.xml'),
(281, 61, 'nisi vulputate nonummy maecenas tincidunt', 'http://netvibes.com/bibendum/imperdiet/nullam.jsp'),
(282, 69, 'nulla ut erat id', 'https://hostgator.com/vitae/ipsum/aliquam/non/mauris/morbi.xml'),
(283, 10, 'habitasse platea dictumst etiam', 'http://nationalgeographic.com/maecenas/pulvinar/lobortis.jpg'),
(284, 63, 'cubilia curae nulla dapibus', 'http://ucsd.edu/in.xml'),
(285, 69, 'integer ac leo', 'http://4shared.com/volutpat/erat/quisque/erat/eros.png'),
(286, 71, 'morbi vestibulum velit id', 'https://toplist.cz/posuere/cubilia.aspx'),
(287, 19, 'eleifend luctus ultricies eu', 'http://soundcloud.com/dolor/morbi.aspx'),
(288, 12, 'nulla elit ac', 'http://nifty.com/imperdiet/et/commodo.json'),
(289, 90, 'nec condimentum neque', 'https://studiopress.com/quam/pede/lobortis/ligula.png'),
(290, 85, 'sed accumsan felis ut at', 'http://whitehouse.gov/ipsum/integer/a.jpg'),
(291, 98, 'in porttitor pede justo eu', 'http://gravatar.com/dapibus/dolor/vel/est.html'),
(292, 65, 'at feugiat non', 'https://xing.com/at/nunc.png'),
(293, 55, 'pellentesque quisque porta volutpat erat', 'https://nifty.com/mauris/vulputate/elementum/nullam/varius.json'),
(294, 95, 'aenean lectus pellentesque eget', 'https://cam.ac.uk/at/feugiat/non.png'),
(295, 79, 'phasellus sit amet erat', 'https://nyu.edu/ut/massa/quis.xml'),
(296, 48, 'ante vestibulum ante ipsum primis', 'http://aboutads.info/vestibulum/aliquet/ultrices/erat/tortor.html'),
(297, 49, 'pellentesque viverra pede ac', 'https://virginia.edu/orci/mauris.html'),
(298, 4, 'nisl duis ac nibh fusce', 'http://squarespace.com/orci/luctus/et.xml'),
(299, 91, 'tristique est et', 'http://hibu.com/volutpat.json'),
(300, 18, 'nulla tempus vivamus', 'https://ocn.ne.jp/viverra/pede.jpg');

-- --------------------------------------------------------

--
-- Estructura de tabla para la tabla `multimedia_cursos`
--

CREATE TABLE `multimedia_cursos` (
  `multimedia_curso_id` int(11) NOT NULL,
  `curso_id` int(11) NOT NULL,
  `m_c_nombre` varchar(150) NOT NULL,
  `m_c_link` varchar(350) NOT NULL
) ENGINE=InnoDB DEFAULT CHARSET=utf8;

--
-- Volcado de datos para la tabla `multimedia_cursos`
--

INSERT INTO `multimedia_cursos` (`multimedia_curso_id`, `curso_id`, `m_c_nombre`, `m_c_link`) VALUES
(1, 71, 'Buspirone Hydrochloride', 'https://cloudflare.com/pulvinar/nulla/pede/ullamcorper.html'),
(2, 13, 'triple antibiotic', 'http://fastcompany.com/magna/ac.jsp'),
(3, 48, 'leader childrens ibuprofen', 'http://behance.net/neque.aspx'),
(4, 5, 'Caraway Seed', 'https://merriam-webster.com/urna/ut/tellus/nulla/ut/erat/id.jpg'),
(5, 14, 'Pain Reileving Herbal Oil', 'http://shareasale.com/volutpat/sapien/arcu.aspx'),
(6, 22, 'Benztropine Mesylate', 'https://youku.com/a.jsp'),
(7, 61, 'Revonto', 'https://noaa.gov/elementum/eu/interdum/eu/tincidunt.jpg'),
(8, 62, 'Methocarbamol', 'https://freewebs.com/sit/amet/consectetuer/adipiscing/elit/proin.aspx'),
(9, 30, 'Gentak', 'https://alexa.com/posuere.xml'),
(10, 16, 'Kadian', 'https://nih.gov/erat/nulla.jpg'),
(11, 3, 'Deb InstantFOAM Alcohol Hand Sanitizer', 'http://yolasite.com/nulla/tellus/in/sagittis/dui.json'),
(12, 4, 'SHISEIDO SHEER MATIFYING COMPACT (REFILL)', 'https://github.com/justo/maecenas/rhoncus/aliquam/lacus.json'),
(13, 73, 'TOPIRAMATE', 'http://xing.com/amet.xml'),
(14, 64, 'moisturizing lubricant', 'http://jimdo.com/ipsum/aliquam/non/mauris/morbi/non.aspx'),
(15, 94, 'Tolterodine Tartrate', 'https://t.co/eros.html'),
(16, 35, 'cough and sore throat', 'https://skype.com/maecenas/ut.html'),
(17, 3, 'CYZONE', 'https://netvibes.com/augue/vel/accumsan/tellus.xml'),
(18, 2, 'Propylthiouracil', 'https://dyndns.org/in/faucibus/orci.html'),
(19, 69, 'Midazolam hydrochloride', 'https://usnews.com/et/eros/vestibulum/ac.html'),
(20, 11, 'POTIGA', 'https://springer.com/tincidunt/eu/felis.png'),
(21, 60, 'Sunmark Loratadine', 'http://hc360.com/condimentum/neque/sapien/placerat/ante/nulla.js'),
(22, 73, 'Cyclobenzaprine Hydrochloride', 'http://kickstarter.com/montes/nascetur.xml'),
(23, 6, 'Melphalan Hydrochloride', 'https://unblog.fr/bibendum/imperdiet/nullam/orci/pede/venenatis/non.xml'),
(24, 26, 'Dexmethylphenidate Hydrochloride', 'http://hatena.ne.jp/primis.js'),
(25, 24, 'TIAZAC', 'http://newsvine.com/felis/donec.json'),
(26, 45, 'ADVANCED CELL BOOSTING EX EYE', 'http://webs.com/orci/nullam/molestie/nibh/in.jpg'),
(27, 1, 'SyDetox', 'http://sciencedirect.com/nisl/nunc/nisl.json'),
(28, 42, 'PAIN RELIEVER PM', 'http://harvard.edu/quis/turpis/eget/elit/sodales/scelerisque.js'),
(29, 45, 'Hydrocortisone', 'https://techcrunch.com/purus/phasellus/in/felis/donec/semper/sapien.html'),
(30, 95, 'Childrens Allergy Relief', 'https://feedburner.com/at/turpis/donec/posuere/metus/vitae/ipsum.html'),
(31, 47, 'GRAPHITES', 'http://jalbum.net/lectus.html'),
(32, 25, 'Isosulfan Blue', 'http://cloudflare.com/mi.html'),
(33, 68, 'Neutrogena Naturals Acne Spot Treatment', 'https://google.it/mauris.png'),
(34, 7, 'CounterAct', 'https://gnu.org/dictumst/etiam/faucibus/cursus.html'),
(35, 27, 'Lucky Super Soft', 'https://printfriendly.com/egestas/metus/aenean.html'),
(36, 98, 'Oxytocin', 'http://umich.edu/bibendum/imperdiet/nullam/orci/pede/venenatis.html'),
(37, 32, 'ZOLOFT', 'http://youtu.be/luctus.jpg'),
(38, 22, 'Lyrica', 'http://virginia.edu/cum/sociis/natoque.js'),
(39, 57, 'Firefly Angry Birds Fluoride', 'http://japanpost.jp/lorem.png'),
(40, 57, 'Simvastatin', 'https://tiny.cc/cras/pellentesque/volutpat/dui/maecenas/tristique.jpg'),
(41, 35, 'Lubas', 'http://thetimes.co.uk/eu/mi/nulla.jsp'),
(42, 79, 'TIAZAC', 'https://cbsnews.com/odio/consequat.png'),
(43, 50, 'Topiramate', 'http://smugmug.com/sit/amet/consectetuer/adipiscing/elit/proin/risus.png'),
(44, 58, 'Arroyo Willow', 'http://linkedin.com/curabitur/in.jpg'),
(45, 43, 'Colgate', 'https://springer.com/pulvinar/sed/nisl.xml'),
(46, 50, 'EXTRA STRENGTH HUA TUO MEDICATED PLASTER', 'https://statcounter.com/cubilia/curae.xml'),
(47, 92, 'LBEL MAXIMUM COMFORT AND LONG-LASTING FOUNDATION SPF 10', 'http://weibo.com/imperdiet/sapien/urna.xml'),
(48, 28, 'Naratriptan Hydrochloride', 'http://wisc.edu/lacus/at/turpis.png'),
(49, 28, 'White Pine', 'http://discuz.net/faucibus/cursus/urna/ut/tellus.jsp'),
(50, 93, 'White Petrolatum', 'https://nationalgeographic.com/fusce/lacus/purus.jpg'),
(51, 10, 'Dandruff', 'http://ihg.com/nulla/ac/enim/in.jpg'),
(52, 64, 'Chlorpromazine Hydrochloride', 'https://tripod.com/sapien.png'),
(53, 12, 'PPH', 'https://scribd.com/nec/sem.json'),
(54, 77, 'Nasal Catarrh', 'https://epa.gov/parturient/montes.png'),
(55, 50, 'CareOne Lubricant', 'http://instagram.com/amet/consectetuer/adipiscing/elit/proin/interdum.xml'),
(56, 35, 'L OCCITANE IMMORTELLE BRIGHTENING SHIELD SPF 40 SUNSCREEN', 'https://about.com/lacus/curabitur/at/ipsum/ac/tellus/semper.jsp'),
(57, 27, 'OXYGEN', 'https://dailymotion.com/ut/massa/quis/augue/luctus.json'),
(58, 16, 'Lithium Carbonate', 'http://stanford.edu/felis/donec/semper/sapien/a/libero/nam.js'),
(59, 59, 'Nioxin Scalp Recovery', 'https://eventbrite.com/ullamcorper.xml'),
(60, 22, 'Losartan Potassium', 'http://github.com/suspendisse/potenti/in/eleifend.jpg'),
(61, 29, 'GANCICLOVIR', 'http://ihg.com/dictumst/aliquam/augue/quam/sollicitudin/vitae/consectetuer.js'),
(62, 16, 'cough', 'http://microsoft.com/pede.png'),
(63, 70, 'Alclometasone Dipropionate', 'http://mac.com/sem/praesent/id/massa/id.aspx'),
(64, 65, 'Fluorouracil', 'https://wisc.edu/nibh/ligula/nec.jpg'),
(65, 17, 'Moms Choice Rx', 'https://blogtalkradio.com/enim.aspx'),
(66, 70, 'CLE DE PEAU BEAUTE CR COMPACT FOUNDATION', 'http://sfgate.com/sit/amet.html'),
(67, 37, 'Piperacillin, Tazobactam', 'http://alibaba.com/sed.json'),
(68, 61, 'Lortab', 'https://instagram.com/etiam/pretium/iaculis/justo/in.aspx'),
(69, 88, 'Grama Grass', 'https://salon.com/orci/vehicula.jsp'),
(70, 83, 'Pollens - Trees, Alder, Red Alnus rubra', 'http://usnews.com/nonummy/maecenas.aspx'),
(71, 45, 'Stressa Back and Neck Pain Relieving', 'https://wikispaces.com/vel/nulla/eget.json'),
(72, 94, 'Carvedilol', 'http://fda.gov/ultrices/erat/tortor.aspx'),
(73, 92, 'Moxatag', 'https://uol.com.br/nulla/sed/accumsan.jsp'),
(74, 29, 'Chapstick Moisturizer Raspberry Creme', 'http://google.fr/nisi/volutpat.html'),
(75, 32, 'PAROXETINE', 'http://wikipedia.org/luctus/rutrum/nulla/tellus/in/sagittis.jpg'),
(76, 8, 'PAIN Terminator Analgesic', 'http://blogger.com/tempor/turpis/nec/euismod/scelerisque.json'),
(77, 52, 'HAMSOA YUYU DERMA119 BALM', 'https://scientificamerican.com/faucibus/orci/luctus/et/ultrices.jpg'),
(78, 42, 'Teflaro', 'http://quantcast.com/sapien/non/mi/integer.xml'),
(79, 7, 'Dextrose and Sodium Chloride', 'https://quantcast.com/sapien/arcu/sed/augue.json'),
(80, 4, 'Hydralazine Hydrochloride', 'https://vistaprint.com/ac/leo/pellentesque/ultrices/mattis/odio.html'),
(81, 18, 'Soothe Night Time', 'https://acquirethisname.com/a.html'),
(82, 14, 'Cold Sore Treatment', 'https://ehow.com/vitae/consectetuer/eget/rutrum/at.js'),
(83, 92, 'Cetirizine Hydrochloride', 'https://google.com/consequat/morbi.html'),
(84, 83, 'Hydrate', 'https://artisteer.com/pellentesque/volutpat/dui/maecenas/tristique/est/et.html'),
(85, 15, 'Gabapentin', 'http://devhub.com/ornare/imperdiet/sapien/urna/pretium/nisl/ut.html'),
(86, 100, 'Enalapril Maleate', 'http://timesonline.co.uk/mus/vivamus/vestibulum/sagittis/sapien/cum.json'),
(87, 92, 'Gelato Topical Anesthetic', 'https://tripod.com/ac/neque/duis.js'),
(88, 57, 'Medroxyprogesterone Acetate', 'http://photobucket.com/non/interdum/in/ante/vestibulum.html'),
(89, 59, 'Alprazolam', 'http://umn.edu/nunc/commodo/placerat/praesent/blandit.jpg'),
(90, 38, 'Transmucosal Fentanyl Citrate', 'https://live.com/felis/ut/at/dolor/quis/odio.xml'),
(91, 46, 'Clobetasol Propionate', 'https://csmonitor.com/nibh/in/lectus/pellentesque/at.xml'),
(92, 78, 'equaline nicotine', 'http://reuters.com/ultrices/mattis/odio.aspx'),
(93, 46, 'Infectiguard Fast Acting Antiseptic Hand Sanitizer', 'http://arstechnica.com/maecenas/leo/odio/condimentum/id/luctus.jsp'),
(94, 28, 'Hydrocodone Bitartrate And Acetaminophen', 'http://theguardian.com/elementum.html'),
(95, 43, 'SABRIL', 'http://amazon.de/turpis.xml'),
(96, 86, 'METFORMIN HYDROCHLORIDE', 'http://photobucket.com/ut/at.aspx'),
(97, 8, 'Belladonna Betula Formica', 'http://upenn.edu/pretium.html'),
(98, 97, 'MuscleCare', 'http://vkontakte.ru/nonummy/maecenas/tincidunt/lacus.aspx'),
(99, 14, 'Mouth Rinse', 'http://house.gov/vel/dapibus/at/diam/nam.html'),
(100, 51, 'Diabetigen', 'http://ucoz.com/dolor.jpg'),
(101, 52, 'cilostazol', 'http://issuu.com/vestibulum/vestibulum/ante.js'),
(102, 99, 'Boroleum', 'http://kickstarter.com/non/interdum.json'),
(103, 21, 'Carp', 'https://devhub.com/curae/duis.png'),
(104, 29, 'MECLIZINE HYDROCHLORIDE', 'https://issuu.com/posuere/cubilia/curae.json'),
(105, 32, 'FREDS DRY EYE RELIEF', 'http://indiegogo.com/et/ultrices/posuere/cubilia.json'),
(106, 7, 'Famotidine', 'http://wiley.com/volutpat/dui/maecenas.jsp'),
(107, 16, 'Equaline Cough DM', 'https://dagondesign.com/quis/lectus/suspendisse/potenti/in/eleifend/quam.jsp'),
(108, 1, 'Kidney Stone Clear', 'http://state.gov/ante/vivamus/tortor.aspx'),
(109, 43, 'ADRUCIL', 'http://unicef.org/ante/ipsum/primis/in/faucibus/orci/luctus.html'),
(110, 95, 'Atropine Sulfate', 'http://kickstarter.com/erat/tortor/sollicitudin/mi.jsp'),
(111, 79, 'DOLOPHINE HYDROCHLORIDE', 'https://comsenz.com/sapien/urna/pretium/nisl.xml'),
(112, 25, 'Lisinopril', 'https://japanpost.jp/fusce/congue/diam/id/ornare/imperdiet/sapien.html'),
(113, 53, 'Dextrose and Sodium Chloride', 'https://mayoclinic.com/nulla/ultrices.aspx'),
(114, 58, 'Lumene Bright Now Vitamin C Day SPF 15 Sunscreen Broad Spectrum', 'https://merriam-webster.com/quis.jpg'),
(115, 5, 'Peter Island Continuous Sport Sunscreen', 'https://gov.uk/consectetuer/adipiscing/elit.json'),
(116, 3, 'Covergirl Queen Collection All Day Flawless 3in1 Foundation', 'http://deliciousdays.com/dolor/vel/est/donec/odio.json'),
(117, 40, 'Pleo Grif', 'https://ow.ly/massa.jsp'),
(118, 68, 'Cialis', 'http://quantcast.com/erat/eros/viverra/eget/congue/eget/semper.png'),
(119, 51, 'Envirokleen Non-Alcohol Instant Hand Sanitizer', 'http://hexun.com/at/lorem.jpg'),
(120, 58, 'Betapace', 'https://sitemeter.com/congue/vivamus/metus.jpg'),
(121, 37, 'JUGLANS NIGRA POLLEN', 'http://tumblr.com/cubilia/curae/duis/faucibus/accumsan/odio.json'),
(122, 61, 'Melatonin Forte', 'https://bluehost.com/consequat/metus/sapien/ut/nunc.jsp'),
(123, 56, 'QUADRAPAX', 'https://aol.com/proin/interdum/mauris/non/ligula/pellentesque.js'),
(124, 68, 'Tamsulosin hydrochloride', 'http://nifty.com/molestie/hendrerit/at/vulputate.js'),
(125, 5, 'Up and Up Childrens all day allergy relief', 'https://reuters.com/tempus/vivamus/in/felis.jpg'),
(126, 16, 'Cefuroxime Axetil', 'http://google.com/in/faucibus/orci/luctus/et/ultrices.aspx'),
(127, 7, 'Restless Legs Relief', 'https://ovh.net/sapien/varius/ut/blandit/non/interdum/in.html'),
(128, 94, 'Gas-X', 'http://cpanel.net/vel/augue.png'),
(129, 62, 'Anti-Clog Concentrate', 'http://ucsd.edu/vivamus/in/felis/eu.jsp'),
(130, 79, 'Cefepime', 'http://51.la/tristique/in/tempus/sit/amet/sem.js'),
(131, 59, 'TopCare Acid Reducer', 'https://xrea.com/nec/condimentum/neque/sapien/placerat/ante/nulla.aspx'),
(132, 95, 'Equaline nighttime cold', 'https://wunderground.com/est.png'),
(133, 43, 'Topiramate', 'http://telegraph.co.uk/sapien/non/mi/integer.aspx'),
(134, 18, 'good sense pain relief', 'http://elegantthemes.com/in/hac/habitasse/platea/dictumst/aliquam.jsp'),
(135, 9, 'Maybelline New York Dream Fresh BB Beauty Balm Skin Perfector Broad Spectrum SPF 30 Sunscreen', 'https://wordpress.com/est/quam/pharetra/magna/ac.html'),
(136, 87, 'Xyntha', 'https://mashable.com/in/leo/maecenas.xml'),
(137, 93, 'Octreotide Acetate', 'http://blogspot.com/phasellus/id/sapien.json'),
(138, 1, 'Cold Spot', 'https://cnn.com/volutpat/eleifend/donec/ut.jsp'),
(139, 88, 'Aspirin', 'https://weebly.com/vulputate/justo/in/blandit/ultrices.png'),
(140, 36, 'aspirin', 'https://twitpic.com/sed/vestibulum/sit/amet.jpg'),
(141, 52, 'VIVARIN', 'https://mysql.com/convallis/tortor/risus.aspx'),
(142, 27, 'Ropinirole', 'https://csmonitor.com/amet/turpis/elementum/ligula/vehicula/consequat/morbi.png'),
(143, 10, 'Capture Hyaluronic Ampoule', 'https://marketwatch.com/vestibulum/ante/ipsum/primis.jsp'),
(144, 52, 'Roota Re F Tonic', 'http://msn.com/erat.html'),
(145, 25, 'Treatment Set TS329678', 'https://biblegateway.com/elementum/nullam/varius.jpg'),
(146, 9, 'BALANCE DYNAMICS BALANCING', 'https://paypal.com/tincidunt/nulla.aspx'),
(147, 51, 'Lazanda', 'http://rediff.com/urna/ut/tellus/nulla/ut.aspx'),
(148, 36, 'SPONGIA TOSTA', 'http://cbsnews.com/interdum/venenatis/turpis.json'),
(149, 81, 'Head and Shoulders', 'http://surveymonkey.com/nisl/venenatis/lacinia/aenean/sit.html'),
(150, 92, 'Enalapril Maleate', 'http://alexa.com/convallis.xml'),
(151, 21, 'CALIFORNIA ALOE POWER LASTING SUN BLOCK', 'https://fda.gov/sit/amet/justo/morbi/ut/odio/cras.png'),
(152, 54, 'Dologen', 'http://delicious.com/turpis/eget.jsp'),
(153, 25, 'RYANODEX', 'https://foxnews.com/vulputate/elementum/nullam.json'),
(154, 18, 'daytime', 'http://netvibes.com/dolor/sit/amet.aspx'),
(155, 8, 'Clonazepam', 'http://time.com/sem/fusce/consequat.xml'),
(156, 2, 'Acyclovir', 'http://apache.org/vestibulum/ante/ipsum.png'),
(157, 94, 'Bayberry Pollen', 'http://twitpic.com/vulputate/elementum/nullam/varius/nulla.aspx'),
(158, 31, 'Tolbutamide', 'http://home.pl/ultrices/posuere.jpg'),
(159, 64, 'Veal', 'https://google.cn/quis/lectus.json'),
(160, 11, 'DawnMist Antiperspirant Deodorant', 'http://e-recht24.de/vel/enim.js'),
(161, 11, 'Ondansetron Hydrochloride', 'http://cam.ac.uk/lacus/morbi/quis/tortor/id/nulla/ultrices.aspx'),
(162, 17, 'Apis ex animale 3 Special Order', 'https://123-reg.co.uk/vel/est/donec/odio/justo/sollicitudin.html'),
(163, 15, 'NHS Rheumatism Eczema', 'http://goodreads.com/natoque/penatibus/et/magnis.jsp'),
(164, 77, 'AOGel', 'https://surveymonkey.com/nisi/at/nibh/in.jsp'),
(165, 82, 'Lovastatin', 'http://google.fr/sed/vestibulum/sit/amet/cursus/id.html'),
(166, 28, 'Pan-Zyme-S', 'https://scientificamerican.com/cubilia.jsp'),
(167, 70, 'Proctozone', 'https://ycombinator.com/erat/tortor/sollicitudin/mi.json'),
(168, 1, 'Ramipril', 'https://yellowbook.com/proin/leo/odio.png'),
(169, 66, 'Boy Butter', 'https://nsw.gov.au/sapien/urna/pretium/nisl/ut/volutpat.jpg'),
(170, 18, 'SeptoSan', 'https://github.com/libero/convallis/eget.aspx'),
(171, 17, 'Ciprofloxacin', 'http://statcounter.com/pede.aspx'),
(172, 79, 'Shortleaf Pine', 'http://plala.or.jp/pulvinar/sed/nisl/nunc.html'),
(173, 95, 'Good Sense dayhist allergy', 'https://weather.com/id/ornare/imperdiet/sapien/urna.xml'),
(174, 99, 'Lipitor', 'https://europa.eu/a/odio/in.jsp'),
(175, 94, 'AVOCADO', 'http://wiley.com/rutrum/rutrum/neque.aspx'),
(176, 31, 'Levothyroxine Sodium', 'https://desdev.cn/suscipit/a/feugiat/et/eros.xml'),
(177, 89, 'RadiaBlock', 'http://hatena.ne.jp/est/phasellus/sit/amet/erat/nulla.jpg'),
(178, 95, 'Topiramate', 'https://tmall.com/pharetra/magna/ac/consequat.aspx'),
(179, 62, 'Phytonadione', 'http://newyorker.com/euismod/scelerisque/quam/turpis/adipiscing.html'),
(180, 1, 'Furosemide', 'https://wiley.com/penatibus/et/magnis/dis/parturient.jpg'),
(181, 6, 'Degree Nature Effects Honeysuckle and Tea Tree Oil', 'http://disqus.com/in/congue/etiam/justo.xml'),
(182, 52, 'Triple Antibiotic', 'https://wunderground.com/hac/habitasse/platea/dictumst/maecenas.xml'),
(183, 16, 'Quetiapine fumarate', 'http://istockphoto.com/penatibus/et/magnis/dis/parturient/montes.aspx'),
(184, 33, 'Orajel for Cold Sores', 'https://uiuc.edu/maecenas.json'),
(185, 80, 'Pure Finish Mineral Powder Foundation SPF 20 Pure Finish 2', 'http://t.co/aliquam/lacus/morbi/quis/tortor.jsp'),
(186, 39, 'ELOCON', 'https://weather.com/orci/luctus.png'),
(187, 87, 'SAFEWAY CARE', 'https://admin.ch/vitae.html'),
(188, 49, 'SKIN ERUPTIONS 7', 'http://unesco.org/est/phasellus/sit.js'),
(189, 34, 'HYDRASTIS CANADENSIS', 'https://ft.com/gravida/sem/praesent/id/massa/id/nisl.jpg'),
(190, 81, 'ANIOSGEL 85', 'http://virginia.edu/duis/bibendum/felis/sed/interdum/venenatis/turpis.jpg'),
(191, 98, 'Uniphyl', 'https://sfgate.com/quis/lectus/suspendisse/potenti/in/eleifend.png'),
(192, 71, 'Dandruff', 'http://spiegel.de/augue/aliquam/erat/volutpat/in.png'),
(193, 92, 'Standardized Redtop Grass', 'http://ucoz.ru/aliquam/convallis/nunc/proin/at/turpis/a.jpg'),
(194, 82, 'DOXAZOSIN', 'http://tamu.edu/sit/amet/sem/fusce/consequat.xml'),
(195, 28, 'Count Down', 'https://wp.com/sapien/sapien/non/mi/integer/ac.jsp'),
(196, 25, 'CD DiorSnow UV Shield Transluscent - SPF50', 'https://w3.org/amet/consectetuer/adipiscing/elit/proin/interdum.js'),
(197, 66, 'Flumazenil', 'https://indiegogo.com/mattis.html'),
(198, 96, 'SOLU-MEDROL', 'http://shutterfly.com/nec/condimentum/neque.png'),
(199, 2, 'Oxytocin', 'https://liveinternet.ru/ipsum/ac.json'),
(200, 26, 'ED A-HIST', 'https://storify.com/faucibus/orci/luctus/et.html'),
(201, 71, 'PLAGENTRA INTENSIVE CARE', 'https://goo.ne.jp/metus.html'),
(202, 76, 'Duloxetine Hydrochloride', 'http://phpbb.com/dictumst/maecenas/ut/massa/quis.png'),
(203, 77, 'Tums', 'http://pen.io/ut.png'),
(204, 45, 'Lyrica', 'http://illinois.edu/metus.aspx'),
(205, 68, 'Cortrosyn', 'http://fema.gov/ac.json'),
(206, 25, 'Grapefruit', 'https://hatena.ne.jp/morbi/non/quam/nec/dui/luctus.js'),
(207, 5, 'Kiehls Since 1851 Facial Fuel UV Guard', 'https://cnn.com/vestibulum.png'),
(208, 52, 'Garlic', 'http://so-net.ne.jp/nullam/porttitor.jsp'),
(209, 61, 'Kuvan', 'http://lulu.com/dis/parturient/montes/nascetur/ridiculus/mus/vivamus.jsp'),
(210, 87, 'HYDROCODONE BITARTRATE AND ACETAMINOPHEN', 'https://hhs.gov/at/ipsum/ac/tellus.json'),
(211, 50, 'Medicated Chest', 'https://aboutads.info/donec/diam/neque/vestibulum.html'),
(212, 10, 'Nicotine Transdermal System', 'https://w3.org/id/nisl/venenatis.jsp'),
(213, 98, 'MK Povidone-Iodine Swabstick Sterile', 'https://godaddy.com/diam/in/magna/bibendum.js'),
(214, 45, 'MediPlast', 'https://addtoany.com/faucibus/orci/luctus/et.xml'),
(215, 85, 'Dopamine', 'https://g.co/ante/nulla.aspx'),
(216, 50, 'Pentoxifylline', 'https://weebly.com/ornare/imperdiet/sapien.jsp'),
(217, 33, 'Tobramycin', 'https://dedecms.com/augue/aliquam/erat.html'),
(218, 29, 'Enoxaparin Sodium', 'https://1und1.de/enim/blandit/mi/in/porttitor/pede/justo.json'),
(219, 8, 'Degree', 'http://apache.org/pellentesque/quisque/porta/volutpat/erat/quisque.xml'),
(220, 13, 'Adenosine', 'https://rakuten.co.jp/vel/dapibus.aspx'),
(221, 78, 'day time', 'https://bloglines.com/turpis/sed/ante/vivamus/tortor/duis.json'),
(222, 20, 'Gastropanpar', 'http://state.tx.us/at.xml'),
(223, 96, 'hydroxyzine pamoate', 'https://state.gov/adipiscing.png'),
(224, 50, 'Metolazone', 'https://hao123.com/non/quam/nec/dui/luctus/rutrum.js'),
(225, 5, 'Panrosa FRESH CLEAN Pyrithione Zinc Dandruff', 'https://statcounter.com/cras/non/velit/nec.png'),
(226, 63, 'Marbeta L Kit', 'https://dailymotion.com/sed/augue/aliquam/erat.html'),
(227, 5, 'Hydrochlorothiazide', 'http://hugedomains.com/et/commodo/vulputate.xml'),
(228, 39, 'Topcare Nasal Spray', 'http://sitemeter.com/auctor/gravida/sem/praesent.js'),
(229, 29, 'LBEL MAXIMUM COMFORT AND LONG-LASTING FOUNDATION SPF 10', 'http://samsung.com/odio/cras/mi.jpg'),
(230, 97, 'Motion Sickness II', 'https://jigsy.com/duis/mattis/egestas.png'),
(231, 8, 'Quetiapine Fumarate', 'https://hud.gov/nec/sem/duis/aliquam/convallis/nunc.json'),
(232, 70, 'risperidone', 'https://ibm.com/luctus/rutrum.aspx'),
(233, 75, 'CENTER-AL - AMBROSIA TRIFIDA POLLEN', 'http://skype.com/aliquam/convallis/nunc.jpg'),
(234, 40, 'Secura Moisturizing Cleanser', 'https://nydailynews.com/purus/phasellus.js'),
(235, 41, 'AVANDIA', 'http://shop-pro.jp/amet/eleifend/pede/libero/quis.json'),
(236, 95, 'Nite Time Cold Multi-Symptom', 'https://yolasite.com/ullamcorper/purus/sit/amet/nulla/quisque.aspx'),
(237, 59, 'Polyethylene Glycol-3350, Sodium Chloride, Potassium Chloride and Sodium Bicarbonate', 'https://domainmarket.com/elit/proin.html'),
(238, 41, 'Nafcillin', 'https://home.pl/nec/sem.json'),
(239, 37, 'Acetaminophen and Codeine Phosphate', 'http://engadget.com/orci/luctus/et/ultrices.jsp'),
(240, 72, 'Cefprozil', 'https://unc.edu/at/turpis/donec/posuere/metus.jsp'),
(241, 64, 'Leader', 'http://google.it/curabitur.jsp'),
(242, 73, 'Amantadine Hydrochloride', 'http://wisc.edu/id.xml'),
(243, 27, 'Lidocaine Hydrochloride and Epinephrine', 'http://soup.io/magna/vulputate/luctus/cum.js'),
(244, 98, 'Sunmark Tropical fruit', 'https://cnet.com/ac/est/lacinia.png'),
(245, 87, 'HurriCaine', 'http://cargocollective.com/ut/volutpat/sapien/arcu/sed/augue.png'),
(246, 28, 'Etodolac', 'https://intel.com/dui/luctus/rutrum/nulla/tellus.xml'),
(247, 41, 'Levothyroxine Sodium', 'https://desdev.cn/lacus/morbi/sem/mauris.js'),
(248, 99, 'DT Ice Cold Analgesic', 'http://deviantart.com/et/magnis/dis/parturient.html'),
(249, 89, 'AIR COMPRESSED', 'https://paypal.com/quis/augue/luctus/tincidunt/nulla/mollis.json'),
(250, 51, 'Health Mart muscle', 'https://cargocollective.com/ridiculus/mus/vivamus/vestibulum/sagittis/sapien/cum.jsp'),
(251, 2, 'Equisetum Viscum', 'http://so-net.ne.jp/cubilia/curae/mauris/viverra/diam/vitae/quam.jpg'),
(252, 95, 'Fluoxetine Hydrochloride', 'http://smugmug.com/gravida/sem/praesent.js'),
(253, 43, 'PMS Irritability', 'http://so-net.ne.jp/pellentesque/quisque/porta/volutpat/erat.xml'),
(254, 12, 'Dr. Jart DIS-A-PORE Beauty Balm', 'https://vimeo.com/tellus/nisi/eu/orci/mauris/lacinia/sapien.js'),
(255, 25, 'Dexamethasone', 'https://arizona.edu/orci.jpg'),
(256, 85, 'FIBRICOR', 'http://cocolog-nifty.com/consequat/ut/nulla.aspx'),
(257, 61, 'Hydroxyzine Pamoate', 'http://1und1.de/nulla/sed/vel/enim/sit.png'),
(258, 82, 'Levetiracetam', 'https://adobe.com/et/magnis/dis/parturient/montes/nascetur/ridiculus.js'),
(259, 51, 'Alendronate Sodium', 'https://cisco.com/consectetuer/eget/rutrum/at/lorem/integer.html'),
(260, 76, 'Promethazine Hydrochloride', 'https://mail.ru/aliquam.aspx'),
(261, 71, 'Hand Sanitizer', 'http://ebay.com/nec.png'),
(262, 100, 'Pollens - Weeds and Garden Plants, Lambs Quarters Chenopodium album', 'https://weibo.com/suspendisse/potenti.png'),
(263, 27, 'good neighbor pharmacy tussin dm max', 'http://wunderground.com/pulvinar/nulla.aspx'),
(264, 80, 'Duloxetine hydrochloride', 'http://omniture.com/turpis/a/pede/posuere/nonummy.png'),
(265, 39, 'smart sense pain relief', 'https://rediff.com/convallis/nulla.png'),
(266, 100, 'Acute Viro Reliever', 'http://eventbrite.com/eget/nunc/donec.aspx'),
(267, 32, 'Trichoderma harzianam', 'http://techcrunch.com/amet/cursus.json'),
(268, 86, 'Montelukast Sodium', 'http://wix.com/turpis/donec/posuere.jpg'),
(269, 55, 'Water Oak', 'https://bigcartel.com/enim/blandit/mi/in/porttitor/pede/justo.jpg'),
(270, 27, 'Maximum Strength Acid Reducer', 'http://google.ru/ultrices/vel/augue/vestibulum/ante/ipsum.json'),
(271, 66, 'Frankincense and Myrrh Neck Shoulder and Knee', 'https://yale.edu/sapien/sapien/non/mi/integer/ac.jpg'),
(272, 15, 'Luxury Antibacterial Foaming', 'http://who.int/nisl/venenatis/lacinia/aenean/sit/amet.json'),
(273, 17, 'Healthy Hands', 'https://elpais.com/augue/quam/sollicitudin.html'),
(274, 84, 'Potassium Chloride', 'https://dion.ne.jp/nisl/venenatis.json'),
(275, 17, 'OHM Endocrine Feminine Terrain', 'https://ca.gov/nascetur/ridiculus/mus/vivamus.js'),
(276, 94, 'Sertraline Hydrochloride', 'http://hugedomains.com/nulla/facilisi/cras/non/velit/nec/nisi.aspx'),
(277, 12, 'Furosemide', 'http://buzzfeed.com/ut/tellus/nulla/ut/erat.aspx'),
(278, 93, 'Phentermine Hydrochloride', 'http://archive.org/non/mauris.json'),
(279, 75, 'Stool Softener', 'https://google.ca/penatibus/et/magnis/dis/parturient/montes/nascetur.html'),
(280, 51, 'Isosorbide Dinitrate', 'https://csmonitor.com/morbi/odio.jsp'),
(281, 41, 'SHISEIDO ADVANCED HYDRO-LIQUID COMPACT (REFILL)', 'http://patch.com/vel/enim/sit.html'),
(282, 12, 'Vyvanse', 'https://issuu.com/tellus/nulla.png'),
(283, 73, 'Trimethoprim', 'https://technorati.com/elementum/eu.js'),
(284, 52, 'Tetracycline Hydrochloride', 'http://shinystat.com/augue/quam/sollicitudin/vitae.html'),
(285, 88, 'Spatherapy', 'https://chron.com/elit/proin/interdum/mauris/non/ligula.js'),
(286, 32, 'TOPCARE', 'https://aboutads.info/purus/aliquet.jsp'),
(287, 23, 'Nicardipine Hydrochloride', 'https://google.nl/interdum/in/ante/vestibulum/ante.html'),
(288, 7, 'CD DIORSKIN STAR Studio Makeup Spectacular Brightening with sunscreen Broad Spectrum SPF30 070', 'http://amazon.co.jp/justo/in.aspx'),
(289, 6, 'Cladosporium cladosporioides', 'http://pbs.org/congue.jsp'),
(290, 32, 'Claravis', 'http://nature.com/eleifend/quam/a/odio/in/hac.html'),
(291, 98, 'Warfarin Sodium', 'https://imageshack.us/in/hac/habitasse/platea.html'),
(292, 59, 'Diarrhea', 'http://angelfire.com/at/turpis/donec/posuere/metus.jpg'),
(293, 96, 'Gabapentin', 'http://admin.ch/ultrices/phasellus/id/sapien/in/sapien/iaculis.json'),
(294, 90, 'Albuterol Sulfate', 'https://weebly.com/orci/luctus/et/ultrices/posuere/cubilia.png'),
(295, 66, 'Fluconazole', 'http://tuttocitta.it/id/luctus.html'),
(296, 37, 'Alacort', 'http://nhs.uk/est/et/tempus/semper/est.jsp'),
(297, 30, 'Next Choice', 'https://ucoz.com/pulvinar/lobortis/est/phasellus/sit.jpg'),
(298, 51, 'Dial Complete Antibacterial Foaming Hand Wash with Lotion', 'https://irs.gov/mauris/laoreet/ut/rhoncus.png'),
(299, 83, 'Nostrilla', 'http://google.de/mauris.png'),
(300, 81, 'Podocon 25', 'http://lycos.com/integer.xml');

-- --------------------------------------------------------

--
-- Estructura de tabla para la tabla `multimedia_estudiantes`
--

CREATE TABLE `multimedia_estudiantes` (
  `multimedia_estudiante_id` int(11) NOT NULL,
  `tarea_estudiante_id` int(11) NOT NULL,
  `m_e_nombre` varchar(150) NOT NULL,
  `m_e_link` varchar(350) NOT NULL
) ENGINE=InnoDB DEFAULT CHARSET=utf8;

--
-- Volcado de datos para la tabla `multimedia_estudiantes`
--

INSERT INTO `multimedia_estudiantes` (`multimedia_estudiante_id`, `tarea_estudiante_id`, `m_e_nombre`, `m_e_link`) VALUES
(1, 22, 'duis mattis egestas', 'https://fotki.com/quam/nec/dui.png'),
(2, 50, 'nisl duis bibendum felis', 'https://opensource.org/in/faucibus/orci/luctus/et/ultrices/posuere.aspx'),
(3, 63, 'blandit lacinia erat vestibulum sed', 'http://a8.net/cras/pellentesque.html'),
(4, 30, 'metus vitae', 'https://utexas.edu/vestibulum/quam/sapien.aspx'),
(5, 42, 'suscipit ligula in', 'http://princeton.edu/id/luctus/nec/molestie/sed/justo/pellentesque.html'),
(6, 20, 'nunc donec quis orci', 'http://amazon.co.jp/sit.png'),
(7, 74, 'posuere metus vitae', 'http://twitpic.com/vel/nisl/duis/ac/nibh/fusce.html'),
(8, 64, 'cursus urna ut tellus nulla', 'https://independent.co.uk/egestas/metus/aenean/fermentum/donec/ut/mauris.jpg'),
(9, 34, 'pede libero quis', 'https://instagram.com/diam.aspx'),
(10, 92, 'felis ut at', 'https://odnoklassniki.ru/nulla/tempus/vivamus/in/felis/eu/sapien.js'),
(11, 55, 'vitae ipsum aliquam', 'https://wikispaces.com/metus/arcu/adipiscing/molestie/hendrerit/at/vulputate.html'),
(12, 94, 'quis tortor id nulla', 'https://npr.org/vestibulum/quam/sapien/varius/ut/blandit.jpg'),
(13, 1, 'duis faucibus accumsan odio', 'http://salon.com/sem/fusce.jpg'),
(14, 48, 'duis', 'http://forbes.com/nibh/ligula/nec/sem/duis/aliquam/convallis.xml'),
(15, 51, 'sapien ut nunc vestibulum ante', 'http://cornell.edu/nibh/fusce/lacus/purus/aliquet/at/feugiat.aspx'),
(16, 92, 'eu est', 'https://imageshack.us/pede/malesuada/in/imperdiet/et.jpg'),
(17, 30, 'vitae', 'https://noaa.gov/mi/integer/ac.aspx'),
(18, 85, 'eget', 'https://cocolog-nifty.com/felis/eu/sapien/cursus/vestibulum/proin.jsp'),
(19, 19, 'tortor sollicitudin mi sit amet', 'http://utexas.edu/dictumst/morbi/vestibulum.html'),
(20, 88, 'tincidunt lacus', 'https://devhub.com/nullam/porttitor.xml'),
(21, 89, 'id', 'https://cnbc.com/sagittis/sapien/cum/sociis/natoque/penatibus/et.jpg'),
(22, 46, 'arcu', 'https://gravatar.com/odio/cras/mi/pede/malesuada/in.json'),
(23, 36, 'pede justo', 'https://hostgator.com/eget/massa/tempor/convallis/nulla/neque/libero.aspx'),
(24, 13, 'condimentum neque sapien placerat', 'http://epa.gov/curae/mauris/viverra/diam.json'),
(25, 16, 'porta', 'http://simplemachines.org/sed/tincidunt/eu/felis/fusce/posuere.jsp'),
(26, 84, 'tortor id nulla ultrices aliquet', 'http://google.de/donec/diam/neque.xml'),
(27, 42, 'nibh ligula nec sem duis', 'https://kickstarter.com/sed/augue/aliquam/erat/volutpat/in/congue.aspx'),
(28, 12, 'sed sagittis nam congue', 'https://people.com.cn/sit/amet/turpis/elementum/ligula/vehicula/consequat.jpg'),
(29, 26, 'lacus', 'http://amazon.com/neque.json'),
(30, 66, 'est', 'https://purevolume.com/penatibus/et/magnis/dis.aspx'),
(31, 79, 'eget', 'http://nature.com/quam/suspendisse.jpg'),
(32, 47, 'elit sodales scelerisque', 'https://phpbb.com/libero.json'),
(33, 64, 'eu massa donec dapibus', 'http://shinystat.com/nulla/mollis/molestie.json'),
(34, 8, 'aliquam lacus morbi', 'http://sphinn.com/luctus/tincidunt/nulla/mollis.jpg'),
(35, 67, 'eros vestibulum', 'https://simplemachines.org/eget/tincidunt/eget/tempus/vel.aspx'),
(36, 16, 'orci luctus et ultrices posuere', 'http://devhub.com/ante/vestibulum.json'),
(37, 34, 'vestibulum', 'http://fc2.com/lectus.xml'),
(38, 8, 'nulla justo aliquam quis', 'https://privacy.gov.au/justo/etiam/pretium/iaculis/justo/in.js'),
(39, 53, 'rhoncus mauris enim leo', 'https://usatoday.com/porta/volutpat/quam/pede/lobortis/ligula/sit.html'),
(40, 32, 'pellentesque ultrices phasellus', 'https://nytimes.com/in/felis/donec/semper/sapien/a/libero.xml'),
(41, 84, 'ligula nec sem duis aliquam', 'https://google.com/neque/sapien.png'),
(42, 97, 'nulla', 'http://amazon.com/velit/nec/nisi/vulputate.json'),
(43, 35, 'penatibus', 'http://yale.edu/amet/consectetuer/adipiscing/elit/proin.json'),
(44, 21, 'consectetuer eget rutrum at lorem', 'http://abc.net.au/felis/sed/interdum/venenatis/turpis.jsp'),
(45, 83, 'auctor gravida sem praesent', 'https://examiner.com/hac/habitasse/platea/dictumst.aspx'),
(46, 2, 'sit amet nunc viverra dapibus', 'http://icq.com/nisl/venenatis/lacinia/aenean.html'),
(47, 96, 'libero', 'https://nature.com/ipsum/primis/in/faucibus/orci/luctus/et.png'),
(48, 19, 'nulla ultrices aliquet', 'http://elpais.com/et/ultrices/posuere/cubilia/curae.xml'),
(49, 95, 'hendrerit at', 'http://friendfeed.com/lacinia/eget/tincidunt.xml'),
(50, 59, 'dictumst maecenas ut', 'http://unicef.org/nisi/vulputate/nonummy.png'),
(51, 80, 'nullam porttitor lacus at', 'http://ameblo.jp/adipiscing/elit/proin.html'),
(52, 86, 'nec molestie', 'http://techcrunch.com/ac/nibh/fusce/lacus/purus/aliquet.json'),
(53, 63, 'parturient montes nascetur', 'http://java.com/curabitur/convallis/duis.jpg'),
(54, 49, 'at', 'http://yelp.com/a/nibh/in.png'),
(55, 27, 'dui proin', 'http://timesonline.co.uk/eu/orci/mauris/lacinia.html'),
(56, 74, 'duis consequat dui nec nisi', 'http://nih.gov/ut/odio/cras/mi/pede.html'),
(57, 73, 'duis consequat', 'https://example.com/accumsan/tellus/nisi/eu/orci/mauris/lacinia.xml'),
(58, 24, 'nibh in lectus', 'https://google.de/nunc.json'),
(59, 19, 'morbi porttitor lorem id', 'http://archive.org/erat/id/mauris/vulputate/elementum.xml'),
(60, 50, 'diam cras pellentesque', 'http://narod.ru/volutpat/convallis/morbi.jpg'),
(61, 66, 'porttitor id consequat in consequat', 'http://java.com/vestibulum/ac/est/lacinia.jsp'),
(62, 42, 'non', 'https://columbia.edu/tellus/nulla/ut/erat.html'),
(63, 72, 'dapibus', 'http://etsy.com/libero/ut/massa/volutpat/convallis/morbi.html'),
(64, 9, 'luctus et', 'https://youtu.be/leo.js'),
(65, 79, 'libero non mattis pulvinar', 'https://hubpages.com/eros/elementum/pellentesque/quisque/porta/volutpat.json'),
(66, 24, 'tincidunt in', 'https://digg.com/eu/felis.png'),
(67, 98, 'nulla sed', 'http://gov.uk/luctus/nec/molestie/sed/justo/pellentesque/viverra.json'),
(68, 71, 'integer tincidunt ante vel ipsum', 'http://sfgate.com/eget/eros/elementum/pellentesque/quisque/porta.xml'),
(69, 88, 'nisi', 'https://blogtalkradio.com/eros/suspendisse/accumsan/tortor/quis.jpg'),
(70, 39, 'etiam vel', 'http://skyrock.com/at/nibh/in/hac/habitasse/platea/dictumst.json'),
(71, 17, 'facilisi cras non velit', 'http://usda.gov/massa.json'),
(72, 80, 'volutpat', 'http://bing.com/luctus/cum/sociis/natoque/penatibus.png'),
(73, 43, 'bibendum', 'http://nationalgeographic.com/sit/amet/consectetuer/adipiscing/elit.xml'),
(74, 85, 'arcu libero rutrum ac', 'http://vistaprint.com/in/magna/bibendum.png'),
(75, 59, 'risus', 'https://irs.gov/orci/eget/orci/vehicula/condimentum/curabitur.aspx'),
(76, 16, 'sem mauris laoreet ut', 'http://geocities.jp/praesent.aspx'),
(77, 9, 'mauris ullamcorper', 'http://uol.com.br/ligula.png'),
(78, 72, 'ac nulla', 'https://ft.com/non/velit/donec/diam.json'),
(79, 99, 'nullam varius nulla', 'http://craigslist.org/et/eros/vestibulum/ac/est/lacinia.jsp'),
(80, 54, 'nulla sed accumsan', 'http://technorati.com/elit/ac/nulla/sed/vel/enim/sit.json'),
(81, 3, 'fermentum justo', 'https://statcounter.com/id/mauris/vulputate/elementum.json'),
(82, 30, 'at vulputate vitae nisl', 'https://amazon.co.uk/a/odio.aspx'),
(83, 21, 'quis turpis', 'https://oaic.gov.au/lacinia/sapien/quis/libero/nullam.jpg'),
(84, 83, 'non quam nec dui luctus', 'http://theatlantic.com/enim/in.png'),
(85, 40, 'ante vivamus', 'https://behance.net/aliquam/quis/turpis/eget/elit/sodales.js'),
(86, 29, 'quis orci nullam', 'https://stumbleupon.com/lobortis/convallis/tortor/risus/dapibus/augue.json'),
(87, 56, 'orci luctus', 'https://foxnews.com/maecenas.png'),
(88, 78, 'eget tempus vel', 'http://cnet.com/nec/sem/duis/aliquam/convallis/nunc/proin.jpg'),
(89, 22, 'nisi vulputate nonummy', 'http://bloomberg.com/semper/porta.jsp'),
(90, 23, 'posuere cubilia curae duis faucibus', 'http://sogou.com/lorem/ipsum.xml'),
(91, 83, 'tortor', 'http://mail.ru/in.js'),
(92, 71, 'nulla suspendisse', 'https://istockphoto.com/et/tempus/semper/est/quam/pharetra.jpg'),
(93, 52, 'vestibulum sagittis', 'https://sciencedaily.com/erat/volutpat/in/congue/etiam.json'),
(94, 11, 'convallis tortor', 'http://reference.com/cum/sociis.jsp'),
(95, 1, 'interdum mauris', 'https://issuu.com/tortor.xml'),
(96, 5, 'ante vivamus tortor duis mattis', 'https://dyndns.org/convallis/eget/eleifend/luctus.xml'),
(97, 3, 'interdum eu', 'http://arizona.edu/rutrum.jpg'),
(98, 52, 'ante vestibulum ante', 'https://cbsnews.com/rutrum/ac/lobortis/vel.jsp'),
(99, 42, 'blandit ultrices enim', 'http://furl.net/sociis/natoque/penatibus/et/magnis.aspx'),
(100, 58, 'ipsum ac tellus semper interdum', 'http://cargocollective.com/at/velit/vivamus/vel/nulla/eget.json'),
(101, 8, 'eu tincidunt in leo maecenas', 'http://yahoo.co.jp/tortor/risus/dapibus/augue.json'),
(102, 26, 'nullam porttitor', 'https://patch.com/dolor.png'),
(103, 94, 'et commodo vulputate justo', 'https://fc2.com/suscipit/nulla/elit.aspx'),
(104, 10, 'pellentesque quisque', 'http://jalbum.net/in/tempor.html'),
(105, 89, 'cras mi pede malesuada', 'https://tamu.edu/viverra/diam/vitae.jsp'),
(106, 83, 'pulvinar lobortis est', 'https://netlog.com/dictumst/etiam/faucibus.jsp'),
(107, 96, 'duis faucibus accumsan', 'http://unesco.org/lectus/in.jpg'),
(108, 83, 'rutrum nulla tellus', 'https://discuz.net/sed/sagittis.html'),
(109, 50, 'vel lectus', 'https://etsy.com/pede/justo/eu/massa/donec.png'),
(110, 88, 'posuere felis', 'http://over-blog.com/justo/morbi/ut/odio.aspx'),
(111, 14, 'mi pede malesuada', 'http://nymag.com/dictumst/morbi/vestibulum/velit.js'),
(112, 19, 'ut at dolor', 'https://census.gov/varius/integer/ac/leo/pellentesque/ultrices/mattis.png'),
(113, 22, 'est', 'https://bigcartel.com/in/porttitor.json'),
(114, 35, 'ut nulla sed accumsan', 'http://tuttocitta.it/aliquam/quis/turpis.jpg'),
(115, 57, 'elementum', 'http://4shared.com/luctus.json'),
(116, 95, 'consequat', 'https://php.net/ligula/nec/sem/duis/aliquam/convallis/nunc.png'),
(117, 57, 'sagittis dui', 'https://rambler.ru/ipsum/ac/tellus/semper/interdum.js'),
(118, 29, 'ultrices phasellus id', 'http://wired.com/semper/est/quam/pharetra.jpg'),
(119, 9, 'quis', 'https://independent.co.uk/adipiscing.js'),
(120, 98, 'phasellus in', 'https://wiley.com/at/ipsum/ac.jsp'),
(121, 37, 'cras pellentesque', 'http://digg.com/nulla.js'),
(122, 31, 'sodales scelerisque', 'http://youku.com/fringilla/rhoncus/mauris/enim/leo/rhoncus.html'),
(123, 66, 'sit', 'http://over-blog.com/primis.html'),
(124, 19, 'eget semper rutrum nulla', 'https://wordpress.com/eu/nibh/quisque/id.html'),
(125, 2, 'at nunc commodo placerat praesent', 'https://wired.com/dolor/morbi.xml'),
(126, 54, 'lectus suspendisse potenti', 'http://dailymail.co.uk/risus/praesent.png'),
(127, 10, 'eu magna vulputate luctus', 'http://amazon.co.jp/nibh/in/hac/habitasse/platea/dictumst.json'),
(128, 60, 'ut volutpat sapien arcu sed', 'http://utexas.edu/eleifend/luctus/ultricies/eu/nibh.html'),
(129, 73, 'diam cras pellentesque', 'http://engadget.com/dapibus/duis.xml'),
(130, 25, 'porta volutpat erat quisque erat', 'http://vinaora.com/et/ultrices/posuere.xml'),
(131, 9, 'nonummy maecenas tincidunt lacus', 'https://creativecommons.org/commodo/vulputate.json'),
(132, 23, 'nulla pede ullamcorper', 'https://yandex.ru/in/eleifend/quam/a.aspx'),
(133, 35, 'sit amet eleifend pede', 'https://nhs.uk/nisl.jsp'),
(134, 16, 'nibh ligula nec sem duis', 'http://xing.com/tortor/risus/dapibus/augue/vel/accumsan.html'),
(135, 42, 'sem duis aliquam', 'http://amazon.co.jp/in/imperdiet/et/commodo/vulputate.png'),
(136, 93, 'tempus', 'https://mediafire.com/vel.jsp'),
(137, 64, 'vel augue', 'https://telegraph.co.uk/enim.xml'),
(138, 13, 'mollis molestie lorem quisque', 'http://wikia.com/eget/massa/tempor/convallis.json'),
(139, 92, 'habitasse platea', 'https://china.com.cn/at/nunc/commodo.xml'),
(140, 83, 'nunc', 'https://dyndns.org/donec/ut/mauris/eget/massa/tempor/convallis.xml'),
(141, 56, 'augue quam', 'http://skype.com/luctus.json'),
(142, 45, 'dui maecenas tristique est et', 'https://canalblog.com/quis/orci/nullam/molestie/nibh/in.aspx'),
(143, 60, 'turpis donec posuere', 'https://economist.com/habitasse/platea/dictumst/aliquam/augue/quam/sollicitudin.aspx'),
(144, 56, 'magna vulputate luctus cum', 'http://home.pl/turpis/nec/euismod/scelerisque/quam/turpis/adipiscing.html'),
(145, 60, 'suscipit ligula in', 'https://friendfeed.com/vestibulum/sit/amet/cursus/id/turpis.json'),
(146, 57, 'semper rutrum nulla nunc purus', 'http://telegraph.co.uk/quam/sollicitudin/vitae/consectetuer/eget.aspx'),
(147, 70, 'adipiscing elit proin interdum', 'https://state.tx.us/pede/ac/diam/cras/pellentesque/volutpat/dui.html'),
(148, 54, 'odio in hac habitasse platea', 'https://google.co.uk/convallis/eget/eleifend/luctus/ultricies/eu.png'),
(149, 53, 'amet cursus id turpis integer', 'https://booking.com/pede.jsp'),
(150, 33, 'nulla', 'http://chicagotribune.com/bibendum/morbi.jpg'),
(151, 8, 'egestas metus aenean fermentum', 'https://shinystat.com/eget/massa.aspx'),
(152, 64, 'montes nascetur ridiculus mus etiam', 'https://t.co/eu.aspx'),
(153, 85, 'etiam justo', 'https://latimes.com/ultrices/posuere/cubilia.json'),
(154, 97, 'massa id', 'http://toplist.cz/convallis/eget/eleifend/luctus/ultricies/eu.xml'),
(155, 30, 'donec', 'http://t.co/auctor.xml'),
(156, 1, 'lobortis vel dapibus at diam', 'https://wikimedia.org/molestie/lorem/quisque/ut/erat/curabitur.js'),
(157, 49, 'neque libero convallis eget eleifend', 'https://t.co/adipiscing.json'),
(158, 69, 'in magna bibendum imperdiet', 'https://clickbank.net/id/pretium.json'),
(159, 78, 'est', 'https://domainmarket.com/odio/cras/mi/pede/malesuada.json'),
(160, 85, 'nulla nisl nunc nisl duis', 'https://nps.gov/nisl/venenatis/lacinia/aenean/sit/amet/justo.jpg'),
(161, 35, 'pede justo lacinia eget tincidunt', 'http://parallels.com/lacinia/sapien/quis/libero/nullam/sit.html'),
(162, 60, 'orci', 'http://linkedin.com/semper/porta/volutpat.js'),
(163, 21, 'semper porta', 'http://narod.ru/vestibulum/eget/vulputate/ut/ultrices/vel.jsp'),
(164, 92, 'diam id ornare imperdiet sapien', 'https://xing.com/mauris/sit.jsp'),
(165, 84, 'dolor vel est donec odio', 'https://intel.com/porta/volutpat.aspx'),
(166, 46, 'curabitur at', 'http://1und1.de/sit/amet/nunc/viverra/dapibus.jsp'),
(167, 7, 'pede ullamcorper augue a suscipit', 'http://furl.net/at/dolor/quis/odio/consequat/varius/integer.png'),
(168, 95, 'justo', 'https://adobe.com/iaculis/justo/in.jpg'),
(169, 25, 'in', 'https://devhub.com/massa/id/lobortis/convallis/tortor/risus.json'),
(170, 23, 'tristique fusce congue', 'https://nymag.com/convallis/tortor/risus/dapibus/augue/vel.aspx'),
(171, 16, 'eget massa tempor convallis', 'http://friendfeed.com/orci/nullam/molestie/nibh.html'),
(172, 72, 'nonummy integer non velit donec', 'https://yolasite.com/semper/sapien/a/libero/nam/dui/proin.json'),
(173, 2, 'lorem id ligula suspendisse ornare', 'https://geocities.com/mauris/morbi/non/lectus/aliquam.js'),
(174, 91, 'augue quam sollicitudin vitae', 'http://github.io/commodo/placerat/praesent.jsp'),
(175, 62, 'massa quis augue luctus', 'http://photobucket.com/orci.js'),
(176, 60, 'tempor turpis', 'http://bloglines.com/enim/sit/amet/nunc/viverra/dapibus.xml'),
(177, 100, 'quis augue luctus', 'https://psu.edu/scelerisque/quam/turpis.js'),
(178, 62, 'eget congue eget semper rutrum', 'https://psu.edu/aliquet/ultrices/erat/tortor/sollicitudin/mi/sit.aspx'),
(179, 93, 'ipsum', 'http://sciencedirect.com/lectus/vestibulum/quam/sapien/varius/ut/blandit.js'),
(180, 7, 'sem fusce consequat nulla nisl', 'http://ucla.edu/nullam/varius/nulla/facilisi/cras/non.jsp'),
(181, 32, 'pede posuere nonummy', 'https://slate.com/ipsum/primis/in.aspx'),
(182, 59, 'accumsan felis ut', 'http://earthlink.net/eget/tincidunt/eget/tempus/vel.jpg'),
(183, 29, 'volutpat quam pede lobortis ligula', 'https://weibo.com/eu/interdum.jsp'),
(184, 64, 'sit amet turpis', 'https://meetup.com/vivamus.json'),
(185, 62, 'egestas metus aenean fermentum donec', 'http://unicef.org/quis/augue/luctus/tincidunt/nulla/mollis.jsp'),
(186, 90, 'venenatis lacinia aenean sit', 'https://wiley.com/mauris/viverra/diam/vitae/quam.json'),
(187, 53, 'in sapien iaculis congue vivamus', 'https://hao123.com/luctus/et/ultrices/posuere/cubilia.png'),
(188, 2, 'libero ut massa', 'http://bandcamp.com/convallis/eget/eleifend/luctus/ultricies.json'),
(189, 66, 'erat curabitur gravida nisi at', 'https://washington.edu/lorem/ipsum.jpg'),
(190, 34, 'vestibulum vestibulum ante ipsum primis', 'https://wufoo.com/augue/a/suscipit.js'),
(191, 59, 'nam tristique tortor eu', 'https://biglobe.ne.jp/faucibus/accumsan/odio.json'),
(192, 96, 'mattis nibh ligula nec', 'http://dagondesign.com/aliquet/maecenas/leo/odio.xml'),
(193, 100, 'convallis morbi odio odio elementum', 'http://mlb.com/vestibulum/sit/amet/cursus/id/turpis/integer.html'),
(194, 74, 'rhoncus dui vel sem', 'https://wordpress.com/magnis.html'),
(195, 82, 'ultrices posuere', 'https://list-manage.com/nunc/rhoncus/dui/vel/sem/sed/sagittis.aspx'),
(196, 16, 'condimentum neque sapien', 'https://edublogs.org/sit.html'),
(197, 23, 'mattis pulvinar nulla pede ullamcorper', 'http://hp.com/sit/amet/cursus.aspx'),
(198, 43, 'est donec odio justo', 'http://a8.net/turpis/a/pede.xml'),
(199, 17, 'ipsum', 'https://patch.com/erat/volutpat/in/congue/etiam/justo.jpg'),
(200, 65, 'a', 'https://engadget.com/lacinia/erat/vestibulum/sed/magna/at/nunc.png'),
(201, 49, 'maecenas ut massa', 'http://odnoklassniki.ru/proin/leo/odio.js'),
(202, 10, 'vitae consectetuer eget rutrum at', 'https://abc.net.au/vel/est/donec/odio.json'),
(203, 29, 'risus dapibus augue vel', 'https://barnesandnoble.com/libero/rutrum/ac/lobortis/vel/dapibus/at.js'),
(204, 88, 'eget congue eget semper rutrum', 'https://unc.edu/ligula/suspendisse/ornare/consequat/lectus/in/est.jsp'),
(205, 10, 'ligula pellentesque ultrices phasellus id', 'https://nytimes.com/sit/amet/erat/nulla/tempus/vivamus/in.xml'),
(206, 32, 'venenatis', 'http://ft.com/varius/nulla/facilisi.jpg'),
(207, 52, 'est quam pharetra magna', 'https://phpbb.com/ipsum/primis/in.aspx'),
(208, 12, 'scelerisque quam turpis adipiscing lorem', 'http://cdc.gov/aliquet/ultrices/erat/tortor.png'),
(209, 55, 'tincidunt lacus', 'https://google.ca/lacus/curabitur/at/ipsum/ac/tellus/semper.js'),
(210, 96, 'metus vitae', 'http://google.ca/elit/proin/interdum/mauris.js'),
(211, 76, 'bibendum morbi non quam', 'http://digg.com/rutrum/neque/aenean/auctor/gravida/sem/praesent.js'),
(212, 64, 'ac lobortis vel dapibus', 'http://tinyurl.com/faucibus/orci/luctus/et/ultrices/posuere/cubilia.html'),
(213, 36, 'curae mauris viverra diam vitae', 'https://columbia.edu/ultrices/posuere/cubilia/curae/donec/pharetra.jsp'),
(214, 4, 'cum sociis natoque', 'http://addtoany.com/elit/proin/interdum/mauris/non/ligula.png'),
(215, 92, 'lacus purus aliquet', 'https://opera.com/dui/maecenas.aspx'),
(216, 28, 'ac diam cras pellentesque volutpat', 'https://springer.com/cras/non/velit/nec/nisi/vulputate/nonummy.html'),
(217, 52, 'odio consequat', 'http://artisteer.com/ultrices/posuere/cubilia/curae/mauris/viverra/diam.jsp'),
(218, 35, 'ante ipsum primis', 'http://discovery.com/vulputate/vitae.png'),
(219, 44, 'proin eu mi nulla ac', 'https://bloglovin.com/orci/luctus/et/ultrices/posuere/cubilia.html'),
(220, 40, 'cursus vestibulum proin eu', 'https://gravatar.com/congue/vivamus/metus/arcu/adipiscing/molestie.json'),
(221, 48, 'porttitor', 'https://icio.us/montes.xml'),
(222, 10, 'lectus pellentesque at', 'http://slideshare.net/ut.jsp'),
(223, 90, 'morbi a', 'http://wired.com/consequat/nulla/nisl/nunc/nisl/duis/bibendum.json'),
(224, 13, 'nulla nisl nunc nisl', 'http://time.com/vestibulum/sagittis/sapien/cum/sociis/natoque/penatibus.json'),
(225, 76, 'nunc proin at turpis', 'http://accuweather.com/sed.jsp'),
(226, 24, 'hendrerit at vulputate vitae', 'https://oaic.gov.au/habitasse/platea/dictumst.jpg'),
(227, 62, 'etiam justo etiam pretium iaculis', 'https://examiner.com/gravida/sem/praesent/id/massa.aspx'),
(228, 76, 'semper rutrum', 'http://tamu.edu/massa/tempor/convallis/nulla/neque/libero.js'),
(229, 37, 'justo nec condimentum', 'https://usnews.com/id/mauris/vulputate/elementum/nullam/varius.jsp'),
(230, 78, 'ligula vehicula consequat morbi a', 'http://dion.ne.jp/leo/pellentesque/ultrices/mattis.jsp'),
(231, 64, 'eros viverra', 'https://independent.co.uk/mauris/viverra/diam/vitae/quam.png'),
(232, 7, 'quam nec', 'https://soup.io/felis/fusce/posuere/felis/sed.xml'),
(233, 73, 'vestibulum', 'http://ca.gov/quisque/id.xml'),
(234, 5, 'venenatis', 'http://hc360.com/interdum/eu/tincidunt/in/leo/maecenas.aspx'),
(235, 11, 'dapibus augue vel accumsan', 'https://statcounter.com/neque/vestibulum/eget/vulputate.xml'),
(236, 19, 'mauris laoreet ut rhoncus', 'http://whitehouse.gov/mauris/enim/leo.xml'),
(237, 83, 'nec sem duis aliquam convallis', 'http://virginia.edu/luctus.json'),
(238, 58, 'augue vel accumsan tellus', 'https://hostgator.com/ut.jsp'),
(239, 90, 'faucibus orci luctus et', 'https://whitehouse.gov/ante/vivamus/tortor/duis/mattis/egestas/metus.html'),
(240, 10, 'ut at', 'http://elpais.com/consequat/nulla.json'),
(241, 13, 'sodales sed tincidunt', 'http://ibm.com/quisque/id/justo/sit/amet.png'),
(242, 99, 'erat eros viverra', 'http://answers.com/velit/donec/diam/neque/vestibulum.aspx'),
(243, 53, 'libero ut massa volutpat', 'https://umich.edu/primis/in/faucibus/orci/luctus.jsp'),
(244, 5, 'justo maecenas rhoncus aliquam lacus', 'https://bloomberg.com/est/donec/odio/justo.html'),
(245, 99, 'curae duis faucibus accumsan odio', 'https://tinyurl.com/tempor/convallis.jpg'),
(246, 55, 'potenti in', 'https://indiegogo.com/risus/semper/porta/volutpat/quam/pede.json'),
(247, 77, 'id justo sit', 'http://java.com/eget/massa.jsp'),
(248, 52, 'commodo', 'http://jugem.jp/sapien.js'),
(249, 71, 'nisl duis ac', 'http://jimdo.com/ligula.json'),
(250, 21, 'vel', 'http://addtoany.com/aliquet/at/feugiat/non/pretium/quis/lectus.png'),
(251, 19, 'at velit vivamus', 'https://senate.gov/ligula/pellentesque/ultrices/phasellus/id/sapien/in.aspx'),
(252, 12, 'erat eros viverra eget congue', 'http://dyndns.org/convallis/nunc/proin.jsp'),
(253, 79, 'volutpat quam pede lobortis ligula', 'http://163.com/amet/lobortis/sapien/sapien.json'),
(254, 20, 'sed interdum venenatis', 'http://wired.com/neque/libero/convallis.json'),
(255, 70, 'consequat dui', 'https://cam.ac.uk/nisl/venenatis/lacinia/aenean.aspx'),
(256, 59, 'rutrum rutrum neque aenean auctor', 'https://phoca.cz/tristique/est/et/tempus.png'),
(257, 81, 'consequat morbi a ipsum integer', 'https://huffingtonpost.com/ipsum/aliquam/non/mauris/morbi.html'),
(258, 74, 'augue', 'https://angelfire.com/dis/parturient/montes/nascetur/ridiculus.jpg'),
(259, 27, 'bibendum morbi non quam', 'http://a8.net/libero/quis/orci/nullam/molestie/nibh/in.json'),
(260, 19, 'pede libero quis orci', 'http://youtube.com/mauris/vulputate/elementum/nullam.jsp'),
(261, 2, 'in ante', 'http://friendfeed.com/nibh/fusce/lacus/purus/aliquet/at/feugiat.html'),
(262, 59, 'dui nec nisi', 'http://thetimes.co.uk/id/justo/sit/amet/sapien/dignissim.jpg'),
(263, 8, 'vulputate justo in', 'https://tiny.cc/vulputate/ut/ultrices/vel/augue/vestibulum/ante.js'),
(264, 83, 'pharetra magna', 'http://themeforest.net/nullam.aspx'),
(265, 14, 'accumsan tellus', 'https://rediff.com/sed/magna/at.aspx'),
(266, 87, 'amet nunc viverra dapibus nulla', 'https://twitpic.com/vestibulum/sed/magna/at.jpg'),
(267, 91, 'augue', 'https://skyrock.com/dictumst.js'),
(268, 88, 'vestibulum sed magna at nunc', 'http://ocn.ne.jp/amet/sapien/dignissim/vestibulum/vestibulum/ante.jsp'),
(269, 29, 'ultrices posuere cubilia curae duis', 'https://mozilla.org/quis/turpis/sed/ante/vivamus/tortor/duis.jpg'),
(270, 67, 'integer', 'https://mapy.cz/elit/proin.xml'),
(271, 15, 'mauris viverra diam vitae', 'https://mapquest.com/turpis/adipiscing/lorem.jpg'),
(272, 3, 'neque duis', 'https://spotify.com/blandit/non/interdum/in.jsp'),
(273, 1, 'integer', 'https://wunderground.com/convallis/duis/consequat/dui.json'),
(274, 7, 'luctus et ultrices posuere', 'https://reference.com/egestas/metus.html'),
(275, 69, 'potenti in', 'http://google.it/dapibus/augue/vel/accumsan/tellus.html'),
(276, 41, 'mi nulla ac', 'https://ustream.tv/habitasse/platea/dictumst/etiam/faucibus.jpg'),
(277, 35, 'turpis enim', 'http://wiley.com/accumsan/tellus/nisi/eu/orci/mauris.jpg'),
(278, 59, 'in faucibus', 'https://bbc.co.uk/felis/sed/interdum/venenatis/turpis/enim/blandit.jsp'),
(279, 100, 'curabitur', 'http://abc.net.au/ultrices/posuere/cubilia/curae/donec/pharetra/magna.js'),
(280, 30, 'donec ut mauris eget massa', 'https://si.edu/volutpat/dui/maecenas/tristique/est/et.jpg'),
(281, 70, 'tortor sollicitudin mi sit', 'https://auda.org.au/lectus/pellentesque.jsp'),
(282, 2, 'turpis enim blandit mi in', 'https://latimes.com/auctor.xml'),
(283, 63, 'lacinia aenean sit amet justo', 'https://paypal.com/nulla/nisl/nunc/nisl/duis/bibendum/felis.jpg'),
(284, 42, 'id lobortis convallis tortor', 'https://google.com.br/enim/in/tempor/turpis/nec/euismod.js'),
(285, 20, 'turpis eget elit', 'https://vistaprint.com/ornare/imperdiet/sapien.json'),
(286, 34, 'mattis pulvinar', 'https://usgs.gov/nulla/ut/erat/id/mauris/vulputate.png'),
(287, 31, 'magna', 'https://ucsd.edu/amet.xml'),
(288, 97, 'tempor turpis nec euismod', 'https://elegantthemes.com/in.xml'),
(289, 90, 'phasellus', 'http://ibm.com/eu/sapien/cursus/vestibulum/proin/eu.png'),
(290, 60, 'posuere cubilia curae mauris viverra', 'https://gravatar.com/quis/libero/nullam/sit.html'),
(291, 93, 'in felis donec', 'https://a8.net/vehicula/condimentum/curabitur/in/libero.js'),
(292, 63, 'dui maecenas tristique est et', 'https://berkeley.edu/in/hac/habitasse/platea/dictumst.json'),
(293, 29, 'cubilia', 'http://hhs.gov/et/ultrices/posuere/cubilia/curae/nulla.html'),
(294, 88, 'libero rutrum ac', 'http://ft.com/justo/maecenas/rhoncus/aliquam/lacus.xml'),
(295, 50, 'eget orci vehicula condimentum curabitur', 'http://loc.gov/magna/vestibulum/aliquet/ultrices/erat/tortor/sollicitudin.html'),
(296, 56, 'at', 'https://zdnet.com/hac.json'),
(297, 19, 'nisl nunc rhoncus dui', 'http://g.co/nullam.js'),
(298, 51, 'sit', 'https://w3.org/erat/eros/viverra/eget/congue.xml'),
(299, 31, 'montes', 'https://macromedia.com/consequat/in.js'),
(300, 34, 'posuere', 'http://freewebs.com/curabitur/gravida.html');

-- --------------------------------------------------------

--
-- Estructura de tabla para la tabla `multimedia_tareas`
--

CREATE TABLE `multimedia_tareas` (
  `multimedia_tarea_id` int(11) NOT NULL,
  `tarea_id` int(11) NOT NULL,
  `m_t_nombre_multimedia` varchar(150) NOT NULL,
  `m_t_link_multimedia` varchar(350) NOT NULL
) ENGINE=InnoDB DEFAULT CHARSET=utf8;

--
-- Volcado de datos para la tabla `multimedia_tareas`
--

INSERT INTO `multimedia_tareas` (`multimedia_tarea_id`, `tarea_id`, `m_t_nombre_multimedia`, `m_t_link_multimedia`) VALUES
(1, 74, 'Seroquel', 'https://ask.com/amet/diam/in/magna.js'),
(2, 7, 'Captopril', 'https://etsy.com/ante/vel/ipsum/praesent/blandit/lacinia.js'),
(3, 30, 'Primidone', 'http://ocn.ne.jp/tristique.jsp'),
(4, 2, 'Spongia Ovi', 'https://msn.com/eu/mi/nulla/ac/enim/in.png'),
(5, 27, 'Promethazine Hydrochloride', 'https://reverbnation.com/sapien/sapien/non/mi.html'),
(6, 24, 'Diarrhea Symptom Formula', 'http://ted.com/justo/sit/amet/sapien/dignissim/vestibulum.png'),
(7, 71, 'WOODWARDS HANDCLENS FOAMING SANITIZER COLOR AND FRAGRANCE FREE', 'http://mozilla.com/ante/vivamus/tortor/duis/mattis/egestas.png'),
(8, 81, 'Obsessions/Compulsions', 'http://macromedia.com/enim/leo/rhoncus/sed.jsp'),
(9, 20, 'Pollens - Trees, Elm, American Ulmus americana', 'https://qq.com/in/hac/habitasse.jsp'),
(10, 14, 'Quinapril Hydrochloride', 'http://example.com/primis/in/faucibus/orci.json'),
(11, 38, 'OH Age recovery Tri Shield pact 10', 'https://washington.edu/luctus/ultricies.aspx'),
(12, 61, 'Instant Hand Sanitizer', 'https://ovh.net/ut/odio/cras/mi/pede/malesuada.png'),
(13, 60, 'FONDAPARINUX SODIUM', 'http://etsy.com/orci/pede.jpg'),
(14, 62, 'Moore Medical Sugar Free Menthol Cough Suppressant/Anesthetic Drops', 'https://reuters.com/pede.json'),
(15, 51, 'Garnier Nutritioniste Moisture Rescue', 'http://techcrunch.com/sit/amet.html'),
(16, 5, 'Carvedilol', 'https://walmart.com/placerat/praesent/blandit/nam/nulla/integer/pede.aspx'),
(17, 38, 'Levophed', 'https://intel.com/elementum/eu/interdum/eu.png'),
(18, 80, 'Silver Maple', 'http://ehow.com/congue/elementum.aspx'),
(19, 79, 'Diltiazem HydrochlorideExtended Release', 'http://webmd.com/donec/ut/mauris.html'),
(20, 11, 'NeoStrata Daytime Protection', 'http://washington.edu/ridiculus/mus/vivamus/vestibulum.xml'),
(21, 66, 'SORE NO MORE', 'http://technorati.com/vulputate/vitae/nisl/aenean/lectus/pellentesque.png'),
(22, 46, 'Aspirin', 'https://smugmug.com/odio/odio/elementum/eu/interdum/eu/tincidunt.jsp'),
(23, 69, 'Sudafed PE Pressure Plus Pain Plus Cold', 'http://hostgator.com/integer/aliquet/massa/id/lobortis/convallis/tortor.jpg'),
(24, 96, 'Meropenem', 'http://noaa.gov/quis/justo/maecenas/rhoncus/aliquam/lacus/morbi.png'),
(25, 18, 'Meloxicam', 'https://bloglines.com/leo.jpg'),
(26, 95, 'Turbo Travel Sickness', 'https://sina.com.cn/proin/risus/praesent/lectus/vestibulum.jpg'),
(27, 35, 'phenol', 'http://friendfeed.com/ante/vel.png'),
(28, 18, 'COREG', 'http://altervista.org/nulla/sed/accumsan/felis/ut.jpg'),
(29, 61, 'Triamterene and Hydrochlorothiazide', 'https://slashdot.org/arcu/libero.jpg'),
(30, 22, 'CLINIMIX', 'http://cisco.com/arcu/libero/rutrum/ac/lobortis/vel.jpg'),
(31, 43, 'Gabapentin', 'https://google.com/quis/libero/nullam/sit/amet/turpis.jpg'),
(32, 58, 'Gelato APF', 'http://amazon.co.uk/quisque/id/justo/sit/amet/sapien/dignissim.aspx'),
(33, 96, 'Leader', 'https://geocities.com/quam/pharetra/magna.jsp'),
(34, 79, 'LBEL', 'https://ehow.com/nullam/varius/nulla/facilisi/cras/non.js'),
(35, 78, 'Gabapentin', 'https://weebly.com/ac/enim/in/tempor/turpis.json'),
(36, 26, 'Penicilium chrysogenum', 'https://google.es/aliquet/ultrices/erat/tortor.js'),
(37, 20, 'SENSAI CELLULAR PERFORMANCE HYDRACHANGE TINTED GEL CREAM 1 NUDE BEIGE', 'http://google.ru/volutpat.html'),
(38, 81, 'Clindamycin Hydrochloride', 'https://studiopress.com/enim/in/tempor/turpis/nec/euismod/scelerisque.jpg'),
(39, 28, 'Vectibix', 'http://blogs.com/leo/odio/condimentum/id/luctus/nec.aspx'),
(40, 85, 'Pleo Rec', 'http://odnoklassniki.ru/nisi/vulputate/nonummy/maecenas/tincidunt/lacus/at.jsp'),
(41, 45, 'Warfarin Sodium', 'http://omniture.com/porttitor/pede/justo.aspx'),
(42, 60, 'Lactated Ringers', 'http://apple.com/vestibulum/ante/ipsum/primis/in/faucibus/orci.jpg'),
(43, 5, 'Doxycycline Hyclate', 'https://disqus.com/cum/sociis.jsp'),
(44, 23, 'GUNA-CELL', 'https://nature.com/eu/felis/fusce/posuere.xml'),
(45, 38, 'Gabapentin', 'https://hud.gov/sem/mauris.json'),
(46, 97, 'citroma', 'http://go.com/ac.js'),
(47, 69, 'Lexuss 210', 'https://shop-pro.jp/sed/tincidunt/eu/felis/fusce/posuere/felis.html'),
(48, 97, 'Nicotiana Carbo', 'http://wufoo.com/lobortis/convallis/tortor/risus/dapibus.js'),
(49, 99, 'Gemfibrozil', 'https://google.ca/mi/pede/malesuada.png'),
(50, 98, 'Cardizem LA', 'https://i2i.jp/eget/nunc/donec/quis/orci/eget.json'),
(51, 92, 'Minocycline hydrochloride', 'http://arstechnica.com/laoreet/ut/rhoncus/aliquet/pulvinar/sed.jpg'),
(52, 30, 'risperidone', 'http://fema.gov/integer/pede/justo/lacinia/eget/tincidunt.jpg'),
(53, 30, 'GEMCITABINE HYDROCHLORIDE', 'http://unesco.org/lectus.js'),
(54, 20, 'ALTACE', 'http://marketwatch.com/leo/maecenas/pulvinar/lobortis/est/phasellus.html'),
(55, 67, 'Reclaim Radiance', 'http://ebay.com/ut/nunc.png'),
(56, 26, 'Milk of Magnesia Original', 'https://ask.com/ridiculus/mus/etiam/vel.jsp'),
(57, 3, 'childrens wal tap', 'http://joomla.org/consequat/nulla/nisl/nunc/nisl.jpg'),
(58, 67, 'Carvedilol', 'https://moonfruit.com/sit/amet.xml'),
(59, 27, 'Dr.eslee Sun Matte', 'https://blinklist.com/enim/lorem/ipsum.html'),
(60, 86, 'Gabapentin', 'http://example.com/blandit/mi/in/porttitor/pede/justo/eu.jsp'),
(61, 37, 'TERUFLEX Blood Bag System Anticoagulant Citrate Phosphate Dextrose Adenine (CPDA-1)', 'http://cbc.ca/diam/id/ornare/imperdiet/sapien/urna/pretium.jsp'),
(62, 28, 'Buspirone Hydrochloride', 'http://washingtonpost.com/pellentesque/at/nulla/suspendisse/potenti.js'),
(63, 29, 'VITALUMIERE AQUA', 'http://ucsd.edu/hac/habitasse/platea/dictumst/etiam/faucibus/cursus.jsp'),
(64, 10, 'Glimepiride', 'http://washingtonpost.com/mauris/viverra/diam/vitae/quam/suspendisse.html'),
(65, 65, 'Potassium Chloride in Dextrose and Sodium Chloride', 'http://amazon.co.jp/enim.json'),
(66, 45, 'CEFTIN', 'https://networksolutions.com/sapien/urna.html'),
(67, 64, 'antihistamine eye', 'http://weebly.com/suscipit/ligula.html'),
(68, 99, 'Delsym', 'http://amazon.de/nunc/vestibulum/ante/ipsum/primis/in/faucibus.xml'),
(69, 5, 'Aspirin', 'https://weebly.com/sed.xml'),
(70, 1, 'CAPSICUM ANNUUM', 'http://ebay.com/quis/orci/nullam/molestie/nibh/in/lectus.xml'),
(71, 42, 'Lip Balm SPF 15', 'http://parallels.com/metus.jsp'),
(72, 53, 'AHC Revitalizing Special Gen Solution', 'http://netvibes.com/ac/consequat.jsp'),
(73, 37, 'Cefaclor', 'https://mail.ru/in/hac/habitasse/platea/dictumst/maecenas/ut.png'),
(74, 89, 'Sprayology Rejuvenation Plus', 'https://un.org/consequat/dui/nec/nisi/volutpat/eleifend/donec.json'),
(75, 54, 'Promethazine hydrochloride', 'https://cnn.com/cubilia/curae.png'),
(76, 22, 'Depo-Medrol', 'https://japanpost.jp/consequat/ut/nulla/sed.aspx'),
(77, 41, 'Eve Lom Radiance Perfected Tinted Moisturiser SPF 15', 'http://spiegel.de/tempus/sit.jpg'),
(78, 30, 'ARNICA MONTANA', 'http://instagram.com/metus/sapien/ut/nunc/vestibulum/ante/ipsum.xml'),
(79, 71, 'MucaphEd', 'http://issuu.com/pellentesque/quisque/porta/volutpat/erat/quisque.jsp'),
(80, 31, 'Isoniazid', 'https://ow.ly/nunc/purus/phasellus/in/felis/donec.aspx'),
(81, 81, 'Stay Awake', 'https://artisteer.com/aliquam/lacus/morbi/quis.aspx'),
(82, 16, 'Sulfamethoxazole and Trimethoprim', 'https://histats.com/morbi/quis.html'),
(83, 9, 'Vantin', 'https://xing.com/non/velit.png'),
(84, 40, 'Hand Sanitizer', 'https://google.com.br/dui/nec/nisi.aspx'),
(85, 98, 'Clarithromycin', 'http://weebly.com/lorem/integer/tincidunt/ante/vel/ipsum.json'),
(86, 1, 'Dicloxacillin Sodium', 'https://desdev.cn/parturient/montes/nascetur.json'),
(87, 74, 'Cefprozil', 'https://aol.com/est/donec/odio/justo/sollicitudin.js'),
(88, 21, 'Salicylic Acid', 'https://symantec.com/id/nisl/venenatis/lacinia/aenean/sit.png'),
(89, 28, 'askinDr MOIST MOISTURE', 'https://baidu.com/velit/vivamus/vel/nulla.json'),
(90, 20, 'United Airlines Business Class Kit', 'https://gizmodo.com/adipiscing/elit/proin/risus/praesent/lectus/vestibulum.png'),
(91, 72, 'HAND SANITIZING', 'https://ucla.edu/quisque/ut/erat/curabitur/gravida/nisi/at.jpg'),
(92, 5, 'Citalopram Hydrobromide', 'https://yandex.ru/placerat/ante/nulla/justo/aliquam.jpg'),
(93, 77, 'Duloxetine Hydrochloride', 'http://nature.com/habitasse/platea/dictumst/aliquam/augue/quam/sollicitudin.png'),
(94, 91, 'Fiber Lax', 'http://vk.com/nec.js'),
(95, 75, 'pain relief', 'https://cnet.com/phasellus/in/felis/donec/semper/sapien.json'),
(96, 66, 'Motion Sickness Relief', 'https://indiegogo.com/ut/mauris/eget/massa/tempor/convallis.js'),
(97, 53, 'Haemonetics Anticoagulant Citrate Dextrose Solution', 'https://gmpg.org/vestibulum/quam/sapien/varius/ut.html'),
(98, 64, 'Pollen Guard Grass Mix', 'http://clickbank.net/metus/sapien/ut/nunc/vestibulum.png'),
(99, 11, 'ADRENAL ENERGY', 'http://friendfeed.com/justo/nec.json'),
(100, 1, 'TINTED MOISTURIZER', 'http://goodreads.com/tortor/quis/turpis/sed/ante.json'),
(101, 13, 'Loratadine ODT', 'http://de.vu/pede/posuere.png'),
(102, 17, 'Mango', 'https://nbcnews.com/amet/sapien/dignissim/vestibulum/vestibulum/ante.jsp'),
(103, 86, 'Topcare pain relief PM', 'https://aol.com/egestas/metus/aenean.js'),
(104, 36, 'Head and Shoulders Conditioner', 'http://liveinternet.ru/eleifend/quam/a/odio/in/hac/habitasse.png'),
(105, 9, 'Oxaprozin', 'https://nydailynews.com/quam/sollicitudin/vitae.aspx'),
(106, 1, 'ZYLOPRIM', 'https://webnode.com/nisl/duis.json'),
(107, 27, 'REGRANEX', 'http://upenn.edu/dis.html'),
(108, 83, 'Methotrexate Sodium', 'http://ebay.com/tortor/sollicitudin/mi/sit/amet.aspx'),
(109, 25, 'ONDANSETRON', 'http://printfriendly.com/elit/ac/nulla/sed/vel/enim.js'),
(110, 48, 'Hydroxyzine', 'http://facebook.com/erat/eros/viverra.png'),
(111, 91, 'Diabecline', 'https://loc.gov/elementum/pellentesque/quisque/porta/volutpat/erat/quisque.png'),
(112, 8, 'Gabapentin', 'http://google.de/amet/eros/suspendisse/accumsan/tortor/quis/turpis.js'),
(113, 91, 'Antispetic', 'https://bloglines.com/lorem/quisque/ut/erat/curabitur/gravida/nisi.jsp'),
(114, 80, 'eZ Foam Foaming Antibacterial Hand', 'https://printfriendly.com/quisque/ut.jpg'),
(115, 73, 'Hydroxyzine Hydrochloride', 'https://prnewswire.com/sit/amet.png'),
(116, 69, 'INVEGA', 'http://mac.com/convallis/eget/eleifend/luctus/ultricies/eu/nibh.js'),
(117, 43, 'GUNA-MELATONIN', 'https://gov.uk/nisl/ut/volutpat.aspx'),
(118, 54, 'HEADACHE HP', 'https://hubpages.com/parturient/montes/nascetur/ridiculus/mus/etiam/vel.xml'),
(119, 36, 'Wintergreen Isopropyl Alcohol', 'https://washingtonpost.com/posuere/cubilia.json'),
(120, 74, 'good sense pain relief pm', 'http://si.edu/nulla/integer/pede/justo/lacinia/eget.json'),
(121, 31, 'ARNICA MONTANA', 'https://woothemes.com/phasellus/in/felis/donec/semper.png'),
(122, 84, 'Butalbital, Aspirin and Caffeine', 'http://acquirethisname.com/ut/at/dolor/quis/odio/consequat/varius.aspx'),
(123, 33, 'Biophex', 'http://macromedia.com/ligula/suspendisse/ornare/consequat/lectus.jpg'),
(124, 95, 'Cetirizine Hydrochloride', 'https://shutterfly.com/sagittis/nam/congue/risus/semper/porta/volutpat.jpg'),
(125, 82, 'Healthy accents allergy relief', 'https://amazon.co.jp/justo/maecenas/rhoncus/aliquam/lacus.html'),
(126, 39, 'OraLine-Secure', 'https://nature.com/erat.aspx'),
(127, 27, 'Sonata', 'https://rakuten.co.jp/luctus/nec/molestie/sed.json'),
(128, 10, 'NO-AD 85 Sunscreen', 'http://yahoo.com/placerat/ante.html'),
(129, 97, 'Gelato APF', 'http://ox.ac.uk/nisl/duis/bibendum/felis/sed/interdum.js'),
(130, 7, 'family wellness anti diarrheal', 'https://sina.com.cn/in/libero/ut/massa.html'),
(131, 41, 'Monistat 3 Combination Pack', 'http://gov.uk/justo/in/hac.json'),
(132, 5, 'Oxygen', 'https://indiatimes.com/dictumst.jsp'),
(133, 11, 'Fluocinonide', 'http://odnoklassniki.ru/est/lacinia/nisi/venenatis/tristique.xml'),
(134, 16, 'Lunesta', 'https://edublogs.org/dapibus/augue/vel/accumsan/tellus.jpg'),
(135, 25, 'Heparin Sodium', 'http://cnn.com/sociis/natoque/penatibus/et/magnis/dis.xml'),
(136, 50, 'Eco.kid', 'http://va.gov/in/faucibus/orci/luctus.jsp'),
(137, 10, 'Handy Solutions Crest Complete MULTI-BENEFIT WHITENING plus Scope', 'http://desdev.cn/id.jsp'),
(138, 76, 'Fiorinal with Codeine', 'http://guardian.co.uk/feugiat/non/pretium.js'),
(139, 46, 'Potassium Citrate', 'https://who.int/nulla/suscipit.jsp'),
(140, 95, 'DR DENTAL CARE 80ML', 'https://admin.ch/non/velit/nec/nisi/vulputate/nonummy/maecenas.aspx'),
(141, 46, 'Metoprolol Tartrate', 'http://oaic.gov.au/amet/diam/in.json'),
(142, 61, 'IASO A5 Super Brightening Formula', 'https://creativecommons.org/orci.xml'),
(143, 23, 'Hydralazine Hydrochloride', 'https://nbcnews.com/ut/tellus/nulla/ut/erat.html'),
(144, 22, 'Aspirin', 'http://latimes.com/cursus.html'),
(145, 63, 'Eye Wash', 'https://ted.com/blandit/lacinia/erat/vestibulum/sed.jpg'),
(146, 42, 'Oil-Free Acne Wash', 'http://aol.com/aliquet/maecenas/leo.html'),
(147, 15, 'Naproxen', 'http://domainmarket.com/rutrum/rutrum/neque.png'),
(148, 11, 'Venelex', 'https://biglobe.ne.jp/quisque/ut/erat.js'),
(149, 91, 'ceftriaxone', 'https://nps.gov/sapien/non/mi/integer.json'),
(150, 96, 'LIQUIDAMBAR STYRACIFLUA POLLEN', 'http://liveinternet.ru/facilisi/cras.json'),
(151, 76, 'Acyclovir', 'https://epa.gov/amet/consectetuer/adipiscing/elit.jpg'),
(152, 90, 'Nitrogen', 'https://umich.edu/vel/est/donec/odio/justo.png'),
(153, 50, 'Ketoconazole', 'https://intel.com/in/lacus/curabitur/at.xml'),
(154, 70, 'Chlorpromazine Hydrochloride', 'http://ameblo.jp/libero/rutrum/ac/lobortis/vel/dapibus/at.xml'),
(155, 35, 'CEFOTAXIME', 'http://google.it/eu/nibh/quisque/id/justo/sit/amet.jsp'),
(156, 50, 'Pentoxifylline', 'http://oracle.com/justo/sollicitudin/ut/suscipit/a/feugiat/et.png'),
(157, 100, 'Dantrolene Sodium', 'https://deviantart.com/vivamus/vestibulum/sagittis/sapien/cum/sociis/natoque.xml'),
(158, 58, 'Warfarin Sodium', 'http://bbb.org/dictumst.aspx'),
(159, 95, 'Oxygen', 'http://hhs.gov/id/nulla/ultrices.aspx'),
(160, 12, 'No7 Lift and Luminate Foundation Sunscreen Broad Spectrum SPF 15 Cool Ivory', 'https://flavors.me/mi/nulla/ac/enim/in.xml'),
(161, 11, 'POLYETHYLENE GLYCOL 3350 AND ELECTROLYTES', 'https://t.co/ipsum/primis/in/faucibus/orci/luctus.js'),
(162, 36, 'Terrasil Fissures Formula', 'https://blogs.com/justo/sollicitudin/ut/suscipit/a/feugiat/et.html'),
(163, 47, 'Tioconazole', 'https://cornell.edu/pede/ullamcorper/augue/a/suscipit/nulla.js'),
(164, 55, 'Spearmint', 'https://cnbc.com/in/leo.jpg'),
(165, 97, 'Nitrogen', 'https://wisc.edu/leo/odio.jsp'),
(166, 4, 'amoxicillin and clavulanate potassium', 'http://usda.gov/in/hac/habitasse/platea.xml'),
(167, 85, 'Kindest Kare Air-Infused Foam Antiseptic Handrub', 'http://yandex.ru/consequat/lectus.jsp'),
(168, 66, 'Theophylline', 'http://illinois.edu/elit/sodales/scelerisque/mauris.js'),
(169, 43, 'Clindamycin Hydrochloride', 'http://instagram.com/tristique/tortor/eu/pede.png'),
(170, 74, 'CENTER-AL - PLATANUS RACEMOSA POLLEN', 'https://istockphoto.com/sapien/urna/pretium/nisl/ut/volutpat.json'),
(171, 60, 'Vitamin E Moisture', 'https://jalbum.net/libero/quis/orci/nullam.jsp'),
(172, 85, 'acid reducer 150', 'https://elpais.com/sem/duis.html'),
(173, 7, 'NAPROXEN', 'https://umich.edu/sit/amet/nulla.html'),
(174, 51, 'Naproxen Sodium', 'http://marriott.com/quam.js'),
(175, 95, 'Rouge Dior 840 Crimson Serum', 'http://dell.com/sed/nisl/nunc.js'),
(176, 91, 'ACONITUM NAPELLUS', 'http://nba.com/lacus.jpg'),
(177, 28, 'ATORVASTATIN CALCIUM', 'https://mashable.com/aenean/sit/amet/justo/morbi.html'),
(178, 89, 'Riax', 'https://baidu.com/aliquet/at/feugiat/non.xml'),
(179, 87, 'Rohto', 'http://ycombinator.com/sapien/ut.js'),
(180, 62, 'careone milk of magnesia', 'http://histats.com/in/magna/bibendum/imperdiet/nullam/orci.jpg'),
(181, 8, 'Lycopodium clavatum', 'http://microsoft.com/sollicitudin/ut.js'),
(182, 91, 'Oi Lin Natural Sunscreen SPF 30', 'https://sakura.ne.jp/quam/fringilla/rhoncus/mauris/enim/leo.xml'),
(183, 16, 'Neomycin and Polymyxin B Sulfates', 'http://harvard.edu/id/turpis/integer.js'),
(184, 24, 'Carisoprodol', 'https://woothemes.com/congue/diam/id.jsp'),
(185, 26, 'Allopurinol', 'https://nps.gov/odio/donec/vitae.xml'),
(186, 94, 'childrens ibuprofen', 'http://army.mil/risus/dapibus/augue/vel/accumsan/tellus/nisi.html'),
(187, 68, 'IBUPROFEN', 'https://cocolog-nifty.com/consequat/varius/integer/ac/leo.jpg'),
(188, 32, 'COUMADIN', 'https://uiuc.edu/amet/cursus/id/turpis/integer/aliquet/massa.jsp'),
(189, 11, 'Gas Relief', 'https://usda.gov/consequat/in/consequat/ut/nulla/sed.json'),
(190, 88, 'Bupropion hydrochloride', 'http://msu.edu/luctus/et/ultrices/posuere.jsp'),
(191, 97, 'ACD-A', 'https://over-blog.com/lorem/quisque/ut/erat/curabitur/gravida.js'),
(192, 65, 'Green Relief', 'http://biglobe.ne.jp/sit/amet/consectetuer/adipiscing/elit/proin/interdum.jsp'),
(193, 16, 'Isopropyl', 'http://craigslist.org/libero.xml'),
(194, 90, 'Simvastatin', 'http://psu.edu/dolor/sit.json'),
(195, 12, 'Topiramate', 'https://hc360.com/dapibus/nulla/suscipit/ligula/in/lacus/curabitur.js'),
(196, 91, 'Propafenone HCl', 'http://zimbio.com/nisi/venenatis.xml'),
(197, 77, 'Bio-S-Pres', 'https://cornell.edu/etiam/vel/augue.xml'),
(198, 57, 'citalopram hydrobromide', 'http://github.io/donec/dapibus/duis/at/velit.json'),
(199, 84, 'Premium Foam Antibacterial', 'https://studiopress.com/vulputate/elementum/nullam/varius/nulla.html'),
(200, 67, 'anti itch', 'https://cdbaby.com/maecenas/leo/odio/condimentum/id/luctus/nec.png'),
(201, 23, 'Pollens - Weeds, Kochia scoparia', 'http://com.com/egestas.png'),
(202, 81, 'AcneFree Original Strength Terminator', 'http://utexas.edu/justo.jpg'),
(203, 31, 'esika', 'https://bloomberg.com/et/ultrices/posuere/cubilia/curae/nulla/dapibus.json'),
(204, 23, 'Zolpidem Tartrate', 'https://clickbank.net/praesent/id/massa/id/nisl/venenatis.aspx'),
(205, 45, 'Zellulisan', 'https://admin.ch/vitae/mattis/nibh/ligula.json'),
(206, 2, 'TIZANIDINE', 'http://e-recht24.de/amet/consectetuer.jpg'),
(207, 14, 'Family Wellness', 'https://nifty.com/tristique/tortor/eu.jpg'),
(208, 10, 'meijer', 'http://answers.com/pellentesque.aspx'),
(209, 56, 'Colgate Junior Bubble Fruit', 'http://cloudflare.com/ac/enim/in/tempor/turpis/nec.jsp'),
(210, 36, 'Levothyroxine Sodium', 'http://multiply.com/consequat/nulla.js'),
(211, 66, 'Docusate Sodium', 'http://gov.uk/dapibus/nulla/suscipit/ligula/in.jpg'),
(212, 15, 'Levetiracetam', 'https://lulu.com/lacus/at/velit/vivamus.png'),
(213, 55, 'Adenosine', 'https://nationalgeographic.com/luctus/rutrum/nulla/tellus/in/sagittis.json'),
(214, 56, 'Risperidone', 'http://furl.net/quisque/porta.png'),
(215, 34, 'Good Neighbor Pharmacy Mucus Relief DM', 'https://cnn.com/ut/nulla/sed/accumsan.jsp'),
(216, 53, 'Imipramine Hydrochloride', 'https://thetimes.co.uk/enim/in/tempor/turpis/nec/euismod.xml'),
(217, 83, 'G-TUSICOF', 'https://gnu.org/ac/consequat/metus.jsp'),
(218, 36, 'ANTIBACTERIAL BODY WASH', 'http://nifty.com/nascetur/ridiculus/mus/vivamus.aspx'),
(219, 5, 'Nitrogen', 'https://nih.gov/pede/ac/diam/cras/pellentesque/volutpat/dui.html'),
(220, 35, 'Curad Oral Saline Laxative', 'http://nba.com/nulla/eget.json'),
(221, 60, 'Cetirizine HCl and Pseudoephedrine HCl', 'http://webmd.com/lacus.json'),
(222, 65, 'Metamucil', 'http://cnet.com/orci/luctus/et/ultrices/posuere/cubilia.png'),
(223, 98, 'Fexofenadine', 'https://a8.net/lobortis/vel/dapibus/at/diam.aspx'),
(224, 50, 'WHP Be gone Headache', 'http://ucoz.com/quis/odio/consequat/varius/integer/ac.png'),
(225, 72, 'Alprazolam', 'https://devhub.com/turpis/a/pede/posuere/nonummy.json'),
(226, 68, 'SOLENOPSIS INVICTA', 'https://prnewswire.com/vestibulum/quam/sapien.xml'),
(227, 94, 'Ciclopirox Olamine', 'http://sourceforge.net/massa/volutpat/convallis/morbi/odio.js'),
(228, 18, 'CHAPSTICK MOISTURIZER GREEN APPLE', 'https://stumbleupon.com/luctus/tincidunt/nulla/mollis.json'),
(229, 18, 'ADSOL Red Cell Preservation Solution System in Plastic Container (PL 146 Plastic)', 'https://myspace.com/et/commodo/vulputate/justo/in.xml'),
(230, 51, 'HYDROCODONE BITARTRATE AND ACETAMINOPHEN', 'http://vk.com/tincidunt/nulla/mollis/molestie.html'),
(231, 74, 'Pravastatin Sodium', 'https://imdb.com/eget/vulputate/ut/ultrices/vel/augue.js'),
(232, 12, 'Carbon Dioxide', 'https://so-net.ne.jp/nisi/eu/orci.jpg'),
(233, 32, 'ATORVASTATIN CALCIUM', 'http://sciencedaily.com/tincidunt/eu/felis/fusce/posuere/felis/sed.js'),
(234, 24, 'Flumazenil', 'https://nasa.gov/ut/massa/quis/augue/luctus/tincidunt/nulla.png'),
(235, 88, 'dextroamphetamine sulfate', 'http://google.com/lectus/vestibulum/quam/sapien/varius/ut/blandit.json'),
(236, 46, 'Healing', 'https://biblegateway.com/eget/eleifend.aspx'),
(237, 88, 'Maximum Strength Menstrual Relief', 'https://guardian.co.uk/mattis.html'),
(238, 50, 'Amar Petroleum', 'https://rakuten.co.jp/consequat/metus/sapien/ut/nunc/vestibulum/ante.json'),
(239, 82, 'EASTERN YELLOWJACKET VENOM PROTEIN', 'https://mit.edu/auctor.png'),
(240, 8, 'Tussin Cough', 'http://foxnews.com/mattis/pulvinar/nulla/pede.js'),
(241, 44, 'Gonak Hypromellose', 'https://webmd.com/ligula/nec/sem/duis/aliquam.js'),
(242, 47, 'Veil Fluid Makeup Nude', 'https://smugmug.com/velit.js'),
(243, 32, 'Cyclobenzaprine Hydrochloride', 'https://cargocollective.com/ultrices/posuere/cubilia/curae/nulla.json'),
(244, 97, 'Antibacterial Hand Sanitizer', 'http://e-recht24.de/nisl/nunc/nisl/duis/bibendum/felis/sed.png'),
(245, 70, 'Dr. J.I.s Arthritis Plus Gel', 'http://nytimes.com/eu/felis.png'),
(246, 39, 'Daily Moisturizing', 'http://engadget.com/arcu/sed/augue/aliquam/erat/volutpat/in.jpg'),
(247, 27, 'CELEBREX', 'https://ox.ac.uk/nullam/varius/nulla.json'),
(248, 26, 'Aclovate', 'https://xrea.com/maecenas.aspx'),
(249, 97, 'Eczema Rescue', 'http://oakley.com/duis.xml'),
(250, 98, 'Simplex', 'https://dot.gov/at/diam/nam/tristique/tortor/eu.html'),
(251, 96, 'Safe Harbor - Natural - Sensitive SPF50 Broad Spectrum', 'https://rakuten.co.jp/in/lacus/curabitur/at/ipsum/ac.jsp'),
(252, 44, 'Alba Botanica Natural Very Emollient Sunscreen Sport Spray SPF40', 'http://sciencedirect.com/congue/vivamus/metus/arcu.xml'),
(253, 58, 'Losartan Potassium', 'https://opensource.org/in/sapien/iaculis/congue/vivamus/metus.jsp'),
(254, 11, 'Disopyramide Phosphate', 'https://dell.com/at/dolor/quis.png'),
(255, 53, 'DICYCLOMINE HYDROCHLORIDE', 'http://alibaba.com/ipsum/dolor.xml'),
(256, 81, 'esika', 'https://hubpages.com/leo/rhoncus.html'),
(257, 80, 'Clindamycin Hydrochloride', 'https://photobucket.com/ligula/nec/sem.png'),
(258, 85, 'Diclofenac Sodium', 'https://bbb.org/elementum/pellentesque/quisque/porta.html'),
(259, 59, 'ZANTAC', 'http://prnewswire.com/cras/in/purus/eu/magna/vulputate/luctus.html'),
(260, 56, 'Pancreas Argentum', 'http://google.nl/sapien.aspx'),
(261, 80, 'Headache - Migraine', 'https://ihg.com/dictumst.aspx'),
(262, 46, 'health mart cold and allergy', 'https://linkedin.com/quis/tortor.js'),
(263, 43, 'Zippity Doos', 'http://ca.gov/sed.js'),
(264, 18, 'Chestrub', 'http://pen.io/in/magna/bibendum/imperdiet/nullam/orci/pede.json'),
(265, 82, 'Albuterol Sulfate', 'https://hubpages.com/in/faucibus/orci/luctus/et/ultrices/posuere.json'),
(266, 18, 'Ferrum Phos Kit Refill', 'https://nyu.edu/nulla.js'),
(267, 25, 'Childrens Allergy', 'https://nhs.uk/eleifend/luctus/ultricies/eu/nibh/quisque/id.aspx'),
(268, 38, 'Sorbet APF', 'http://tiny.cc/quam/pharetra/magna.jsp'),
(269, 78, 'Humco Senna Powder', 'https://last.fm/sed/interdum/venenatis/turpis/enim/blandit/mi.json'),
(270, 22, 'Quality Choice', 'http://ocn.ne.jp/lacinia.aspx'),
(271, 6, 'Harmon Face Values Tussin DM', 'http://timesonline.co.uk/lacus/morbi/sem/mauris/laoreet/ut.js'),
(272, 28, 'AMMONIA N-13', 'http://paypal.com/odio/condimentum/id/luctus/nec/molestie.js'),
(273, 39, 'Lavender Vanilla Anti-Bacterial Hand Sanitizer', 'http://wikipedia.org/vitae/quam.xml'),
(274, 98, 'Maximum Strength Laxative', 'http://cmu.edu/eget/elit.jpg'),
(275, 33, 'Klor-Con', 'http://elpais.com/quis/orci.jsp'),
(276, 57, 'Donepezil Hydrochloride', 'http://cbc.ca/viverra/eget/congue/eget/semper.jsp'),
(277, 65, 'Treatment Set TS329066', 'http://intel.com/ut/at/dolor/quis/odio/consequat/varius.jsp'),
(278, 38, 'Zetia', 'http://springer.com/suspendisse/potenti/in/eleifend.js'),
(279, 82, 'Treatment Set TS335100', 'http://wp.com/consequat/morbi/a/ipsum/integer/a/nibh.jpg'),
(280, 55, 'risperidone', 'http://mac.com/in.html'),
(281, 1, 'Protamine Sulfate', 'https://godaddy.com/donec/semper.js'),
(282, 57, 'Lobster', 'http://seesaa.net/consequat/morbi/a/ipsum/integer/a.json'),
(283, 86, 'CD DIOR PRESTIGE White Collection Satin Brightening Eye Cream Sunscreen SPF 15', 'https://java.com/vivamus/vel/nulla.html'),
(284, 68, 'Ampicillin', 'https://lulu.com/luctus/tincidunt/nulla/mollis/molestie/lorem.png'),
(285, 11, 'Hongo Killer', 'http://a8.net/quisque/erat.png'),
(286, 70, 'Mulberry', 'https://chron.com/diam/vitae/quam/suspendisse.json'),
(287, 65, 'SULINDAC', 'http://cbsnews.com/suscipit/a/feugiat/et/eros.jsp'),
(288, 65, 'Pentoxifylline', 'https://msu.edu/eu/massa.jsp'),
(289, 96, 'oxygen', 'https://wunderground.com/lorem/ipsum.xml'),
(290, 77, 'Green Guard Cough Drop Relief', 'http://hud.gov/sed/ante/vivamus.json'),
(291, 46, 'paroxetine', 'http://unicef.org/gravida/nisi/at/nibh/in/hac/habitasse.jsp'),
(292, 9, 'NEOMYCIN SULFATE, POLYMYXIN B SULFATE AND DEXAMETHASONE', 'https://odnoklassniki.ru/ridiculus/mus/vivamus/vestibulum/sagittis/sapien.xml'),
(293, 3, 'Ritalin', 'http://lycos.com/augue/luctus.js'),
(294, 94, 'Difficult Expectoration', 'https://yahoo.co.jp/at/vulputate/vitae/nisl.xml'),
(295, 55, 'BRIGHTENING SPOT TREATMENT CORRECTOR', 'https://umn.edu/nullam/sit/amet/turpis/elementum/ligula.html'),
(296, 35, 'Free Radical', 'https://ucoz.com/sapien/cum/sociis/natoque/penatibus.xml'),
(297, 37, 'Divalproex Sodium', 'https://baidu.com/sapien.xml'),
(298, 69, 'Mineral Oil', 'https://scientificamerican.com/in/porttitor/pede/justo/eu.jpg'),
(299, 96, 'Motrin', 'http://npr.org/maecenas/pulvinar/lobortis.jpg'),
(300, 72, 'HYDROXYZINE HYDROCHLORIDE', 'http://guardian.co.uk/dolor/sit/amet/consectetuer.jsp');

-- --------------------------------------------------------

--
-- Estructura de tabla para la tabla `municipios`
--

CREATE TABLE `municipios` (
  `municipio_id` int(11) NOT NULL,
  `estado_id` int(11) NOT NULL,
  `municipio_nombre` varchar(75) NOT NULL
) ENGINE=InnoDB DEFAULT CHARSET=utf8;

--
-- Volcado de datos para la tabla `municipios`
--

INSERT INTO `municipios` (`municipio_id`, `estado_id`, `municipio_nombre`) VALUES
(1, 1, 'Aguascalientes'),
(2, 1, 'Asientos'),
(3, 1, 'Calvillo'),
(4, 1, 'Cosío'),
(5, 1, 'Jesús María'),
(6, 1, 'Pabellón de Arteaga'),
(7, 1, 'Rincón de Romos'),
(8, 1, 'San José de Gracia'),
(9, 1, 'Tepezalá'),
(10, 1, 'El Llano'),
(11, 1, 'San Francisco de los Romo'),
(12, 2, 'Ensenada'),
(13, 2, 'Mexicali'),
(14, 2, 'Tecate'),
(15, 2, 'Tijuana'),
(16, 2, 'Playas de Rosarito'),
(17, 2, 'San Quintín'),
(18, 3, 'Comondú'),
(19, 3, 'Mulegé'),
(20, 3, 'La Paz'),
(21, 3, 'Los Cabos'),
(22, 3, 'Loreto'),
(23, 4, 'Calkiní'),
(24, 4, 'Campeche'),
(25, 4, 'Carmen'),
(26, 4, 'Champotón'),
(27, 4, 'Hecelchakán'),
(28, 4, 'Hopelchén'),
(29, 4, 'Palizada'),
(30, 4, 'Tenabo'),
(31, 4, 'Escárcega'),
(32, 4, 'Calakmul'),
(33, 4, 'Candelaria'),
(34, 4, 'Seybaplaya'),
(35, 5, 'Abasolo'),
(36, 5, 'Acuña'),
(37, 5, 'Allende'),
(38, 5, 'Arteaga'),
(39, 5, 'Candela'),
(40, 5, 'Castaños'),
(41, 5, 'Cuatro Ciénegas'),
(42, 5, 'Escobedo'),
(43, 5, 'Francisco I. Madero'),
(44, 5, 'Frontera'),
(45, 5, 'General Cepeda'),
(46, 5, 'Guerrero'),
(47, 5, 'Hidalgo'),
(48, 5, 'Jiménez'),
(49, 5, 'Juárez'),
(50, 5, 'Lamadrid'),
(51, 5, 'Matamoros'),
(52, 5, 'Monclova'),
(53, 5, 'Morelos'),
(54, 5, 'Múzquiz'),
(55, 5, 'Nadadores'),
(56, 5, 'Nava'),
(57, 5, 'Ocampo'),
(58, 5, 'Parras'),
(59, 5, 'Piedras Negras'),
(60, 5, 'Progreso'),
(61, 5, 'Ramos Arizpe'),
(62, 5, 'Sabinas'),
(63, 5, 'Sacramento'),
(64, 5, 'Saltillo'),
(65, 5, 'San Buenaventura'),
(66, 5, 'San Juan de Sabinas'),
(67, 5, 'San Pedro'),
(68, 5, 'Sierra Mojada'),
(69, 5, 'Torreón'),
(70, 5, 'Viesca'),
(71, 5, 'Villa Unión'),
(72, 5, 'Zaragoza'),
(73, 6, 'Armería'),
(74, 6, 'Colima'),
(75, 6, 'Comala'),
(76, 6, 'Coquimatlán'),
(77, 6, 'Cuauhtémoc'),
(78, 6, 'Ixtlahuacán'),
(79, 6, 'Manzanillo'),
(80, 6, 'Minatitlán'),
(81, 6, 'Tecomán'),
(82, 6, 'Villa de Álvarez'),
(83, 7, 'Acacoyagua'),
(84, 7, 'Acala'),
(85, 7, 'Acapetahua'),
(86, 7, 'Altamirano'),
(87, 7, 'Amatán'),
(88, 7, 'Amatenango de la Frontera'),
(89, 7, 'Amatenango del Valle'),
(90, 7, 'Ángel Albino Corzo'),
(91, 7, 'Arriaga'),
(92, 7, 'Bejucal de Ocampo'),
(93, 7, 'Bella Vista'),
(94, 7, 'Berriozábal'),
(95, 7, 'Bochil'),
(96, 7, 'El Bosque'),
(97, 7, 'Cacahoatán'),
(98, 7, 'Catazajá'),
(99, 7, 'Cintalapa'),
(100, 7, 'Coapilla'),
(101, 7, 'Comitán de Domínguez'),
(102, 7, 'La Concordia'),
(103, 7, 'Copainalá'),
(104, 7, 'Chalchihuitán'),
(105, 7, 'Chamula'),
(106, 7, 'Chanal'),
(107, 7, 'Chapultenango'),
(108, 7, 'Chenalhó'),
(109, 7, 'Chiapa de Corzo'),
(110, 7, 'Chiapilla'),
(111, 7, 'Chicoasén'),
(112, 7, 'Chicomuselo'),
(113, 7, 'Chilón'),
(114, 7, 'Escuintla'),
(115, 7, 'Francisco León'),
(116, 7, 'Frontera Comalapa'),
(117, 7, 'Frontera Hidalgo'),
(118, 7, 'La Grandeza'),
(119, 7, 'Huehuetán'),
(120, 7, 'Huixtán'),
(121, 7, 'Huitiupán'),
(122, 7, 'Huixtla'),
(123, 7, 'La Independencia'),
(124, 7, 'Ixhuatán'),
(125, 7, 'Ixtacomitán'),
(126, 7, 'Ixtapa'),
(127, 7, 'Ixtapangajoya'),
(128, 7, 'Jiquipilas'),
(129, 7, 'Jitotol'),
(130, 7, 'Juárez'),
(131, 7, 'Larráinzar'),
(132, 7, 'La Libertad'),
(133, 7, 'Mapastepec'),
(134, 7, 'Las Margaritas'),
(135, 7, 'Mazapa de Madero'),
(136, 7, 'Mazatán'),
(137, 7, 'Metapa'),
(138, 7, 'Mitontic'),
(139, 7, 'Motozintla'),
(140, 7, 'Nicolás Ruíz'),
(141, 7, 'Ocosingo'),
(142, 7, 'Ocotepec'),
(143, 7, 'Ocozocoautla de Espinosa'),
(144, 7, 'Ostuacán'),
(145, 7, 'Osumacinta'),
(146, 7, 'Oxchuc'),
(147, 7, 'Palenque'),
(148, 7, 'Pantelhó'),
(149, 7, 'Pantepec'),
(150, 7, 'Pichucalco'),
(151, 7, 'Pijijiapan'),
(152, 7, 'El Porvenir'),
(153, 7, 'Villa Comaltitlán'),
(154, 7, 'Pueblo Nuevo Solistahuacán'),
(155, 7, 'Rayón'),
(156, 7, 'Reforma'),
(157, 7, 'Las Rosas'),
(158, 7, 'Sabanilla'),
(159, 7, 'Salto de Agua'),
(160, 7, 'San Cristóbal de las Casas'),
(161, 7, 'San Fernando'),
(162, 7, 'Siltepec'),
(163, 7, 'Simojovel'),
(164, 7, 'Sitalá'),
(165, 7, 'Socoltenango'),
(166, 7, 'Solosuchiapa'),
(167, 7, 'Soyaló'),
(168, 7, 'Suchiapa'),
(169, 7, 'Suchiate'),
(170, 7, 'Sunuapa'),
(171, 7, 'Tapachula'),
(172, 7, 'Tapalapa'),
(173, 7, 'Tapilula'),
(174, 7, 'Tecpatán'),
(175, 7, 'Tenejapa'),
(176, 7, 'Teopisca'),
(177, 7, 'Tila'),
(178, 7, 'Tonalá'),
(179, 7, 'Totolapa'),
(180, 7, 'La Trinitaria'),
(181, 7, 'Tumbalá'),
(182, 7, 'Tuxtla Gutiérrez'),
(183, 7, 'Tuxtla Chico'),
(184, 7, 'Tuzantán'),
(185, 7, 'Tzimol'),
(186, 7, 'Unión Juárez'),
(187, 7, 'Venustiano Carranza'),
(188, 7, 'Villa Corzo'),
(189, 7, 'Villaflores'),
(190, 7, 'Yajalón'),
(191, 7, 'San Lucas'),
(192, 7, 'Zinacantán'),
(193, 7, 'San Juan Cancuc'),
(194, 7, 'Aldama'),
(195, 7, 'Benemérito de las Américas'),
(196, 7, 'Maravilla Tenejapa'),
(197, 7, 'Marqués de Comillas'),
(198, 7, 'Montecristo de Guerrero'),
(199, 7, 'San Andrés Duraznal'),
(200, 7, 'Santiago el Pinar'),
(201, 7, 'Capitán Luis Ángel Vidal'),
(202, 7, 'Rincón Chamula San Pedro'),
(203, 7, 'El Parral'),
(204, 7, 'Emiliano Zapata'),
(205, 7, 'Mezcalapa'),
(206, 7, 'Honduras de la Sierra'),
(207, 8, 'Ahumada'),
(208, 8, 'Aldama'),
(209, 8, 'Allende'),
(210, 8, 'Aquiles Serdán'),
(211, 8, 'Ascensión'),
(212, 8, 'Bachíniva'),
(213, 8, 'Balleza'),
(214, 8, 'Batopilas de Manuel Gómez Morín'),
(215, 8, 'Bocoyna'),
(216, 8, 'Buenaventura'),
(217, 8, 'Camargo'),
(218, 8, 'Carichí'),
(219, 8, 'Casas Grandes'),
(220, 8, 'Coronado'),
(221, 8, 'Coyame del Sotol'),
(222, 8, 'La Cruz'),
(223, 8, 'Cuauhtémoc'),
(224, 8, 'Cusihuiriachi'),
(225, 8, 'Chihuahua'),
(226, 8, 'Chínipas'),
(227, 8, 'Delicias'),
(228, 8, 'Dr. Belisario Domínguez'),
(229, 8, 'Galeana'),
(230, 8, 'Santa Isabel'),
(231, 8, 'Gómez Farías'),
(232, 8, 'Gran Morelos'),
(233, 8, 'Guachochi'),
(234, 8, 'Guadalupe'),
(235, 8, 'Guadalupe y Calvo'),
(236, 8, 'Guazapares'),
(237, 8, 'Guerrero'),
(238, 8, 'Hidalgo del Parral'),
(239, 8, 'Huejotitán'),
(240, 8, 'Ignacio Zaragoza'),
(241, 8, 'Janos'),
(242, 8, 'Jiménez'),
(243, 8, 'Juárez'),
(244, 8, 'Julimes'),
(245, 8, 'López'),
(246, 8, 'Madera'),
(247, 8, 'Maguarichi'),
(248, 8, 'Manuel Benavides'),
(249, 8, 'Matachí'),
(250, 8, 'Matamoros'),
(251, 8, 'Meoqui'),
(252, 8, 'Morelos'),
(253, 8, 'Moris'),
(254, 8, 'Namiquipa'),
(255, 8, 'Nonoava'),
(256, 8, 'Nuevo Casas Grandes'),
(257, 8, 'Ocampo'),
(258, 8, 'Ojinaga'),
(259, 8, 'Praxedis G. Guerrero'),
(260, 8, 'Riva Palacio'),
(261, 8, 'Rosales'),
(262, 8, 'Rosario'),
(263, 8, 'San Francisco de Borja'),
(264, 8, 'San Francisco de Conchos'),
(265, 8, 'San Francisco del Oro'),
(266, 8, 'Santa Bárbara'),
(267, 8, 'Satevó'),
(268, 8, 'Saucillo'),
(269, 8, 'Temósachic'),
(270, 8, 'El Tule'),
(271, 8, 'Urique'),
(272, 8, 'Uruachi'),
(273, 8, 'Valle de Zaragoza'),
(274, 9, 'Azcapotzalco'),
(275, 9, 'Coyoacán'),
(276, 9, 'Cuajimalpa de Morelos'),
(277, 9, 'Gustavo A. Madero'),
(278, 9, 'Iztacalco'),
(279, 9, 'Iztapalapa'),
(280, 9, 'La Magdalena Contreras'),
(281, 9, 'Milpa Alta'),
(282, 9, 'Álvaro Obregón'),
(283, 9, 'Tláhuac'),
(284, 9, 'Tlalpan'),
(285, 9, 'Xochimilco'),
(286, 9, 'Benito Juárez'),
(287, 9, 'Cuauhtémoc'),
(288, 9, 'Miguel Hidalgo'),
(289, 9, 'Venustiano Carranza'),
(290, 10, 'Canatlán'),
(291, 10, 'Canelas'),
(292, 10, 'Coneto de Comonfort'),
(293, 10, 'Cuencamé'),
(294, 10, 'Durango'),
(295, 10, 'General Simón Bolívar'),
(296, 10, 'Gómez Palacio'),
(297, 10, 'Guadalupe Victoria'),
(298, 10, 'Guanaceví'),
(299, 10, 'Hidalgo'),
(300, 10, 'Indé'),
(301, 10, 'Lerdo'),
(302, 10, 'Mapimí'),
(303, 10, 'Mezquital'),
(304, 10, 'Nazas'),
(305, 10, 'Nombre de Dios'),
(306, 10, 'Ocampo'),
(307, 10, 'El Oro'),
(308, 10, 'Otáez'),
(309, 10, 'Pánuco de Coronado'),
(310, 10, 'Peñón Blanco'),
(311, 10, 'Poanas'),
(312, 10, 'Pueblo Nuevo'),
(313, 10, 'Rodeo'),
(314, 10, 'San Bernardo'),
(315, 10, 'San Dimas'),
(316, 10, 'San Juan de Guadalupe'),
(317, 10, 'San Juan del Río'),
(318, 10, 'San Luis del Cordero'),
(319, 10, 'San Pedro del Gallo'),
(320, 10, 'Santa Clara'),
(321, 10, 'Santiago Papasquiaro'),
(322, 10, 'Súchil'),
(323, 10, 'Tamazula'),
(324, 10, 'Tepehuanes'),
(325, 10, 'Tlahualilo'),
(326, 10, 'Topia'),
(327, 10, 'Vicente Guerrero'),
(328, 10, 'Nuevo Ideal'),
(329, 11, 'Abasolo'),
(330, 11, 'Acámbaro'),
(331, 11, 'San Miguel de Allende'),
(332, 11, 'Apaseo el Alto'),
(333, 11, 'Apaseo el Grande'),
(334, 11, 'Atarjea'),
(335, 11, 'Celaya'),
(336, 11, 'Manuel Doblado'),
(337, 11, 'Comonfort'),
(338, 11, 'Coroneo'),
(339, 11, 'Cortazar'),
(340, 11, 'Cuerámaro'),
(341, 11, 'Doctor Mora'),
(342, 11, 'Dolores Hidalgo Cuna de la Independencia Nacional'),
(343, 11, 'Guanajuato'),
(344, 11, 'Huanímaro'),
(345, 11, 'Irapuato'),
(346, 11, 'Jaral del Progreso'),
(347, 11, 'Jerécuaro'),
(348, 11, 'León'),
(349, 11, 'Moroleón'),
(350, 11, 'Ocampo'),
(351, 11, 'Pénjamo'),
(352, 11, 'Pueblo Nuevo'),
(353, 11, 'Purísima del Rincón'),
(354, 11, 'Romita'),
(355, 11, 'Salamanca'),
(356, 11, 'Salvatierra'),
(357, 11, 'San Diego de la Unión'),
(358, 11, 'San Felipe'),
(359, 11, 'San Francisco del Rincón'),
(360, 11, 'San José Iturbide'),
(361, 11, 'San Luis de la Paz'),
(362, 11, 'Santa Catarina'),
(363, 11, 'Santa Cruz de Juventino Rosas'),
(364, 11, 'Santiago Maravatío'),
(365, 11, 'Silao de la Victoria'),
(366, 11, 'Tarandacuao'),
(367, 11, 'Tarimoro'),
(368, 11, 'Tierra Blanca'),
(369, 11, 'Uriangato'),
(370, 11, 'Valle de Santiago'),
(371, 11, 'Victoria'),
(372, 11, 'Villagrán'),
(373, 11, 'Xichú'),
(374, 11, 'Yuriria'),
(375, 12, 'Acapulco de Juárez'),
(376, 12, 'Ahuacuotzingo'),
(377, 12, 'Ajuchitlán del Progreso'),
(378, 12, 'Alcozauca de Guerrero'),
(379, 12, 'Alpoyeca'),
(380, 12, 'Apaxtla'),
(381, 12, 'Arcelia'),
(382, 12, 'Atenango del Río'),
(383, 12, 'Atlamajalcingo del Monte'),
(384, 12, 'Atlixtac'),
(385, 12, 'Atoyac de Álvarez'),
(386, 12, 'Ayutla de los Libres'),
(387, 12, 'Azoyú'),
(388, 12, 'Benito Juárez'),
(389, 12, 'Buenavista de Cuéllar'),
(390, 12, 'Coahuayutla de José María Izazaga'),
(391, 12, 'Cocula'),
(392, 12, 'Copala'),
(393, 12, 'Copalillo'),
(394, 12, 'Copanatoyac'),
(395, 12, 'Coyuca de Benítez'),
(396, 12, 'Coyuca de Catalán'),
(397, 12, 'Cuajinicuilapa'),
(398, 12, 'Cualác'),
(399, 12, 'Cuautepec'),
(400, 12, 'Cuetzala del Progreso'),
(401, 12, 'Cutzamala de Pinzón'),
(402, 12, 'Chilapa de Álvarez'),
(403, 12, 'Chilpancingo de los Bravo'),
(404, 12, 'Florencio Villarreal'),
(405, 12, 'General Canuto A. Neri'),
(406, 12, 'General Heliodoro Castillo'),
(407, 12, 'Huamuxtitlán'),
(408, 12, 'Huitzuco de los Figueroa'),
(409, 12, 'Iguala de la Independencia'),
(410, 12, 'Igualapa'),
(411, 12, 'Ixcateopan de Cuauhtémoc'),
(412, 12, 'Zihuatanejo de Azueta'),
(413, 12, 'Juan R. Escudero'),
(414, 12, 'Leonardo Bravo'),
(415, 12, 'Malinaltepec'),
(416, 12, 'Mártir de Cuilapan'),
(417, 12, 'Metlatónoc'),
(418, 12, 'Mochitlán'),
(419, 12, 'Olinalá'),
(420, 12, 'Ometepec'),
(421, 12, 'Pedro Ascencio Alquisiras'),
(422, 12, 'Petatlán'),
(423, 12, 'Pilcaya'),
(424, 12, 'Pungarabato'),
(425, 12, 'Quechultenango'),
(426, 12, 'San Luis Acatlán'),
(427, 12, 'San Marcos'),
(428, 12, 'San Miguel Totolapan'),
(429, 12, 'Taxco de Alarcón'),
(430, 12, 'Tecoanapa'),
(431, 12, 'Técpan de Galeana'),
(432, 12, 'Teloloapan'),
(433, 12, 'Tepecoacuilco de Trujano'),
(434, 12, 'Tetipac'),
(435, 12, 'Tixtla de Guerrero'),
(436, 12, 'Tlacoachistlahuaca'),
(437, 12, 'Tlacoapa'),
(438, 12, 'Tlalchapa'),
(439, 12, 'Tlalixtaquilla de Maldonado'),
(440, 12, 'Tlapa de Comonfort'),
(441, 12, 'Tlapehuala'),
(442, 12, 'La Unión de Isidoro Montes de Oca'),
(443, 12, 'Xalpatláhuac'),
(444, 12, 'Xochihuehuetlán'),
(445, 12, 'Xochistlahuaca'),
(446, 12, 'Zapotitlán Tablas'),
(447, 12, 'Zirándaro'),
(448, 12, 'Zitlala'),
(449, 12, 'Eduardo Neri'),
(450, 12, 'Acatepec'),
(451, 12, 'Marquelia'),
(452, 12, 'Cochoapa el Grande'),
(453, 12, 'José Joaquín de Herrera'),
(454, 12, 'Juchitán'),
(455, 12, 'Iliatenco'),
(456, 13, 'Acatlán'),
(457, 13, 'Acaxochitlán'),
(458, 13, 'Actopan'),
(459, 13, 'Agua Blanca de Iturbide'),
(460, 13, 'Ajacuba'),
(461, 13, 'Alfajayucan'),
(462, 13, 'Almoloya'),
(463, 13, 'Apan'),
(464, 13, 'El Arenal'),
(465, 13, 'Atitalaquia'),
(466, 13, 'Atlapexco'),
(467, 13, 'Atotonilco el Grande'),
(468, 13, 'Atotonilco de Tula'),
(469, 13, 'Calnali'),
(470, 13, 'Cardonal'),
(471, 13, 'Cuautepec de Hinojosa'),
(472, 13, 'Chapantongo'),
(473, 13, 'Chapulhuacán'),
(474, 13, 'Chilcuautla'),
(475, 13, 'Eloxochitlán'),
(476, 13, 'Emiliano Zapata'),
(477, 13, 'Epazoyucan'),
(478, 13, 'Francisco I. Madero'),
(479, 13, 'Huasca de Ocampo'),
(480, 13, 'Huautla'),
(481, 13, 'Huazalingo'),
(482, 13, 'Huehuetla'),
(483, 13, 'Huejutla de Reyes'),
(484, 13, 'Huichapan'),
(485, 13, 'Ixmiquilpan'),
(486, 13, 'Jacala de Ledezma'),
(487, 13, 'Jaltocán'),
(488, 13, 'Juárez Hidalgo'),
(489, 13, 'Lolotla'),
(490, 13, 'Metepec'),
(491, 13, 'San Agustín Metzquititlán'),
(492, 13, 'Metztitlán'),
(493, 13, 'Mineral del Chico'),
(494, 13, 'Mineral del Monte'),
(495, 13, 'La Misión'),
(496, 13, 'Mixquiahuala de Juárez'),
(497, 13, 'Molango de Escamilla'),
(498, 13, 'Nicolás Flores'),
(499, 13, 'Nopala de Villagrán'),
(500, 13, 'Omitlán de Juárez'),
(501, 13, 'San Felipe Orizatlán'),
(502, 13, 'Pacula'),
(503, 13, 'Pachuca de Soto'),
(504, 13, 'Pisaflores'),
(505, 13, 'Progreso de Obregón'),
(506, 13, 'Mineral de la Reforma'),
(507, 13, 'San Agustín Tlaxiaca'),
(508, 13, 'San Bartolo Tutotepec'),
(509, 13, 'San Salvador'),
(510, 13, 'Santiago de Anaya'),
(511, 13, 'Santiago Tulantepec de Lugo Guerrero'),
(512, 13, 'Singuilucan'),
(513, 13, 'Tasquillo'),
(514, 13, 'Tecozautla'),
(515, 13, 'Tenango de Doria'),
(516, 13, 'Tepeapulco'),
(517, 13, 'Tepehuacán de Guerrero'),
(518, 13, 'Tepeji del Río de Ocampo'),
(519, 13, 'Tepetitlán'),
(520, 13, 'Tetepango'),
(521, 13, 'Villa de Tezontepec'),
(522, 13, 'Tezontepec de Aldama'),
(523, 13, 'Tianguistengo'),
(524, 13, 'Tizayuca'),
(525, 13, 'Tlahuelilpan'),
(526, 13, 'Tlahuiltepa'),
(527, 13, 'Tlanalapa'),
(528, 13, 'Tlanchinol'),
(529, 13, 'Tlaxcoapan'),
(530, 13, 'Tolcayuca'),
(531, 13, 'Tula de Allende'),
(532, 13, 'Tulancingo de Bravo'),
(533, 13, 'Xochiatipan'),
(534, 13, 'Xochicoatlán'),
(535, 13, 'Yahualica'),
(536, 13, 'Zacualtipán de Ángeles'),
(537, 13, 'Zapotlán de Juárez'),
(538, 13, 'Zempoala'),
(539, 13, 'Zimapán'),
(540, 14, 'Acatic'),
(541, 14, 'Acatlán de Juárez'),
(542, 14, 'Ahualulco de Mercado'),
(543, 14, 'Amacueca'),
(544, 14, 'Amatitán'),
(545, 14, 'Ameca'),
(546, 14, 'San Juanito de Escobedo'),
(547, 14, 'Arandas'),
(548, 14, 'El Arenal'),
(549, 14, 'Atemajac de Brizuela'),
(550, 14, 'Atengo'),
(551, 14, 'Atenguillo'),
(552, 14, 'Atotonilco el Alto'),
(553, 14, 'Atoyac'),
(554, 14, 'Autlán de Navarro'),
(555, 14, 'Ayotlán'),
(556, 14, 'Ayutla'),
(557, 14, 'La Barca'),
(558, 14, 'Bolaños'),
(559, 14, 'Cabo Corrientes'),
(560, 14, 'Casimiro Castillo'),
(561, 14, 'Cihuatlán'),
(562, 14, 'Zapotlán el Grande'),
(563, 14, 'Cocula'),
(564, 14, 'Colotlán'),
(565, 14, 'Concepción de Buenos Aires'),
(566, 14, 'Cuautitlán de García Barragán'),
(567, 14, 'Cuautla'),
(568, 14, 'Cuquío'),
(569, 14, 'Chapala'),
(570, 14, 'Chimaltitán'),
(571, 14, 'Chiquilistlán'),
(572, 14, 'Degollado'),
(573, 14, 'Ejutla'),
(574, 14, 'Encarnación de Díaz'),
(575, 14, 'Etzatlán'),
(576, 14, 'El Grullo'),
(577, 14, 'Guachinango'),
(578, 14, 'Guadalajara'),
(579, 14, 'Hostotipaquillo'),
(580, 14, 'Huejúcar'),
(581, 14, 'Huejuquilla el Alto'),
(582, 14, 'La Huerta'),
(583, 14, 'Ixtlahuacán de los Membrillos'),
(584, 14, 'Ixtlahuacán del Río'),
(585, 14, 'Jalostotitlán'),
(586, 14, 'Jamay'),
(587, 14, 'Jesús María'),
(588, 14, 'Jilotlán de los Dolores'),
(589, 14, 'Jocotepec'),
(590, 14, 'Juanacatlán'),
(591, 14, 'Juchitlán'),
(592, 14, 'Lagos de Moreno'),
(593, 14, 'El Limón'),
(594, 14, 'Magdalena'),
(595, 14, 'Santa María del Oro'),
(596, 14, 'La Manzanilla de la Paz'),
(597, 14, 'Mascota'),
(598, 14, 'Mazamitla'),
(599, 14, 'Mexticacán'),
(600, 14, 'Mezquitic'),
(601, 14, 'Mixtlán'),
(602, 14, 'Ocotlán'),
(603, 14, 'Ojuelos de Jalisco'),
(604, 14, 'Pihuamo'),
(605, 14, 'Poncitlán'),
(606, 14, 'Puerto Vallarta'),
(607, 14, 'Villa Purificación'),
(608, 14, 'Quitupan'),
(609, 14, 'El Salto'),
(610, 14, 'San Cristóbal de la Barranca'),
(611, 14, 'San Diego de Alejandría'),
(612, 14, 'San Juan de los Lagos'),
(613, 14, 'San Julián'),
(614, 14, 'San Marcos'),
(615, 14, 'San Martín de Bolaños'),
(616, 14, 'San Martín Hidalgo'),
(617, 14, 'San Miguel el Alto'),
(618, 14, 'Gómez Farías'),
(619, 14, 'San Sebastián del Oeste'),
(620, 14, 'Santa María de los Ángeles'),
(621, 14, 'Sayula'),
(622, 14, 'Tala'),
(623, 14, 'Talpa de Allende'),
(624, 14, 'Tamazula de Gordiano'),
(625, 14, 'Tapalpa'),
(626, 14, 'Tecalitlán'),
(627, 14, 'Tecolotlán'),
(628, 14, 'Techaluta de Montenegro'),
(629, 14, 'Tenamaxtlán'),
(630, 14, 'Teocaltiche'),
(631, 14, 'Teocuitatlán de Corona'),
(632, 14, 'Tepatitlán de Morelos'),
(633, 14, 'Tequila'),
(634, 14, 'Teuchitlán'),
(635, 14, 'Tizapán el Alto'),
(636, 14, 'Tlajomulco de Zúñiga'),
(637, 14, 'San Pedro Tlaquepaque'),
(638, 14, 'Tolimán'),
(639, 14, 'Tomatlán'),
(640, 14, 'Tonalá'),
(641, 14, 'Tonaya'),
(642, 14, 'Tonila'),
(643, 14, 'Totatiche'),
(644, 14, 'Tototlán'),
(645, 14, 'Tuxcacuesco'),
(646, 14, 'Tuxcueca'),
(647, 14, 'Tuxpan'),
(648, 14, 'Unión de San Antonio'),
(649, 14, 'Unión de Tula'),
(650, 14, 'Valle de Guadalupe'),
(651, 14, 'Valle de Juárez'),
(652, 14, 'San Gabriel'),
(653, 14, 'Villa Corona'),
(654, 14, 'Villa Guerrero'),
(655, 14, 'Villa Hidalgo'),
(656, 14, 'Cañadas de Obregón'),
(657, 14, 'Yahualica de González Gallo'),
(658, 14, 'Zacoalco de Torres'),
(659, 14, 'Zapopan'),
(660, 14, 'Zapotiltic'),
(661, 14, 'Zapotitlán de Vadillo'),
(662, 14, 'Zapotlán del Rey'),
(663, 14, 'Zapotlanejo'),
(664, 14, 'San Ignacio Cerro Gordo'),
(665, 15, 'Acambay de Ruíz Castañeda'),
(666, 15, 'Acolman'),
(667, 15, 'Aculco'),
(668, 15, 'Almoloya de Alquisiras'),
(669, 15, 'Almoloya de Juárez'),
(670, 15, 'Almoloya del Río'),
(671, 15, 'Amanalco'),
(672, 15, 'Amatepec'),
(673, 15, 'Amecameca'),
(674, 15, 'Apaxco'),
(675, 15, 'Atenco'),
(676, 15, 'Atizapán'),
(677, 15, 'Atizapán de Zaragoza'),
(678, 15, 'Atlacomulco'),
(679, 15, 'Atlautla'),
(680, 15, 'Axapusco'),
(681, 15, 'Ayapango'),
(682, 15, 'Calimaya'),
(683, 15, 'Capulhuac'),
(684, 15, 'Coacalco de Berriozábal'),
(685, 15, 'Coatepec Harinas'),
(686, 15, 'Cocotitlán'),
(687, 15, 'Coyotepec'),
(688, 15, 'Cuautitlán'),
(689, 15, 'Chalco'),
(690, 15, 'Chapa de Mota'),
(691, 15, 'Chapultepec'),
(692, 15, 'Chiautla'),
(693, 15, 'Chicoloapan'),
(694, 15, 'Chiconcuac'),
(695, 15, 'Chimalhuacán'),
(696, 15, 'Donato Guerra'),
(697, 15, 'Ecatepec de Morelos'),
(698, 15, 'Ecatzingo'),
(699, 15, 'Huehuetoca'),
(700, 15, 'Hueypoxtla'),
(701, 15, 'Huixquilucan'),
(702, 15, 'Isidro Fabela'),
(703, 15, 'Ixtapaluca'),
(704, 15, 'Ixtapan de la Sal'),
(705, 15, 'Ixtapan del Oro'),
(706, 15, 'Ixtlahuaca'),
(707, 15, 'Xalatlaco'),
(708, 15, 'Jaltenco'),
(709, 15, 'Jilotepec'),
(710, 15, 'Jilotzingo'),
(711, 15, 'Jiquipilco'),
(712, 15, 'Jocotitlán'),
(713, 15, 'Joquicingo'),
(714, 15, 'Juchitepec'),
(715, 15, 'Lerma'),
(716, 15, 'Malinalco'),
(717, 15, 'Melchor Ocampo'),
(718, 15, 'Metepec'),
(719, 15, 'Mexicaltzingo'),
(720, 15, 'Morelos'),
(721, 15, 'Naucalpan de Juárez'),
(722, 15, 'Nezahualcóyotl'),
(723, 15, 'Nextlalpan'),
(724, 15, 'Nicolás Romero'),
(725, 15, 'Nopaltepec'),
(726, 15, 'Ocoyoacac'),
(727, 15, 'Ocuilan'),
(728, 15, 'El Oro'),
(729, 15, 'Otumba'),
(730, 15, 'Otzoloapan'),
(731, 15, 'Otzolotepec'),
(732, 15, 'Ozumba'),
(733, 15, 'Papalotla'),
(734, 15, 'La Paz'),
(735, 15, 'Polotitlán'),
(736, 15, 'Rayón'),
(737, 15, 'San Antonio la Isla'),
(738, 15, 'San Felipe del Progreso'),
(739, 15, 'San Martín de las Pirámides'),
(740, 15, 'San Mateo Atenco'),
(741, 15, 'San Simón de Guerrero'),
(742, 15, 'Santo Tomás'),
(743, 15, 'Soyaniquilpan de Juárez'),
(744, 15, 'Sultepec'),
(745, 15, 'Tecámac'),
(746, 15, 'Tejupilco'),
(747, 15, 'Temamatla'),
(748, 15, 'Temascalapa'),
(749, 15, 'Temascalcingo'),
(750, 15, 'Temascaltepec'),
(751, 15, 'Temoaya'),
(752, 15, 'Tenancingo'),
(753, 15, 'Tenango del Aire'),
(754, 15, 'Tenango del Valle'),
(755, 15, 'Teoloyucan'),
(756, 15, 'Teotihuacán'),
(757, 15, 'Tepetlaoxtoc'),
(758, 15, 'Tepetlixpa'),
(759, 15, 'Tepotzotlán'),
(760, 15, 'Tequixquiac'),
(761, 15, 'Texcaltitlán'),
(762, 15, 'Texcalyacac'),
(763, 15, 'Texcoco'),
(764, 15, 'Tezoyuca'),
(765, 15, 'Tianguistenco'),
(766, 15, 'Timilpan'),
(767, 15, 'Tlalmanalco'),
(768, 15, 'Tlalnepantla de Baz'),
(769, 15, 'Tlatlaya'),
(770, 15, 'Toluca'),
(771, 15, 'Tonatico'),
(772, 15, 'Tultepec'),
(773, 15, 'Tultitlán'),
(774, 15, 'Valle de Bravo'),
(775, 15, 'Villa de Allende'),
(776, 15, 'Villa del Carbón'),
(777, 15, 'Villa Guerrero'),
(778, 15, 'Villa Victoria'),
(779, 15, 'Xonacatlán'),
(780, 15, 'Zacazonapan'),
(781, 15, 'Zacualpan'),
(782, 15, 'Zinacantepec'),
(783, 15, 'Zumpahuacán'),
(784, 15, 'Zumpango'),
(785, 15, 'Cuautitlán Izcalli'),
(786, 15, 'Valle de Chalco Solidaridad'),
(787, 15, 'Luvianos'),
(788, 15, 'San José del Rincón'),
(789, 15, 'Tonanitla'),
(790, 16, 'Acuitzio'),
(791, 16, 'Aguililla'),
(792, 16, 'Álvaro Obregón'),
(793, 16, 'Angamacutiro'),
(794, 16, 'Angangueo'),
(795, 16, 'Apatzingán'),
(796, 16, 'Aporo'),
(797, 16, 'Aquila'),
(798, 16, 'Ario'),
(799, 16, 'Arteaga'),
(800, 16, 'Briseñas'),
(801, 16, 'Buenavista'),
(802, 16, 'Carácuaro'),
(803, 16, 'Coahuayana'),
(804, 16, 'Coalcomán de Vázquez Pallares'),
(805, 16, 'Coeneo'),
(806, 16, 'Contepec'),
(807, 16, 'Copándaro'),
(808, 16, 'Cotija'),
(809, 16, 'Cuitzeo'),
(810, 16, 'Charapan'),
(811, 16, 'Charo'),
(812, 16, 'Chavinda'),
(813, 16, 'Cherán'),
(814, 16, 'Chilchota'),
(815, 16, 'Chinicuila'),
(816, 16, 'Chucándiro'),
(817, 16, 'Churintzio'),
(818, 16, 'Churumuco'),
(819, 16, 'Ecuandureo'),
(820, 16, 'Epitacio Huerta'),
(821, 16, 'Erongarícuaro'),
(822, 16, 'Gabriel Zamora'),
(823, 16, 'Hidalgo'),
(824, 16, 'La Huacana'),
(825, 16, 'Huandacareo'),
(826, 16, 'Huaniqueo'),
(827, 16, 'Huetamo'),
(828, 16, 'Huiramba'),
(829, 16, 'Indaparapeo'),
(830, 16, 'Irimbo'),
(831, 16, 'Ixtlán'),
(832, 16, 'Jacona'),
(833, 16, 'Jiménez'),
(834, 16, 'Jiquilpan'),
(835, 16, 'Juárez'),
(836, 16, 'Jungapeo'),
(837, 16, 'Lagunillas'),
(838, 16, 'Madero'),
(839, 16, 'Maravatío'),
(840, 16, 'Marcos Castellanos'),
(841, 16, 'Lázaro Cárdenas'),
(842, 16, 'Morelia'),
(843, 16, 'Morelos'),
(844, 16, 'Múgica'),
(845, 16, 'Nahuatzen'),
(846, 16, 'Nocupétaro'),
(847, 16, 'Nuevo Parangaricutiro'),
(848, 16, 'Nuevo Urecho'),
(849, 16, 'Numarán'),
(850, 16, 'Ocampo'),
(851, 16, 'Pajacuarán'),
(852, 16, 'Panindícuaro'),
(853, 16, 'Parácuaro'),
(854, 16, 'Paracho'),
(855, 16, 'Pátzcuaro'),
(856, 16, 'Penjamillo'),
(857, 16, 'Peribán'),
(858, 16, 'La Piedad'),
(859, 16, 'Purépero'),
(860, 16, 'Puruándiro'),
(861, 16, 'Queréndaro'),
(862, 16, 'Quiroga'),
(863, 16, 'Cojumatlán de Régules'),
(864, 16, 'Los Reyes'),
(865, 16, 'Sahuayo'),
(866, 16, 'San Lucas'),
(867, 16, 'Santa Ana Maya'),
(868, 16, 'Salvador Escalante'),
(869, 16, 'Senguio'),
(870, 16, 'Susupuato'),
(871, 16, 'Tacámbaro'),
(872, 16, 'Tancítaro'),
(873, 16, 'Tangamandapio'),
(874, 16, 'Tangancícuaro'),
(875, 16, 'Tanhuato'),
(876, 16, 'Taretan'),
(877, 16, 'Tarímbaro'),
(878, 16, 'Tepalcatepec'),
(879, 16, 'Tingambato'),
(880, 16, 'Tingüindín'),
(881, 16, 'Tiquicheo de Nicolás Romero'),
(882, 16, 'Tlalpujahua'),
(883, 16, 'Tlazazalca'),
(884, 16, 'Tocumbo'),
(885, 16, 'Tumbiscatío'),
(886, 16, 'Turicato'),
(887, 16, 'Tuxpan'),
(888, 16, 'Tuzantla'),
(889, 16, 'Tzintzuntzan'),
(890, 16, 'Tzitzio'),
(891, 16, 'Uruapan'),
(892, 16, 'Venustiano Carranza'),
(893, 16, 'Villamar'),
(894, 16, 'Vista Hermosa'),
(895, 16, 'Yurécuaro'),
(896, 16, 'Zacapu'),
(897, 16, 'Zamora'),
(898, 16, 'Zináparo'),
(899, 16, 'Zinapécuaro'),
(900, 16, 'Ziracuaretiro'),
(901, 16, 'Zitácuaro'),
(902, 16, 'José Sixto Verduzco'),
(903, 17, 'Amacuzac'),
(904, 17, 'Atlatlahucan'),
(905, 17, 'Axochiapan'),
(906, 17, 'Ayala'),
(907, 17, 'Coatlán del Río'),
(908, 17, 'Cuautla'),
(909, 17, 'Cuernavaca'),
(910, 17, 'Emiliano Zapata'),
(911, 17, 'Huitzilac'),
(912, 17, 'Jantetelco'),
(913, 17, 'Jiutepec'),
(914, 17, 'Jojutla'),
(915, 17, 'Jonacatepec de Leandro Valle'),
(916, 17, 'Mazatepec'),
(917, 17, 'Miacatlán'),
(918, 17, 'Ocuituco'),
(919, 17, 'Puente de Ixtla'),
(920, 17, 'Temixco'),
(921, 17, 'Tepalcingo'),
(922, 17, 'Tepoztlán'),
(923, 17, 'Tetecala'),
(924, 17, 'Tetela del Volcán'),
(925, 17, 'Tlalnepantla'),
(926, 17, 'Tlaltizapán de Zapata'),
(927, 17, 'Tlaquiltenango'),
(928, 17, 'Tlayacapan'),
(929, 17, 'Totolapan'),
(930, 17, 'Xochitepec'),
(931, 17, 'Yautepec'),
(932, 17, 'Yecapixtla'),
(933, 17, 'Zacatepec'),
(934, 17, 'Zacualpan de Amilpas'),
(935, 17, 'Temoac'),
(936, 17, 'Coatetelco'),
(937, 17, 'Xoxocotla'),
(938, 17, 'Hueyapan'),
(939, 18, 'Acaponeta'),
(940, 18, 'Ahuacatlán'),
(941, 18, 'Amatlán de Cañas'),
(942, 18, 'Compostela'),
(943, 18, 'Huajicori'),
(944, 18, 'Ixtlán del Río'),
(945, 18, 'Jala'),
(946, 18, 'Xalisco'),
(947, 18, 'Del Nayar'),
(948, 18, 'Rosamorada'),
(949, 18, 'Ruíz'),
(950, 18, 'San Blas'),
(951, 18, 'San Pedro Lagunillas'),
(952, 18, 'Santa María del Oro'),
(953, 18, 'Santiago Ixcuintla'),
(954, 18, 'Tecuala'),
(955, 18, 'Tepic'),
(956, 18, 'Tuxpan'),
(957, 18, 'La Yesca'),
(958, 18, 'Bahía de Banderas'),
(959, 19, 'Abasolo'),
(960, 19, 'Agualeguas'),
(961, 19, 'Los Aldamas'),
(962, 19, 'Allende'),
(963, 19, 'Anáhuac'),
(964, 19, 'Apodaca'),
(965, 19, 'Aramberri'),
(966, 19, 'Bustamante'),
(967, 19, 'Cadereyta Jiménez'),
(968, 19, 'El Carmen'),
(969, 19, 'Cerralvo'),
(970, 19, 'Ciénega de Flores'),
(971, 19, 'China'),
(972, 19, 'Doctor Arroyo'),
(973, 19, 'Doctor Coss'),
(974, 19, 'Doctor González'),
(975, 19, 'Galeana'),
(976, 19, 'García'),
(977, 19, 'San Pedro Garza García'),
(978, 19, 'General Bravo'),
(979, 19, 'General Escobedo'),
(980, 19, 'General Terán'),
(981, 19, 'General Treviño'),
(982, 19, 'General Zaragoza'),
(983, 19, 'General Zuazua'),
(984, 19, 'Guadalupe'),
(985, 19, 'Los Herreras'),
(986, 19, 'Higueras'),
(987, 19, 'Hualahuises'),
(988, 19, 'Iturbide'),
(989, 19, 'Juárez'),
(990, 19, 'Lampazos de Naranjo'),
(991, 19, 'Linares'),
(992, 19, 'Marín'),
(993, 19, 'Melchor Ocampo'),
(994, 19, 'Mier y Noriega'),
(995, 19, 'Mina'),
(996, 19, 'Montemorelos'),
(997, 19, 'Monterrey'),
(998, 19, 'Parás'),
(999, 19, 'Pesquería'),
(1000, 19, 'Los Ramones'),
(1001, 19, 'Rayones'),
(1002, 19, 'Sabinas Hidalgo'),
(1003, 19, 'Salinas Victoria'),
(1004, 19, 'San Nicolás de los Garza'),
(1005, 19, 'Hidalgo'),
(1006, 19, 'Santa Catarina'),
(1007, 19, 'Santiago'),
(1008, 19, 'Vallecillo'),
(1009, 19, 'Villaldama'),
(1010, 20, 'Abejones'),
(1011, 20, 'Acatlán de Pérez Figueroa'),
(1012, 20, 'Asunción Cacalotepec'),
(1013, 20, 'Asunción Cuyotepeji'),
(1014, 20, 'Asunción Ixtaltepec'),
(1015, 20, 'Asunción Nochixtlán'),
(1016, 20, 'Asunción Ocotlán'),
(1017, 20, 'Asunción Tlacolulita'),
(1018, 20, 'Ayotzintepec'),
(1019, 20, 'El Barrio de la Soledad'),
(1020, 20, 'Calihualá'),
(1021, 20, 'Candelaria Loxicha'),
(1022, 20, 'Ciénega de Zimatlán'),
(1023, 20, 'Ciudad Ixtepec'),
(1024, 20, 'Coatecas Altas'),
(1025, 20, 'Coicoyán de las Flores'),
(1026, 20, 'La Compañía'),
(1027, 20, 'Concepción Buenavista'),
(1028, 20, 'Concepción Pápalo'),
(1029, 20, 'Constancia del Rosario'),
(1030, 20, 'Cosolapa'),
(1031, 20, 'Cosoltepec'),
(1032, 20, 'Cuilápam de Guerrero'),
(1033, 20, 'Cuyamecalco Villa de Zaragoza'),
(1034, 20, 'Chahuites'),
(1035, 20, 'Chalcatongo de Hidalgo'),
(1036, 20, 'Chiquihuitlán de Benito Juárez'),
(1037, 20, 'Heroica Ciudad de Ejutla de Crespo'),
(1038, 20, 'Eloxochitlán de Flores Magón'),
(1039, 20, 'El Espinal'),
(1040, 20, 'Tamazulápam del Espíritu Santo'),
(1041, 20, 'Fresnillo de Trujano'),
(1042, 20, 'Guadalupe Etla'),
(1043, 20, 'Guadalupe de Ramírez'),
(1044, 20, 'Guelatao de Juárez'),
(1045, 20, 'Guevea de Humboldt'),
(1046, 20, 'Mesones Hidalgo'),
(1047, 20, 'Villa Hidalgo'),
(1048, 20, 'Heroica Ciudad de Huajuapan de León'),
(1049, 20, 'Huautepec'),
(1050, 20, 'Huautla de Jiménez'),
(1051, 20, 'Ixtlán de Juárez'),
(1052, 20, 'Juchitán de Zaragoza'),
(1053, 20, 'Loma Bonita'),
(1054, 20, 'Magdalena Apasco'),
(1055, 20, 'Magdalena Jaltepec'),
(1056, 20, 'Santa Magdalena Jicotlán'),
(1057, 20, 'Magdalena Mixtepec'),
(1058, 20, 'Magdalena Ocotlán'),
(1059, 20, 'Magdalena Peñasco'),
(1060, 20, 'Magdalena Teitipac'),
(1061, 20, 'Magdalena Tequisistlán'),
(1062, 20, 'Magdalena Tlacotepec'),
(1063, 20, 'Magdalena Zahuatlán'),
(1064, 20, 'Mariscala de Juárez'),
(1065, 20, 'Mártires de Tacubaya'),
(1066, 20, 'Matías Romero Avendaño'),
(1067, 20, 'Mazatlán Villa de Flores'),
(1068, 20, 'Miahuatlán de Porfirio Díaz'),
(1069, 20, 'Mixistlán de la Reforma'),
(1070, 20, 'Monjas'),
(1071, 20, 'Natividad'),
(1072, 20, 'Nazareno Etla'),
(1073, 20, 'Nejapa de Madero'),
(1074, 20, 'Ixpantepec Nieves'),
(1075, 20, 'Santiago Niltepec'),
(1076, 20, 'Oaxaca de Juárez'),
(1077, 20, 'Ocotlán de Morelos'),
(1078, 20, 'La Pe'),
(1079, 20, 'Pinotepa de Don Luis'),
(1080, 20, 'Pluma Hidalgo'),
(1081, 20, 'San José del Progreso'),
(1082, 20, 'Putla Villa de Guerrero'),
(1083, 20, 'Santa Catarina Quioquitani'),
(1084, 20, 'Reforma de Pineda'),
(1085, 20, 'La Reforma'),
(1086, 20, 'Reyes Etla'),
(1087, 20, 'Rojas de Cuauhtémoc'),
(1088, 20, 'Salina Cruz'),
(1089, 20, 'San Agustín Amatengo'),
(1090, 20, 'San Agustín Atenango'),
(1091, 20, 'San Agustín Chayuco'),
(1092, 20, 'San Agustín de las Juntas'),
(1093, 20, 'San Agustín Etla'),
(1094, 20, 'San Agustín Loxicha'),
(1095, 20, 'San Agustín Tlacotepec'),
(1096, 20, 'San Agustín Yatareni'),
(1097, 20, 'San Andrés Cabecera Nueva'),
(1098, 20, 'San Andrés Dinicuiti'),
(1099, 20, 'San Andrés Huaxpaltepec'),
(1100, 20, 'San Andrés Huayápam'),
(1101, 20, 'San Andrés Ixtlahuaca'),
(1102, 20, 'San Andrés Lagunas'),
(1103, 20, 'San Andrés Nuxiño'),
(1104, 20, 'San Andrés Paxtlán'),
(1105, 20, 'San Andrés Sinaxtla'),
(1106, 20, 'San Andrés Solaga'),
(1107, 20, 'San Andrés Teotilálpam'),
(1108, 20, 'San Andrés Tepetlapa'),
(1109, 20, 'San Andrés Yaá'),
(1110, 20, 'San Andrés Zabache'),
(1111, 20, 'San Andrés Zautla'),
(1112, 20, 'San Antonino Castillo Velasco'),
(1113, 20, 'San Antonino el Alto'),
(1114, 20, 'San Antonino Monte Verde'),
(1115, 20, 'San Antonio Acutla'),
(1116, 20, 'San Antonio de la Cal'),
(1117, 20, 'San Antonio Huitepec'),
(1118, 20, 'San Antonio Nanahuatípam'),
(1119, 20, 'San Antonio Sinicahua'),
(1120, 20, 'San Antonio Tepetlapa'),
(1121, 20, 'San Baltazar Chichicápam'),
(1122, 20, 'San Baltazar Loxicha'),
(1123, 20, 'San Baltazar Yatzachi el Bajo'),
(1124, 20, 'San Bartolo Coyotepec'),
(1125, 20, 'San Bartolomé Ayautla'),
(1126, 20, 'San Bartolomé Loxicha'),
(1127, 20, 'San Bartolomé Quialana'),
(1128, 20, 'San Bartolomé Yucuañe'),
(1129, 20, 'San Bartolomé Zoogocho'),
(1130, 20, 'San Bartolo Soyaltepec'),
(1131, 20, 'San Bartolo Yautepec'),
(1132, 20, 'San Bernardo Mixtepec'),
(1133, 20, 'San Blas Atempa'),
(1134, 20, 'San Carlos Yautepec'),
(1135, 20, 'San Cristóbal Amatlán'),
(1136, 20, 'San Cristóbal Amoltepec'),
(1137, 20, 'San Cristóbal Lachirioag'),
(1138, 20, 'San Cristóbal Suchixtlahuaca'),
(1139, 20, 'San Dionisio del Mar'),
(1140, 20, 'San Dionisio Ocotepec'),
(1141, 20, 'San Dionisio Ocotlán'),
(1142, 20, 'San Esteban Atatlahuca'),
(1143, 20, 'San Felipe Jalapa de Díaz'),
(1144, 20, 'San Felipe Tejalápam'),
(1145, 20, 'San Felipe Usila'),
(1146, 20, 'San Francisco Cahuacuá'),
(1147, 20, 'San Francisco Cajonos'),
(1148, 20, 'San Francisco Chapulapa'),
(1149, 20, 'San Francisco Chindúa'),
(1150, 20, 'San Francisco del Mar'),
(1151, 20, 'San Francisco Huehuetlán'),
(1152, 20, 'San Francisco Ixhuatán'),
(1153, 20, 'San Francisco Jaltepetongo'),
(1154, 20, 'San Francisco Lachigoló'),
(1155, 20, 'San Francisco Logueche'),
(1156, 20, 'San Francisco Nuxaño'),
(1157, 20, 'San Francisco Ozolotepec'),
(1158, 20, 'San Francisco Sola'),
(1159, 20, 'San Francisco Telixtlahuaca'),
(1160, 20, 'San Francisco Teopan'),
(1161, 20, 'San Francisco Tlapancingo'),
(1162, 20, 'San Gabriel Mixtepec'),
(1163, 20, 'San Ildefonso Amatlán'),
(1164, 20, 'San Ildefonso Sola'),
(1165, 20, 'San Ildefonso Villa Alta'),
(1166, 20, 'San Jacinto Amilpas'),
(1167, 20, 'San Jacinto Tlacotepec'),
(1168, 20, 'San Jerónimo Coatlán'),
(1169, 20, 'San Jerónimo Silacayoapilla'),
(1170, 20, 'San Jerónimo Sosola'),
(1171, 20, 'San Jerónimo Taviche'),
(1172, 20, 'San Jerónimo Tecóatl'),
(1173, 20, 'San Jorge Nuchita'),
(1174, 20, 'San José Ayuquila'),
(1175, 20, 'San José Chiltepec'),
(1176, 20, 'San José del Peñasco'),
(1177, 20, 'San José Estancia Grande'),
(1178, 20, 'San José Independencia'),
(1179, 20, 'San José Lachiguiri'),
(1180, 20, 'San José Tenango'),
(1181, 20, 'San Juan Achiutla'),
(1182, 20, 'San Juan Atepec'),
(1183, 20, 'Ánimas Trujano'),
(1184, 20, 'San Juan Bautista Atatlahuca'),
(1185, 20, 'San Juan Bautista Coixtlahuaca'),
(1186, 20, 'San Juan Bautista Cuicatlán'),
(1187, 20, 'San Juan Bautista Guelache'),
(1188, 20, 'San Juan Bautista Jayacatlán'),
(1189, 20, 'San Juan Bautista Lo de Soto'),
(1190, 20, 'San Juan Bautista Suchitepec'),
(1191, 20, 'San Juan Bautista Tlacoatzintepec'),
(1192, 20, 'San Juan Bautista Tlachichilco'),
(1193, 20, 'San Juan Bautista Tuxtepec'),
(1194, 20, 'San Juan Cacahuatepec'),
(1195, 20, 'San Juan Cieneguilla'),
(1196, 20, 'San Juan Coatzóspam'),
(1197, 20, 'San Juan Colorado'),
(1198, 20, 'San Juan Comaltepec'),
(1199, 20, 'San Juan Cotzocón'),
(1200, 20, 'San Juan Chicomezúchil'),
(1201, 20, 'San Juan Chilateca'),
(1202, 20, 'San Juan del Estado'),
(1203, 20, 'San Juan del Río'),
(1204, 20, 'San Juan Diuxi'),
(1205, 20, 'San Juan Evangelista Analco'),
(1206, 20, 'San Juan Guelavía'),
(1207, 20, 'San Juan Guichicovi'),
(1208, 20, 'San Juan Ihualtepec'),
(1209, 20, 'San Juan Juquila Mixes'),
(1210, 20, 'San Juan Juquila Vijanos'),
(1211, 20, 'San Juan Lachao'),
(1212, 20, 'San Juan Lachigalla'),
(1213, 20, 'San Juan Lajarcia'),
(1214, 20, 'San Juan Lalana'),
(1215, 20, 'San Juan de los Cués'),
(1216, 20, 'San Juan Mazatlán'),
(1217, 20, 'San Juan Mixtepec'),
(1218, 20, 'San Juan Mixtepec'),
(1219, 20, 'San Juan Ñumí'),
(1220, 20, 'San Juan Ozolotepec'),
(1221, 20, 'San Juan Petlapa'),
(1222, 20, 'San Juan Quiahije'),
(1223, 20, 'San Juan Quiotepec'),
(1224, 20, 'San Juan Sayultepec'),
(1225, 20, 'San Juan Tabaá'),
(1226, 20, 'San Juan Tamazola'),
(1227, 20, 'San Juan Teita'),
(1228, 20, 'San Juan Teitipac'),
(1229, 20, 'San Juan Tepeuxila'),
(1230, 20, 'San Juan Teposcolula'),
(1231, 20, 'San Juan Yaeé'),
(1232, 20, 'San Juan Yatzona'),
(1233, 20, 'San Juan Yucuita'),
(1234, 20, 'San Lorenzo'),
(1235, 20, 'San Lorenzo Albarradas'),
(1236, 20, 'San Lorenzo Cacaotepec'),
(1237, 20, 'San Lorenzo Cuaunecuiltitla'),
(1238, 20, 'San Lorenzo Texmelúcan'),
(1239, 20, 'San Lorenzo Victoria'),
(1240, 20, 'San Lucas Camotlán'),
(1241, 20, 'San Lucas Ojitlán'),
(1242, 20, 'San Lucas Quiaviní'),
(1243, 20, 'San Lucas Zoquiápam'),
(1244, 20, 'San Luis Amatlán'),
(1245, 20, 'San Marcial Ozolotepec'),
(1246, 20, 'San Marcos Arteaga'),
(1247, 20, 'San Martín de los Cansecos'),
(1248, 20, 'San Martín Huamelúlpam'),
(1249, 20, 'San Martín Itunyoso'),
(1250, 20, 'San Martín Lachilá'),
(1251, 20, 'San Martín Peras'),
(1252, 20, 'San Martín Tilcajete'),
(1253, 20, 'San Martín Toxpalan'),
(1254, 20, 'San Martín Zacatepec'),
(1255, 20, 'San Mateo Cajonos'),
(1256, 20, 'Capulálpam de Méndez'),
(1257, 20, 'San Mateo del Mar'),
(1258, 20, 'San Mateo Yoloxochitlán'),
(1259, 20, 'San Mateo Etlatongo'),
(1260, 20, 'San Mateo Nejápam'),
(1261, 20, 'San Mateo Peñasco'),
(1262, 20, 'San Mateo Piñas'),
(1263, 20, 'San Mateo Río Hondo'),
(1264, 20, 'San Mateo Sindihui'),
(1265, 20, 'San Mateo Tlapiltepec'),
(1266, 20, 'San Melchor Betaza'),
(1267, 20, 'San Miguel Achiutla'),
(1268, 20, 'San Miguel Ahuehuetitlán'),
(1269, 20, 'San Miguel Aloápam'),
(1270, 20, 'San Miguel Amatitlán'),
(1271, 20, 'San Miguel Amatlán'),
(1272, 20, 'San Miguel Coatlán'),
(1273, 20, 'San Miguel Chicahua'),
(1274, 20, 'San Miguel Chimalapa'),
(1275, 20, 'San Miguel del Puerto'),
(1276, 20, 'San Miguel del Río'),
(1277, 20, 'San Miguel Ejutla'),
(1278, 20, 'San Miguel el Grande'),
(1279, 20, 'San Miguel Huautla'),
(1280, 20, 'San Miguel Mixtepec'),
(1281, 20, 'San Miguel Panixtlahuaca'),
(1282, 20, 'San Miguel Peras'),
(1283, 20, 'San Miguel Piedras'),
(1284, 20, 'San Miguel Quetzaltepec'),
(1285, 20, 'San Miguel Santa Flor'),
(1286, 20, 'Villa Sola de Vega'),
(1287, 20, 'San Miguel Soyaltepec'),
(1288, 20, 'San Miguel Suchixtepec'),
(1289, 20, 'Villa Talea de Castro'),
(1290, 20, 'San Miguel Tecomatlán'),
(1291, 20, 'San Miguel Tenango'),
(1292, 20, 'San Miguel Tequixtepec'),
(1293, 20, 'San Miguel Tilquiápam'),
(1294, 20, 'San Miguel Tlacamama'),
(1295, 20, 'San Miguel Tlacotepec'),
(1296, 20, 'San Miguel Tulancingo'),
(1297, 20, 'San Miguel Yotao'),
(1298, 20, 'San Nicolás'),
(1299, 20, 'San Nicolás Hidalgo'),
(1300, 20, 'San Pablo Coatlán'),
(1301, 20, 'San Pablo Cuatro Venados'),
(1302, 20, 'San Pablo Etla'),
(1303, 20, 'San Pablo Huitzo'),
(1304, 20, 'San Pablo Huixtepec'),
(1305, 20, 'San Pablo Macuiltianguis'),
(1306, 20, 'San Pablo Tijaltepec'),
(1307, 20, 'San Pablo Villa de Mitla'),
(1308, 20, 'San Pablo Yaganiza'),
(1309, 20, 'San Pedro Amuzgos'),
(1310, 20, 'San Pedro Apóstol'),
(1311, 20, 'San Pedro Atoyac'),
(1312, 20, 'San Pedro Cajonos'),
(1313, 20, 'San Pedro Coxcaltepec Cántaros'),
(1314, 20, 'San Pedro Comitancillo'),
(1315, 20, 'San Pedro el Alto'),
(1316, 20, 'San Pedro Huamelula'),
(1317, 20, 'San Pedro Huilotepec'),
(1318, 20, 'San Pedro Ixcatlán'),
(1319, 20, 'San Pedro Ixtlahuaca'),
(1320, 20, 'San Pedro Jaltepetongo'),
(1321, 20, 'San Pedro Jicayán'),
(1322, 20, 'San Pedro Jocotipac'),
(1323, 20, 'San Pedro Juchatengo'),
(1324, 20, 'San Pedro Mártir'),
(1325, 20, 'San Pedro Mártir Quiechapa'),
(1326, 20, 'San Pedro Mártir Yucuxaco'),
(1327, 20, 'San Pedro Mixtepec'),
(1328, 20, 'San Pedro Mixtepec'),
(1329, 20, 'San Pedro Molinos'),
(1330, 20, 'San Pedro Nopala'),
(1331, 20, 'San Pedro Ocopetatillo'),
(1332, 20, 'San Pedro Ocotepec'),
(1333, 20, 'San Pedro Pochutla'),
(1334, 20, 'San Pedro Quiatoni'),
(1335, 20, 'San Pedro Sochiápam'),
(1336, 20, 'San Pedro Tapanatepec'),
(1337, 20, 'San Pedro Taviche'),
(1338, 20, 'San Pedro Teozacoalco'),
(1339, 20, 'San Pedro Teutila'),
(1340, 20, 'San Pedro Tidaá'),
(1341, 20, 'San Pedro Topiltepec'),
(1342, 20, 'San Pedro Totolápam'),
(1343, 20, 'Villa de Tututepec'),
(1344, 20, 'San Pedro Yaneri'),
(1345, 20, 'San Pedro Yólox'),
(1346, 20, 'San Pedro y San Pablo Ayutla'),
(1347, 20, 'Villa de Etla'),
(1348, 20, 'San Pedro y San Pablo Teposcolula'),
(1349, 20, 'San Pedro y San Pablo Tequixtepec'),
(1350, 20, 'San Pedro Yucunama'),
(1351, 20, 'San Raymundo Jalpan'),
(1352, 20, 'San Sebastián Abasolo'),
(1353, 20, 'San Sebastián Coatlán'),
(1354, 20, 'San Sebastián Ixcapa'),
(1355, 20, 'San Sebastián Nicananduta'),
(1356, 20, 'San Sebastián Río Hondo'),
(1357, 20, 'San Sebastián Tecomaxtlahuaca'),
(1358, 20, 'San Sebastián Teitipac'),
(1359, 20, 'San Sebastián Tutla'),
(1360, 20, 'San Simón Almolongas'),
(1361, 20, 'San Simón Zahuatlán'),
(1362, 20, 'Santa Ana'),
(1363, 20, 'Santa Ana Ateixtlahuaca'),
(1364, 20, 'Santa Ana Cuauhtémoc'),
(1365, 20, 'Santa Ana del Valle'),
(1366, 20, 'Santa Ana Tavela'),
(1367, 20, 'Santa Ana Tlapacoyan'),
(1368, 20, 'Santa Ana Yareni'),
(1369, 20, 'Santa Ana Zegache'),
(1370, 20, 'Santa Catalina Quierí'),
(1371, 20, 'Santa Catarina Cuixtla'),
(1372, 20, 'Santa Catarina Ixtepeji'),
(1373, 20, 'Santa Catarina Juquila'),
(1374, 20, 'Santa Catarina Lachatao'),
(1375, 20, 'Santa Catarina Loxicha'),
(1376, 20, 'Santa Catarina Mechoacán'),
(1377, 20, 'Santa Catarina Minas'),
(1378, 20, 'Santa Catarina Quiané'),
(1379, 20, 'Santa Catarina Tayata'),
(1380, 20, 'Santa Catarina Ticuá'),
(1381, 20, 'Santa Catarina Yosonotú'),
(1382, 20, 'Santa Catarina Zapoquila'),
(1383, 20, 'Santa Cruz Acatepec'),
(1384, 20, 'Santa Cruz Amilpas'),
(1385, 20, 'Santa Cruz de Bravo'),
(1386, 20, 'Santa Cruz Itundujia'),
(1387, 20, 'Santa Cruz Mixtepec'),
(1388, 20, 'Santa Cruz Nundaco'),
(1389, 20, 'Santa Cruz Papalutla'),
(1390, 20, 'Santa Cruz Tacache de Mina'),
(1391, 20, 'Santa Cruz Tacahua'),
(1392, 20, 'Santa Cruz Tayata'),
(1393, 20, 'Santa Cruz Xitla'),
(1394, 20, 'Santa Cruz Xoxocotlán'),
(1395, 20, 'Santa Cruz Zenzontepec'),
(1396, 20, 'Santa Gertrudis'),
(1397, 20, 'Santa Inés del Monte'),
(1398, 20, 'Santa Inés Yatzeche'),
(1399, 20, 'Santa Lucía del Camino'),
(1400, 20, 'Santa Lucía Miahuatlán'),
(1401, 20, 'Santa Lucía Monteverde'),
(1402, 20, 'Santa Lucía Ocotlán'),
(1403, 20, 'Santa María Alotepec'),
(1404, 20, 'Santa María Apazco'),
(1405, 20, 'Santa María la Asunción'),
(1406, 20, 'Heroica Ciudad de Tlaxiaco'),
(1407, 20, 'Ayoquezco de Aldama'),
(1408, 20, 'Santa María Atzompa'),
(1409, 20, 'Santa María Camotlán'),
(1410, 20, 'Santa María Colotepec'),
(1411, 20, 'Santa María Cortijo'),
(1412, 20, 'Santa María Coyotepec'),
(1413, 20, 'Santa María Chachoápam'),
(1414, 20, 'Villa de Chilapa de Díaz'),
(1415, 20, 'Santa María Chilchotla'),
(1416, 20, 'Santa María Chimalapa'),
(1417, 20, 'Santa María del Rosario'),
(1418, 20, 'Santa María del Tule'),
(1419, 20, 'Santa María Ecatepec'),
(1420, 20, 'Santa María Guelacé'),
(1421, 20, 'Santa María Guienagati'),
(1422, 20, 'Santa María Huatulco'),
(1423, 20, 'Santa María Huazolotitlán'),
(1424, 20, 'Santa María Ipalapa'),
(1425, 20, 'Santa María Ixcatlán'),
(1426, 20, 'Santa María Jacatepec'),
(1427, 20, 'Santa María Jalapa del Marqués'),
(1428, 20, 'Santa María Jaltianguis'),
(1429, 20, 'Santa María Lachixío'),
(1430, 20, 'Santa María Mixtequilla'),
(1431, 20, 'Santa María Nativitas'),
(1432, 20, 'Santa María Nduayaco'),
(1433, 20, 'Santa María Ozolotepec'),
(1434, 20, 'Santa María Pápalo'),
(1435, 20, 'Santa María Peñoles'),
(1436, 20, 'Santa María Petapa'),
(1437, 20, 'Santa María Quiegolani'),
(1438, 20, 'Santa María Sola'),
(1439, 20, 'Santa María Tataltepec'),
(1440, 20, 'Santa María Tecomavaca'),
(1441, 20, 'Santa María Temaxcalapa'),
(1442, 20, 'Santa María Temaxcaltepec'),
(1443, 20, 'Santa María Teopoxco'),
(1444, 20, 'Santa María Tepantlali'),
(1445, 20, 'Santa María Texcatitlán'),
(1446, 20, 'Santa María Tlahuitoltepec'),
(1447, 20, 'Santa María Tlalixtac'),
(1448, 20, 'Santa María Tonameca'),
(1449, 20, 'Santa María Totolapilla'),
(1450, 20, 'Santa María Xadani'),
(1451, 20, 'Santa María Yalina'),
(1452, 20, 'Santa María Yavesía'),
(1453, 20, 'Santa María Yolotepec'),
(1454, 20, 'Santa María Yosoyúa'),
(1455, 20, 'Santa María Yucuhiti'),
(1456, 20, 'Santa María Zacatepec'),
(1457, 20, 'Santa María Zaniza'),
(1458, 20, 'Santa María Zoquitlán'),
(1459, 20, 'Santiago Amoltepec'),
(1460, 20, 'Santiago Apoala'),
(1461, 20, 'Santiago Apóstol'),
(1462, 20, 'Santiago Astata'),
(1463, 20, 'Santiago Atitlán'),
(1464, 20, 'Santiago Ayuquililla'),
(1465, 20, 'Santiago Cacaloxtepec'),
(1466, 20, 'Santiago Camotlán'),
(1467, 20, 'Santiago Comaltepec'),
(1468, 20, 'Villa de Santiago Chazumba'),
(1469, 20, 'Santiago Choápam'),
(1470, 20, 'Santiago del Río'),
(1471, 20, 'Santiago Huajolotitlán'),
(1472, 20, 'Santiago Huauclilla'),
(1473, 20, 'Santiago Ihuitlán Plumas'),
(1474, 20, 'Santiago Ixcuintepec'),
(1475, 20, 'Santiago Ixtayutla'),
(1476, 20, 'Santiago Jamiltepec'),
(1477, 20, 'Santiago Jocotepec'),
(1478, 20, 'Santiago Juxtlahuaca'),
(1479, 20, 'Santiago Lachiguiri'),
(1480, 20, 'Santiago Lalopa'),
(1481, 20, 'Santiago Laollaga'),
(1482, 20, 'Santiago Laxopa'),
(1483, 20, 'Santiago Llano Grande'),
(1484, 20, 'Santiago Matatlán'),
(1485, 20, 'Santiago Miltepec'),
(1486, 20, 'Santiago Minas'),
(1487, 20, 'Santiago Nacaltepec'),
(1488, 20, 'Santiago Nejapilla'),
(1489, 20, 'Santiago Nundiche'),
(1490, 20, 'Santiago Nuyoó'),
(1491, 20, 'Santiago Pinotepa Nacional'),
(1492, 20, 'Santiago Suchilquitongo'),
(1493, 20, 'Santiago Tamazola'),
(1494, 20, 'Santiago Tapextla'),
(1495, 20, 'Villa Tejúpam de la Unión'),
(1496, 20, 'Santiago Tenango'),
(1497, 20, 'Santiago Tepetlapa'),
(1498, 20, 'Santiago Tetepec'),
(1499, 20, 'Santiago Texcalcingo'),
(1500, 20, 'Santiago Textitlán'),
(1501, 20, 'Santiago Tilantongo'),
(1502, 20, 'Santiago Tillo'),
(1503, 20, 'Santiago Tlazoyaltepec'),
(1504, 20, 'Santiago Xanica'),
(1505, 20, 'Santiago Xiacuí'),
(1506, 20, 'Santiago Yaitepec'),
(1507, 20, 'Santiago Yaveo'),
(1508, 20, 'Santiago Yolomécatl'),
(1509, 20, 'Santiago Yosondúa'),
(1510, 20, 'Santiago Yucuyachi'),
(1511, 20, 'Santiago Zacatepec'),
(1512, 20, 'Santiago Zoochila'),
(1513, 20, 'Nuevo Zoquiápam'),
(1514, 20, 'Santo Domingo Ingenio'),
(1515, 20, 'Santo Domingo Albarradas'),
(1516, 20, 'Santo Domingo Armenta'),
(1517, 20, 'Santo Domingo Chihuitán'),
(1518, 20, 'Santo Domingo de Morelos'),
(1519, 20, 'Santo Domingo Ixcatlán'),
(1520, 20, 'Santo Domingo Nuxaá'),
(1521, 20, 'Santo Domingo Ozolotepec'),
(1522, 20, 'Santo Domingo Petapa'),
(1523, 20, 'Santo Domingo Roayaga'),
(1524, 20, 'Santo Domingo Tehuantepec'),
(1525, 20, 'Santo Domingo Teojomulco'),
(1526, 20, 'Santo Domingo Tepuxtepec'),
(1527, 20, 'Santo Domingo Tlatayápam'),
(1528, 20, 'Santo Domingo Tomaltepec'),
(1529, 20, 'Santo Domingo Tonalá'),
(1530, 20, 'Santo Domingo Tonaltepec'),
(1531, 20, 'Santo Domingo Xagacía'),
(1532, 20, 'Santo Domingo Yanhuitlán'),
(1533, 20, 'Santo Domingo Yodohino'),
(1534, 20, 'Santo Domingo Zanatepec'),
(1535, 20, 'Santos Reyes Nopala'),
(1536, 20, 'Santos Reyes Pápalo'),
(1537, 20, 'Santos Reyes Tepejillo'),
(1538, 20, 'Santos Reyes Yucuná'),
(1539, 20, 'Santo Tomás Jalieza'),
(1540, 20, 'Santo Tomás Mazaltepec'),
(1541, 20, 'Santo Tomás Ocotepec'),
(1542, 20, 'Santo Tomás Tamazulapan'),
(1543, 20, 'San Vicente Coatlán'),
(1544, 20, 'San Vicente Lachixío'),
(1545, 20, 'San Vicente Nuñú'),
(1546, 20, 'Silacayoápam'),
(1547, 20, 'Sitio de Xitlapehua'),
(1548, 20, 'Soledad Etla'),
(1549, 20, 'Villa de Tamazulápam del Progreso'),
(1550, 20, 'Tanetze de Zaragoza'),
(1551, 20, 'Taniche'),
(1552, 20, 'Tataltepec de Valdés'),
(1553, 20, 'Teococuilco de Marcos Pérez'),
(1554, 20, 'Teotitlán de Flores Magón'),
(1555, 20, 'Teotitlán del Valle'),
(1556, 20, 'Teotongo'),
(1557, 20, 'Tepelmeme Villa de Morelos'),
(1558, 20, 'Heroica Villa Tezoatlán de Segura y Luna'),
(1559, 20, 'San Jerónimo Tlacochahuaya'),
(1560, 20, 'Tlacolula de Matamoros'),
(1561, 20, 'Tlacotepec Plumas'),
(1562, 20, 'Tlalixtac de Cabrera'),
(1563, 20, 'Totontepec Villa de Morelos'),
(1564, 20, 'Trinidad Zaachila'),
(1565, 20, 'La Trinidad Vista Hermosa'),
(1566, 20, 'Unión Hidalgo'),
(1567, 20, 'Valerio Trujano'),
(1568, 20, 'San Juan Bautista Valle Nacional'),
(1569, 20, 'Villa Díaz Ordaz'),
(1570, 20, 'Yaxe'),
(1571, 20, 'Magdalena Yodocono de Porfirio Díaz'),
(1572, 20, 'Yogana'),
(1573, 20, 'Yutanduchi de Guerrero'),
(1574, 20, 'Villa de Zaachila'),
(1575, 20, 'San Mateo Yucutindoo'),
(1576, 20, 'Zapotitlán Lagunas'),
(1577, 20, 'Zapotitlán Palmas'),
(1578, 20, 'Santa Inés de Zaragoza'),
(1579, 20, 'Zimatlán de Álvarez'),
(1580, 21, 'Acajete'),
(1581, 21, 'Acateno'),
(1582, 21, 'Acatlán'),
(1583, 21, 'Acatzingo'),
(1584, 21, 'Acteopan'),
(1585, 21, 'Ahuacatlán'),
(1586, 21, 'Ahuatlán'),
(1587, 21, 'Ahuazotepec'),
(1588, 21, 'Ahuehuetitla'),
(1589, 21, 'Ajalpan'),
(1590, 21, 'Albino Zertuche'),
(1591, 21, 'Aljojuca'),
(1592, 21, 'Altepexi'),
(1593, 21, 'Amixtlán'),
(1594, 21, 'Amozoc'),
(1595, 21, 'Aquixtla'),
(1596, 21, 'Atempan'),
(1597, 21, 'Atexcal'),
(1598, 21, 'Atlixco'),
(1599, 21, 'Atoyatempan'),
(1600, 21, 'Atzala'),
(1601, 21, 'Atzitzihuacán'),
(1602, 21, 'Atzitzintla'),
(1603, 21, 'Axutla'),
(1604, 21, 'Ayotoxco de Guerrero'),
(1605, 21, 'Calpan'),
(1606, 21, 'Caltepec'),
(1607, 21, 'Camocuautla'),
(1608, 21, 'Caxhuacan'),
(1609, 21, 'Coatepec'),
(1610, 21, 'Coatzingo'),
(1611, 21, 'Cohetzala'),
(1612, 21, 'Cohuecan'),
(1613, 21, 'Coronango'),
(1614, 21, 'Coxcatlán'),
(1615, 21, 'Coyomeapan'),
(1616, 21, 'Coyotepec'),
(1617, 21, 'Cuapiaxtla de Madero'),
(1618, 21, 'Cuautempan'),
(1619, 21, 'Cuautinchán'),
(1620, 21, 'Cuautlancingo'),
(1621, 21, 'Cuayuca de Andrade'),
(1622, 21, 'Cuetzalan del Progreso'),
(1623, 21, 'Cuyoaco'),
(1624, 21, 'Chalchicomula de Sesma'),
(1625, 21, 'Chapulco'),
(1626, 21, 'Chiautla'),
(1627, 21, 'Chiautzingo'),
(1628, 21, 'Chiconcuautla'),
(1629, 21, 'Chichiquila'),
(1630, 21, 'Chietla'),
(1631, 21, 'Chigmecatitlán'),
(1632, 21, 'Chignahuapan'),
(1633, 21, 'Chignautla'),
(1634, 21, 'Chila'),
(1635, 21, 'Chila de la Sal'),
(1636, 21, 'Honey'),
(1637, 21, 'Chilchotla'),
(1638, 21, 'Chinantla'),
(1639, 21, 'Domingo Arenas'),
(1640, 21, 'Eloxochitlán'),
(1641, 21, 'Epatlán'),
(1642, 21, 'Esperanza'),
(1643, 21, 'Francisco Z. Mena'),
(1644, 21, 'General Felipe Ángeles'),
(1645, 21, 'Guadalupe'),
(1646, 21, 'Guadalupe Victoria'),
(1647, 21, 'Hermenegildo Galeana'),
(1648, 21, 'Huaquechula'),
(1649, 21, 'Huatlatlauca'),
(1650, 21, 'Huauchinango'),
(1651, 21, 'Huehuetla'),
(1652, 21, 'Huehuetlán el Chico'),
(1653, 21, 'Huejotzingo'),
(1654, 21, 'Hueyapan'),
(1655, 21, 'Hueytamalco'),
(1656, 21, 'Hueytlalpan'),
(1657, 21, 'Huitzilan de Serdán'),
(1658, 21, 'Huitziltepec'),
(1659, 21, 'Atlequizayan'),
(1660, 21, 'Ixcamilpa de Guerrero'),
(1661, 21, 'Ixcaquixtla'),
(1662, 21, 'Ixtacamaxtitlán'),
(1663, 21, 'Ixtepec'),
(1664, 21, 'Izúcar de Matamoros'),
(1665, 21, 'Jalpan'),
(1666, 21, 'Jolalpan'),
(1667, 21, 'Jonotla'),
(1668, 21, 'Jopala'),
(1669, 21, 'Juan C. Bonilla'),
(1670, 21, 'Juan Galindo'),
(1671, 21, 'Juan N. Méndez'),
(1672, 21, 'Lafragua'),
(1673, 21, 'Libres'),
(1674, 21, 'La Magdalena Tlatlauquitepec'),
(1675, 21, 'Mazapiltepec de Juárez'),
(1676, 21, 'Mixtla'),
(1677, 21, 'Molcaxac'),
(1678, 21, 'Cañada Morelos'),
(1679, 21, 'Naupan'),
(1680, 21, 'Nauzontla'),
(1681, 21, 'Nealtican'),
(1682, 21, 'Nicolás Bravo'),
(1683, 21, 'Nopalucan'),
(1684, 21, 'Ocotepec'),
(1685, 21, 'Ocoyucan'),
(1686, 21, 'Olintla'),
(1687, 21, 'Oriental'),
(1688, 21, 'Pahuatlán'),
(1689, 21, 'Palmar de Bravo'),
(1690, 21, 'Pantepec'),
(1691, 21, 'Petlalcingo'),
(1692, 21, 'Piaxtla'),
(1693, 21, 'Puebla'),
(1694, 21, 'Quecholac'),
(1695, 21, 'Quimixtlán'),
(1696, 21, 'Rafael Lara Grajales'),
(1697, 21, 'Los Reyes de Juárez'),
(1698, 21, 'San Andrés Cholula'),
(1699, 21, 'San Antonio Cañada'),
(1700, 21, 'San Diego la Mesa Tochimiltzingo'),
(1701, 21, 'San Felipe Teotlalcingo'),
(1702, 21, 'San Felipe Tepatlán'),
(1703, 21, 'San Gabriel Chilac'),
(1704, 21, 'San Gregorio Atzompa'),
(1705, 21, 'San Jerónimo Tecuanipan'),
(1706, 21, 'San Jerónimo Xayacatlán'),
(1707, 21, 'San José Chiapa'),
(1708, 21, 'San José Miahuatlán'),
(1709, 21, 'San Juan Atenco'),
(1710, 21, 'San Juan Atzompa'),
(1711, 21, 'San Martín Texmelucan'),
(1712, 21, 'San Martín Totoltepec'),
(1713, 21, 'San Matías Tlalancaleca'),
(1714, 21, 'San Miguel Ixitlán'),
(1715, 21, 'San Miguel Xoxtla'),
(1716, 21, 'San Nicolás Buenos Aires'),
(1717, 21, 'San Nicolás de los Ranchos'),
(1718, 21, 'San Pablo Anicano'),
(1719, 21, 'San Pedro Cholula'),
(1720, 21, 'San Pedro Yeloixtlahuaca'),
(1721, 21, 'San Salvador el Seco'),
(1722, 21, 'San Salvador el Verde'),
(1723, 21, 'San Salvador Huixcolotla'),
(1724, 21, 'San Sebastián Tlacotepec'),
(1725, 21, 'Santa Catarina Tlaltempan'),
(1726, 21, 'Santa Inés Ahuatempan'),
(1727, 21, 'Santa Isabel Cholula'),
(1728, 21, 'Santiago Miahuatlán'),
(1729, 21, 'Huehuetlán el Grande'),
(1730, 21, 'Santo Tomás Hueyotlipan'),
(1731, 21, 'Soltepec'),
(1732, 21, 'Tecali de Herrera'),
(1733, 21, 'Tecamachalco'),
(1734, 21, 'Tecomatlán'),
(1735, 21, 'Tehuacán'),
(1736, 21, 'Tehuitzingo'),
(1737, 21, 'Tenampulco'),
(1738, 21, 'Teopantlán'),
(1739, 21, 'Teotlalco'),
(1740, 21, 'Tepanco de López'),
(1741, 21, 'Tepango de Rodríguez'),
(1742, 21, 'Tepatlaxco de Hidalgo'),
(1743, 21, 'Tepeaca'),
(1744, 21, 'Tepemaxalco'),
(1745, 21, 'Tepeojuma'),
(1746, 21, 'Tepetzintla'),
(1747, 21, 'Tepexco'),
(1748, 21, 'Tepexi de Rodríguez'),
(1749, 21, 'Tepeyahualco'),
(1750, 21, 'Tepeyahualco de Cuauhtémoc'),
(1751, 21, 'Tetela de Ocampo'),
(1752, 21, 'Teteles de Ávila Castillo'),
(1753, 21, 'Teziutlán'),
(1754, 21, 'Tianguismanalco'),
(1755, 21, 'Tilapa'),
(1756, 21, 'Tlacotepec de Benito Juárez'),
(1757, 21, 'Tlacuilotepec'),
(1758, 21, 'Tlachichuca'),
(1759, 21, 'Tlahuapan'),
(1760, 21, 'Tlaltenango'),
(1761, 21, 'Tlanepantla'),
(1762, 21, 'Tlaola'),
(1763, 21, 'Tlapacoya'),
(1764, 21, 'Tlapanalá'),
(1765, 21, 'Tlatlauquitepec'),
(1766, 21, 'Tlaxco'),
(1767, 21, 'Tochimilco'),
(1768, 21, 'Tochtepec'),
(1769, 21, 'Totoltepec de Guerrero'),
(1770, 21, 'Tulcingo'),
(1771, 21, 'Tuzamapan de Galeana'),
(1772, 21, 'Tzicatlacoyan'),
(1773, 21, 'Venustiano Carranza'),
(1774, 21, 'Vicente Guerrero'),
(1775, 21, 'Xayacatlán de Bravo'),
(1776, 21, 'Xicotepec'),
(1777, 21, 'Xicotlán'),
(1778, 21, 'Xiutetelco'),
(1779, 21, 'Xochiapulco'),
(1780, 21, 'Xochiltepec'),
(1781, 21, 'Xochitlán de Vicente Suárez'),
(1782, 21, 'Xochitlán Todos Santos'),
(1783, 21, 'Yaonáhuac'),
(1784, 21, 'Yehualtepec'),
(1785, 21, 'Zacapala'),
(1786, 21, 'Zacapoaxtla'),
(1787, 21, 'Zacatlán'),
(1788, 21, 'Zapotitlán'),
(1789, 21, 'Zapotitlán de Méndez'),
(1790, 21, 'Zaragoza'),
(1791, 21, 'Zautla'),
(1792, 21, 'Zihuateutla'),
(1793, 21, 'Zinacatepec'),
(1794, 21, 'Zongozotla'),
(1795, 21, 'Zoquiapan'),
(1796, 21, 'Zoquitlán'),
(1797, 22, 'Amealco de Bonfil'),
(1798, 22, 'Pinal de Amoles'),
(1799, 22, 'Arroyo Seco'),
(1800, 22, 'Cadereyta de Montes'),
(1801, 22, 'Colón'),
(1802, 22, 'Corregidora'),
(1803, 22, 'Ezequiel Montes'),
(1804, 22, 'Huimilpan'),
(1805, 22, 'Jalpan de Serra'),
(1806, 22, 'Landa de Matamoros'),
(1807, 22, 'El Marqués'),
(1808, 22, 'Pedro Escobedo'),
(1809, 22, 'Peñamiller');
INSERT INTO `municipios` (`municipio_id`, `estado_id`, `municipio_nombre`) VALUES
(1810, 22, 'Querétaro'),
(1811, 22, 'San Joaquín'),
(1812, 22, 'San Juan del Río'),
(1813, 22, 'Tequisquiapan'),
(1814, 22, 'Tolimán'),
(1815, 23, 'Cozumel'),
(1816, 23, 'Felipe Carrillo Puerto'),
(1817, 23, 'Isla Mujeres'),
(1818, 23, 'Othón P. Blanco'),
(1819, 23, 'Benito Juárez'),
(1820, 23, 'José María Morelos'),
(1821, 23, 'Lázaro Cárdenas'),
(1822, 23, 'Solidaridad'),
(1823, 23, 'Tulum'),
(1824, 23, 'Bacalar'),
(1825, 23, 'Puerto Morelos'),
(1826, 24, 'Ahualulco'),
(1827, 24, 'Alaquines'),
(1828, 24, 'Aquismón'),
(1829, 24, 'Armadillo de los Infante'),
(1830, 24, 'Cárdenas'),
(1831, 24, 'Catorce'),
(1832, 24, 'Cedral'),
(1833, 24, 'Cerritos'),
(1834, 24, 'Cerro de San Pedro'),
(1835, 24, 'Ciudad del Maíz'),
(1836, 24, 'Ciudad Fernández'),
(1837, 24, 'Tancanhuitz'),
(1838, 24, 'Ciudad Valles'),
(1839, 24, 'Coxcatlán'),
(1840, 24, 'Charcas'),
(1841, 24, 'Ebano'),
(1842, 24, 'Guadalcázar'),
(1843, 24, 'Huehuetlán'),
(1844, 24, 'Lagunillas'),
(1845, 24, 'Matehuala'),
(1846, 24, 'Mexquitic de Carmona'),
(1847, 24, 'Moctezuma'),
(1848, 24, 'Rayón'),
(1849, 24, 'Rioverde'),
(1850, 24, 'Salinas'),
(1851, 24, 'San Antonio'),
(1852, 24, 'San Ciro de Acosta'),
(1853, 24, 'San Luis Potosí'),
(1854, 24, 'San Martín Chalchicuautla'),
(1855, 24, 'San Nicolás Tolentino'),
(1856, 24, 'Santa Catarina'),
(1857, 24, 'Santa María del Río'),
(1858, 24, 'Santo Domingo'),
(1859, 24, 'San Vicente Tancuayalab'),
(1860, 24, 'Soledad de Graciano Sánchez'),
(1861, 24, 'Tamasopo'),
(1862, 24, 'Tamazunchale'),
(1863, 24, 'Tampacán'),
(1864, 24, 'Tampamolón Corona'),
(1865, 24, 'Tamuín'),
(1866, 24, 'Tanlajás'),
(1867, 24, 'Tanquián de Escobedo'),
(1868, 24, 'Tierra Nueva'),
(1869, 24, 'Vanegas'),
(1870, 24, 'Venado'),
(1871, 24, 'Villa de Arriaga'),
(1872, 24, 'Villa de Guadalupe'),
(1873, 24, 'Villa de la Paz'),
(1874, 24, 'Villa de Ramos'),
(1875, 24, 'Villa de Reyes'),
(1876, 24, 'Villa Hidalgo'),
(1877, 24, 'Villa Juárez'),
(1878, 24, 'Axtla de Terrazas'),
(1879, 24, 'Xilitla'),
(1880, 24, 'Zaragoza'),
(1881, 24, 'Villa de Arista'),
(1882, 24, 'Matlapa'),
(1883, 24, 'El Naranjo'),
(1884, 25, 'Ahome'),
(1885, 25, 'Angostura'),
(1886, 25, 'Badiraguato'),
(1887, 25, 'Concordia'),
(1888, 25, 'Cosalá'),
(1889, 25, 'Culiacán'),
(1890, 25, 'Choix'),
(1891, 25, 'Elota'),
(1892, 25, 'Escuinapa'),
(1893, 25, 'El Fuerte'),
(1894, 25, 'Guasave'),
(1895, 25, 'Mazatlán'),
(1896, 25, 'Mocorito'),
(1897, 25, 'Rosario'),
(1898, 25, 'Salvador Alvarado'),
(1899, 25, 'San Ignacio'),
(1900, 25, 'Sinaloa'),
(1901, 25, 'Navolato'),
(1902, 26, 'Aconchi'),
(1903, 26, 'Agua Prieta'),
(1904, 26, 'Álamos'),
(1905, 26, 'Altar'),
(1906, 26, 'Arivechi'),
(1907, 26, 'Arizpe'),
(1908, 26, 'Atil'),
(1909, 26, 'Bacadéhuachi'),
(1910, 26, 'Bacanora'),
(1911, 26, 'Bacerac'),
(1912, 26, 'Bacoachi'),
(1913, 26, 'Bácum'),
(1914, 26, 'Banámichi'),
(1915, 26, 'Baviácora'),
(1916, 26, 'Bavispe'),
(1917, 26, 'Benjamín Hill'),
(1918, 26, 'Caborca'),
(1919, 26, 'Cajeme'),
(1920, 26, 'Cananea'),
(1921, 26, 'Carbó'),
(1922, 26, 'La Colorada'),
(1923, 26, 'Cucurpe'),
(1924, 26, 'Cumpas'),
(1925, 26, 'Divisaderos'),
(1926, 26, 'Empalme'),
(1927, 26, 'Etchojoa'),
(1928, 26, 'Fronteras'),
(1929, 26, 'Granados'),
(1930, 26, 'Guaymas'),
(1931, 26, 'Hermosillo'),
(1932, 26, 'Huachinera'),
(1933, 26, 'Huásabas'),
(1934, 26, 'Huatabampo'),
(1935, 26, 'Huépac'),
(1936, 26, 'Imuris'),
(1937, 26, 'Magdalena'),
(1938, 26, 'Mazatán'),
(1939, 26, 'Moctezuma'),
(1940, 26, 'Naco'),
(1941, 26, 'Nácori Chico'),
(1942, 26, 'Nacozari de García'),
(1943, 26, 'Navojoa'),
(1944, 26, 'Nogales'),
(1945, 26, 'Ónavas'),
(1946, 26, 'Opodepe'),
(1947, 26, 'Oquitoa'),
(1948, 26, 'Pitiquito'),
(1949, 26, 'Puerto Peñasco'),
(1950, 26, 'Quiriego'),
(1951, 26, 'Rayón'),
(1952, 26, 'Rosario'),
(1953, 26, 'Sahuaripa'),
(1954, 26, 'San Felipe de Jesús'),
(1955, 26, 'San Javier'),
(1956, 26, 'San Luis Río Colorado'),
(1957, 26, 'San Miguel de Horcasitas'),
(1958, 26, 'San Pedro de la Cueva'),
(1959, 26, 'Santa Ana'),
(1960, 26, 'Santa Cruz'),
(1961, 26, 'Sáric'),
(1962, 26, 'Soyopa'),
(1963, 26, 'Suaqui Grande'),
(1964, 26, 'Tepache'),
(1965, 26, 'Trincheras'),
(1966, 26, 'Tubutama'),
(1967, 26, 'Ures'),
(1968, 26, 'Villa Hidalgo'),
(1969, 26, 'Villa Pesqueira'),
(1970, 26, 'Yécora'),
(1971, 26, 'General Plutarco Elías Calles'),
(1972, 26, 'Benito Juárez'),
(1973, 26, 'San Ignacio Río Muerto'),
(1974, 27, 'Balancán'),
(1975, 27, 'Cárdenas'),
(1976, 27, 'Centla'),
(1977, 27, 'Centro'),
(1978, 27, 'Comalcalco'),
(1979, 27, 'Cunduacán'),
(1980, 27, 'Emiliano Zapata'),
(1981, 27, 'Huimanguillo'),
(1982, 27, 'Jalapa'),
(1983, 27, 'Jalpa de Méndez'),
(1984, 27, 'Jonuta'),
(1985, 27, 'Macuspana'),
(1986, 27, 'Nacajuca'),
(1987, 27, 'Paraíso'),
(1988, 27, 'Tacotalpa'),
(1989, 27, 'Teapa'),
(1990, 27, 'Tenosique'),
(1991, 28, 'Abasolo'),
(1992, 28, 'Aldama'),
(1993, 28, 'Altamira'),
(1994, 28, 'Antiguo Morelos'),
(1995, 28, 'Burgos'),
(1996, 28, 'Bustamante'),
(1997, 28, 'Camargo'),
(1998, 28, 'Casas'),
(1999, 28, 'Ciudad Madero'),
(2000, 28, 'Cruillas'),
(2001, 28, 'Gómez Farías'),
(2002, 28, 'González'),
(2003, 28, 'Güémez'),
(2004, 28, 'Guerrero'),
(2005, 28, 'Gustavo Díaz Ordaz'),
(2006, 28, 'Hidalgo'),
(2007, 28, 'Jaumave'),
(2008, 28, 'Jiménez'),
(2009, 28, 'Llera'),
(2010, 28, 'Mainero'),
(2011, 28, 'El Mante'),
(2012, 28, 'Matamoros'),
(2013, 28, 'Méndez'),
(2014, 28, 'Mier'),
(2015, 28, 'Miguel Alemán'),
(2016, 28, 'Miquihuana'),
(2017, 28, 'Nuevo Laredo'),
(2018, 28, 'Nuevo Morelos'),
(2019, 28, 'Ocampo'),
(2020, 28, 'Padilla'),
(2021, 28, 'Palmillas'),
(2022, 28, 'Reynosa'),
(2023, 28, 'Río Bravo'),
(2024, 28, 'San Carlos'),
(2025, 28, 'San Fernando'),
(2026, 28, 'San Nicolás'),
(2027, 28, 'Soto la Marina'),
(2028, 28, 'Tampico'),
(2029, 28, 'Tula'),
(2030, 28, 'Valle Hermoso'),
(2031, 28, 'Victoria'),
(2032, 28, 'Villagrán'),
(2033, 28, 'Xicoténcatl'),
(2034, 29, 'Amaxac de Guerrero'),
(2035, 29, 'Apetatitlán de Antonio Carvajal'),
(2036, 29, 'Atlangatepec'),
(2037, 29, 'Atltzayanca'),
(2038, 29, 'Apizaco'),
(2039, 29, 'Calpulalpan'),
(2040, 29, 'El Carmen Tequexquitla'),
(2041, 29, 'Cuapiaxtla'),
(2042, 29, 'Cuaxomulco'),
(2043, 29, 'Chiautempan'),
(2044, 29, 'Muñoz de Domingo Arenas'),
(2045, 29, 'Españita'),
(2046, 29, 'Huamantla'),
(2047, 29, 'Hueyotlipan'),
(2048, 29, 'Ixtacuixtla de Mariano Matamoros'),
(2049, 29, 'Ixtenco'),
(2050, 29, 'Mazatecochco de José María Morelos'),
(2051, 29, 'Contla de Juan Cuamatzi'),
(2052, 29, 'Tepetitla de Lardizábal'),
(2053, 29, 'Sanctórum de Lázaro Cárdenas'),
(2054, 29, 'Nanacamilpa de Mariano Arista'),
(2055, 29, 'Acuamanala de Miguel Hidalgo'),
(2056, 29, 'Natívitas'),
(2057, 29, 'Panotla'),
(2058, 29, 'San Pablo del Monte'),
(2059, 29, 'Santa Cruz Tlaxcala'),
(2060, 29, 'Tenancingo'),
(2061, 29, 'Teolocholco'),
(2062, 29, 'Tepeyanco'),
(2063, 29, 'Terrenate'),
(2064, 29, 'Tetla de la Solidaridad'),
(2065, 29, 'Tetlatlahuca'),
(2066, 29, 'Tlaxcala'),
(2067, 29, 'Tlaxco'),
(2068, 29, 'Tocatlán'),
(2069, 29, 'Totolac'),
(2070, 29, 'Ziltlaltépec de Trinidad Sánchez Santos'),
(2071, 29, 'Tzompantepec'),
(2072, 29, 'Xaloztoc'),
(2073, 29, 'Xaltocan'),
(2074, 29, 'Papalotla de Xicohténcatl'),
(2075, 29, 'Xicohtzinco'),
(2076, 29, 'Yauhquemehcan'),
(2077, 29, 'Zacatelco'),
(2078, 29, 'Benito Juárez'),
(2079, 29, 'Emiliano Zapata'),
(2080, 29, 'Lázaro Cárdenas'),
(2081, 29, 'La Magdalena Tlaltelulco'),
(2082, 29, 'San Damián Texóloc'),
(2083, 29, 'San Francisco Tetlanohcan'),
(2084, 29, 'San Jerónimo Zacualpan'),
(2085, 29, 'San José Teacalco'),
(2086, 29, 'San Juan Huactzinco'),
(2087, 29, 'San Lorenzo Axocomanitla'),
(2088, 29, 'San Lucas Tecopilco'),
(2089, 29, 'Santa Ana Nopalucan'),
(2090, 29, 'Santa Apolonia Teacalco'),
(2091, 29, 'Santa Catarina Ayometla'),
(2092, 29, 'Santa Cruz Quilehtla'),
(2093, 29, 'Santa Isabel Xiloxoxtla'),
(2094, 30, 'Acajete'),
(2095, 30, 'Acatlán'),
(2096, 30, 'Acayucan'),
(2097, 30, 'Actopan'),
(2098, 30, 'Acula'),
(2099, 30, 'Acultzingo'),
(2100, 30, 'Camarón de Tejeda'),
(2101, 30, 'Alpatláhuac'),
(2102, 30, 'Alto Lucero de Gutiérrez Barrios'),
(2103, 30, 'Altotonga'),
(2104, 30, 'Alvarado'),
(2105, 30, 'Amatitlán'),
(2106, 30, 'Naranjos Amatlán'),
(2107, 30, 'Amatlán de los Reyes'),
(2108, 30, 'Angel R. Cabada'),
(2109, 30, 'La Antigua'),
(2110, 30, 'Apazapan'),
(2111, 30, 'Aquila'),
(2112, 30, 'Astacinga'),
(2113, 30, 'Atlahuilco'),
(2114, 30, 'Atoyac'),
(2115, 30, 'Atzacan'),
(2116, 30, 'Atzalan'),
(2117, 30, 'Tlaltetela'),
(2118, 30, 'Ayahualulco'),
(2119, 30, 'Banderilla'),
(2120, 30, 'Benito Juárez'),
(2121, 30, 'Boca del Río'),
(2122, 30, 'Calcahualco'),
(2123, 30, 'Camerino Z. Mendoza'),
(2124, 30, 'Carrillo Puerto'),
(2125, 30, 'Catemaco'),
(2126, 30, 'Cazones de Herrera'),
(2127, 30, 'Cerro Azul'),
(2128, 30, 'Citlaltépetl'),
(2129, 30, 'Coacoatzintla'),
(2130, 30, 'Coahuitlán'),
(2131, 30, 'Coatepec'),
(2132, 30, 'Coatzacoalcos'),
(2133, 30, 'Coatzintla'),
(2134, 30, 'Coetzala'),
(2135, 30, 'Colipa'),
(2136, 30, 'Comapa'),
(2137, 30, 'Córdoba'),
(2138, 30, 'Cosamaloapan de Carpio'),
(2139, 30, 'Cosautlán de Carvajal'),
(2140, 30, 'Coscomatepec'),
(2141, 30, 'Cosoleacaque'),
(2142, 30, 'Cotaxtla'),
(2143, 30, 'Coxquihui'),
(2144, 30, 'Coyutla'),
(2145, 30, 'Cuichapa'),
(2146, 30, 'Cuitláhuac'),
(2147, 30, 'Chacaltianguis'),
(2148, 30, 'Chalma'),
(2149, 30, 'Chiconamel'),
(2150, 30, 'Chiconquiaco'),
(2151, 30, 'Chicontepec'),
(2152, 30, 'Chinameca'),
(2153, 30, 'Chinampa de Gorostiza'),
(2154, 30, 'Las Choapas'),
(2155, 30, 'Chocamán'),
(2156, 30, 'Chontla'),
(2157, 30, 'Chumatlán'),
(2158, 30, 'Emiliano Zapata'),
(2159, 30, 'Espinal'),
(2160, 30, 'Filomeno Mata'),
(2161, 30, 'Fortín'),
(2162, 30, 'Gutiérrez Zamora'),
(2163, 30, 'Hidalgotitlán'),
(2164, 30, 'Huatusco'),
(2165, 30, 'Huayacocotla'),
(2166, 30, 'Hueyapan de Ocampo'),
(2167, 30, 'Huiloapan de Cuauhtémoc'),
(2168, 30, 'Ignacio de la Llave'),
(2169, 30, 'Ilamatlán'),
(2170, 30, 'Isla'),
(2171, 30, 'Ixcatepec'),
(2172, 30, 'Ixhuacán de los Reyes'),
(2173, 30, 'Ixhuatlán del Café'),
(2174, 30, 'Ixhuatlancillo'),
(2175, 30, 'Ixhuatlán del Sureste'),
(2176, 30, 'Ixhuatlán de Madero'),
(2177, 30, 'Ixmatlahuacan'),
(2178, 30, 'Ixtaczoquitlán'),
(2179, 30, 'Jalacingo'),
(2180, 30, 'Xalapa'),
(2181, 30, 'Jalcomulco'),
(2182, 30, 'Jáltipan'),
(2183, 30, 'Jamapa'),
(2184, 30, 'Jesús Carranza'),
(2185, 30, 'Xico'),
(2186, 30, 'Jilotepec'),
(2187, 30, 'Juan Rodríguez Clara'),
(2188, 30, 'Juchique de Ferrer'),
(2189, 30, 'Landero y Coss'),
(2190, 30, 'Lerdo de Tejada'),
(2191, 30, 'Magdalena'),
(2192, 30, 'Maltrata'),
(2193, 30, 'Manlio Fabio Altamirano'),
(2194, 30, 'Mariano Escobedo'),
(2195, 30, 'Martínez de la Torre'),
(2196, 30, 'Mecatlán'),
(2197, 30, 'Mecayapan'),
(2198, 30, 'Medellín de Bravo'),
(2199, 30, 'Miahuatlán'),
(2200, 30, 'Las Minas'),
(2201, 30, 'Minatitlán'),
(2202, 30, 'Misantla'),
(2203, 30, 'Mixtla de Altamirano'),
(2204, 30, 'Moloacán'),
(2205, 30, 'Naolinco'),
(2206, 30, 'Naranjal'),
(2207, 30, 'Nautla'),
(2208, 30, 'Nogales'),
(2209, 30, 'Oluta'),
(2210, 30, 'Omealca'),
(2211, 30, 'Orizaba'),
(2212, 30, 'Otatitlán'),
(2213, 30, 'Oteapan'),
(2214, 30, 'Ozuluama de Mascareñas'),
(2215, 30, 'Pajapan'),
(2216, 30, 'Pánuco'),
(2217, 30, 'Papantla'),
(2218, 30, 'Paso del Macho'),
(2219, 30, 'Paso de Ovejas'),
(2220, 30, 'La Perla'),
(2221, 30, 'Perote'),
(2222, 30, 'Platón Sánchez'),
(2223, 30, 'Playa Vicente'),
(2224, 30, 'Poza Rica de Hidalgo'),
(2225, 30, 'Las Vigas de Ramírez'),
(2226, 30, 'Pueblo Viejo'),
(2227, 30, 'Puente Nacional'),
(2228, 30, 'Rafael Delgado'),
(2229, 30, 'Rafael Lucio'),
(2230, 30, 'Los Reyes'),
(2231, 30, 'Río Blanco'),
(2232, 30, 'Saltabarranca'),
(2233, 30, 'San Andrés Tenejapan'),
(2234, 30, 'San Andrés Tuxtla'),
(2235, 30, 'San Juan Evangelista'),
(2236, 30, 'Santiago Tuxtla'),
(2237, 30, 'Sayula de Alemán'),
(2238, 30, 'Soconusco'),
(2239, 30, 'Sochiapa'),
(2240, 30, 'Soledad Atzompa'),
(2241, 30, 'Soledad de Doblado'),
(2242, 30, 'Soteapan'),
(2243, 30, 'Tamalín'),
(2244, 30, 'Tamiahua'),
(2245, 30, 'Tampico Alto'),
(2246, 30, 'Tancoco'),
(2247, 30, 'Tantima'),
(2248, 30, 'Tantoyuca'),
(2249, 30, 'Tatatila'),
(2250, 30, 'Castillo de Teayo'),
(2251, 30, 'Tecolutla'),
(2252, 30, 'Tehuipango'),
(2253, 30, 'Álamo Temapache'),
(2254, 30, 'Tempoal'),
(2255, 30, 'Tenampa'),
(2256, 30, 'Tenochtitlán'),
(2257, 30, 'Teocelo'),
(2258, 30, 'Tepatlaxco'),
(2259, 30, 'Tepetlán'),
(2260, 30, 'Tepetzintla'),
(2261, 30, 'Tequila'),
(2262, 30, 'José Azueta'),
(2263, 30, 'Texcatepec'),
(2264, 30, 'Texhuacán'),
(2265, 30, 'Texistepec'),
(2266, 30, 'Tezonapa'),
(2267, 30, 'Tierra Blanca'),
(2268, 30, 'Tihuatlán'),
(2269, 30, 'Tlacojalpan'),
(2270, 30, 'Tlacolulan'),
(2271, 30, 'Tlacotalpan'),
(2272, 30, 'Tlacotepec de Mejía'),
(2273, 30, 'Tlachichilco'),
(2274, 30, 'Tlalixcoyan'),
(2275, 30, 'Tlalnelhuayocan'),
(2276, 30, 'Tlapacoyan'),
(2277, 30, 'Tlaquilpa'),
(2278, 30, 'Tlilapan'),
(2279, 30, 'Tomatlán'),
(2280, 30, 'Tonayán'),
(2281, 30, 'Totutla'),
(2282, 30, 'Tuxpan'),
(2283, 30, 'Tuxtilla'),
(2284, 30, 'Ursulo Galván'),
(2285, 30, 'Vega de Alatorre'),
(2286, 30, 'Veracruz'),
(2287, 30, 'Villa Aldama'),
(2288, 30, 'Xoxocotla'),
(2289, 30, 'Yanga'),
(2290, 30, 'Yecuatla'),
(2291, 30, 'Zacualpan'),
(2292, 30, 'Zaragoza'),
(2293, 30, 'Zentla'),
(2294, 30, 'Zongolica'),
(2295, 30, 'Zontecomatlán de López y Fuentes'),
(2296, 30, 'Zozocolco de Hidalgo'),
(2297, 30, 'Agua Dulce'),
(2298, 30, 'El Higo'),
(2299, 30, 'Nanchital de Lázaro Cárdenas del Río'),
(2300, 30, 'Tres Valles'),
(2301, 30, 'Carlos A. Carrillo'),
(2302, 30, 'Tatahuicapan de Juárez'),
(2303, 30, 'Uxpanapa'),
(2304, 30, 'San Rafael'),
(2305, 30, 'Santiago Sochiapan'),
(2306, 31, 'Abalá'),
(2307, 31, 'Acanceh'),
(2308, 31, 'Akil'),
(2309, 31, 'Baca'),
(2310, 31, 'Bokobá'),
(2311, 31, 'Buctzotz'),
(2312, 31, 'Cacalchén'),
(2313, 31, 'Calotmul'),
(2314, 31, 'Cansahcab'),
(2315, 31, 'Cantamayec'),
(2316, 31, 'Celestún'),
(2317, 31, 'Cenotillo'),
(2318, 31, 'Conkal'),
(2319, 31, 'Cuncunul'),
(2320, 31, 'Cuzamá'),
(2321, 31, 'Chacsinkín'),
(2322, 31, 'Chankom'),
(2323, 31, 'Chapab'),
(2324, 31, 'Chemax'),
(2325, 31, 'Chicxulub Pueblo'),
(2326, 31, 'Chichimilá'),
(2327, 31, 'Chikindzonot'),
(2328, 31, 'Chocholá'),
(2329, 31, 'Chumayel'),
(2330, 31, 'Dzán'),
(2331, 31, 'Dzemul'),
(2332, 31, 'Dzidzantún'),
(2333, 31, 'Dzilam de Bravo'),
(2334, 31, 'Dzilam González'),
(2335, 31, 'Dzitás'),
(2336, 31, 'Dzoncauich'),
(2337, 31, 'Espita'),
(2338, 31, 'Halachó'),
(2339, 31, 'Hocabá'),
(2340, 31, 'Hoctún'),
(2341, 31, 'Homún'),
(2342, 31, 'Huhí'),
(2343, 31, 'Hunucmá'),
(2344, 31, 'Ixil'),
(2345, 31, 'Izamal'),
(2346, 31, 'Kanasín'),
(2347, 31, 'Kantunil'),
(2348, 31, 'Kaua'),
(2349, 31, 'Kinchil'),
(2350, 31, 'Kopomá'),
(2351, 31, 'Mama'),
(2352, 31, 'Maní'),
(2353, 31, 'Maxcanú'),
(2354, 31, 'Mayapán'),
(2355, 31, 'Mérida'),
(2356, 31, 'Mocochá'),
(2357, 31, 'Motul'),
(2358, 31, 'Muna'),
(2359, 31, 'Muxupip'),
(2360, 31, 'Opichén'),
(2361, 31, 'Oxkutzcab'),
(2362, 31, 'Panabá'),
(2363, 31, 'Peto'),
(2364, 31, 'Progreso'),
(2365, 31, 'Quintana Roo'),
(2366, 31, 'Río Lagartos'),
(2367, 31, 'Sacalum'),
(2368, 31, 'Samahil'),
(2369, 31, 'Sanahcat'),
(2370, 31, 'San Felipe'),
(2371, 31, 'Santa Elena'),
(2372, 31, 'Seyé'),
(2373, 31, 'Sinanché'),
(2374, 31, 'Sotuta'),
(2375, 31, 'Sucilá'),
(2376, 31, 'Sudzal'),
(2377, 31, 'Suma'),
(2378, 31, 'Tahdziú'),
(2379, 31, 'Tahmek'),
(2380, 31, 'Teabo'),
(2381, 31, 'Tecoh'),
(2382, 31, 'Tekal de Venegas'),
(2383, 31, 'Tekantó'),
(2384, 31, 'Tekax'),
(2385, 31, 'Tekit'),
(2386, 31, 'Tekom'),
(2387, 31, 'Telchac Pueblo'),
(2388, 31, 'Telchac Puerto'),
(2389, 31, 'Temax'),
(2390, 31, 'Temozón'),
(2391, 31, 'Tepakán'),
(2392, 31, 'Tetiz'),
(2393, 31, 'Teya'),
(2394, 31, 'Ticul'),
(2395, 31, 'Timucuy'),
(2396, 31, 'Tinum'),
(2397, 31, 'Tixcacalcupul'),
(2398, 31, 'Tixkokob'),
(2399, 31, 'Tixmehuac'),
(2400, 31, 'Tixpéhual'),
(2401, 31, 'Tizimín'),
(2402, 31, 'Tunkás'),
(2403, 31, 'Tzucacab'),
(2404, 31, 'Uayma'),
(2405, 31, 'Ucú'),
(2406, 31, 'Umán'),
(2407, 31, 'Valladolid'),
(2408, 31, 'Xocchel'),
(2409, 31, 'Yaxcabá'),
(2410, 31, 'Yaxkukul'),
(2411, 31, 'Yobaín'),
(2412, 32, 'Apozol'),
(2413, 32, 'Apulco'),
(2414, 32, 'Atolinga'),
(2415, 32, 'Benito Juárez'),
(2416, 32, 'Calera'),
(2417, 32, 'Cañitas de Felipe Pescador'),
(2418, 32, 'Concepción del Oro'),
(2419, 32, 'Cuauhtémoc'),
(2420, 32, 'Chalchihuites'),
(2421, 32, 'Fresnillo'),
(2422, 32, 'Trinidad García de la Cadena'),
(2423, 32, 'Genaro Codina'),
(2424, 32, 'General Enrique Estrada'),
(2425, 32, 'General Francisco R. Murguía'),
(2426, 32, 'El Plateado de Joaquín Amaro'),
(2427, 32, 'General Pánfilo Natera'),
(2428, 32, 'Guadalupe'),
(2429, 32, 'Huanusco'),
(2430, 32, 'Jalpa'),
(2431, 32, 'Jerez'),
(2432, 32, 'Jiménez del Teul'),
(2433, 32, 'Juan Aldama'),
(2434, 32, 'Juchipila'),
(2435, 32, 'Loreto'),
(2436, 32, 'Luis Moya'),
(2437, 32, 'Mazapil'),
(2438, 32, 'Melchor Ocampo'),
(2439, 32, 'Mezquital del Oro'),
(2440, 32, 'Miguel Auza'),
(2441, 32, 'Momax'),
(2442, 32, 'Monte Escobedo'),
(2443, 32, 'Morelos'),
(2444, 32, 'Moyahua de Estrada'),
(2445, 32, 'Nochistlán de Mejía'),
(2446, 32, 'Noria de Ángeles'),
(2447, 32, 'Ojocaliente'),
(2448, 32, 'Pánuco'),
(2449, 32, 'Pinos'),
(2450, 32, 'Río Grande'),
(2451, 32, 'Sain Alto'),
(2452, 32, 'El Salvador'),
(2453, 32, 'Sombrerete'),
(2454, 32, 'Susticacán'),
(2455, 32, 'Tabasco'),
(2456, 32, 'Tepechitlán'),
(2457, 32, 'Tepetongo'),
(2458, 32, 'Teúl de González Ortega'),
(2459, 32, 'Tlaltenango de Sánchez Román'),
(2460, 32, 'Valparaíso'),
(2461, 32, 'Vetagrande'),
(2462, 32, 'Villa de Cos'),
(2463, 32, 'Villa García'),
(2464, 32, 'Villa González Ortega'),
(2465, 32, 'Villa Hidalgo'),
(2466, 32, 'Villanueva'),
(2467, 32, 'Zacatecas'),
(2468, 32, 'Trancoso'),
(2469, 32, 'Santa María de la Paz');

-- --------------------------------------------------------

--
-- Estructura de tabla para la tabla `paises`
--

CREATE TABLE `paises` (
  `pais_id` int(11) NOT NULL,
  `pais_nombre` varchar(100) NOT NULL
) ENGINE=InnoDB DEFAULT CHARSET=utf8;

--
-- Volcado de datos para la tabla `paises`
--

INSERT INTO `paises` (`pais_id`, `pais_nombre`) VALUES
(1, 'Afghanistan '),
(2, 'Albania '),
(3, 'Algeria '),
(4, 'American Samoa '),
(5, 'Andorra '),
(6, 'Angola '),
(7, 'Anguilla '),
(8, 'Antigua & Barbuda '),
(9, 'Argentina '),
(10, 'Armenia '),
(11, 'Aruba '),
(12, 'Australia '),
(13, 'Austria '),
(14, 'Azerbaijan '),
(15, 'Bahamas, The '),
(16, 'Bahrain '),
(17, 'Bangladesh '),
(18, 'Barbados '),
(19, 'Belarus '),
(20, 'Belgium '),
(21, 'Belize '),
(22, 'Benin '),
(23, 'Bermuda '),
(24, 'Bhutan '),
(25, 'Bolivia '),
(26, 'Bosnia & Herzegovina '),
(27, 'Botswana '),
(28, 'Brazil '),
(29, 'British Virgin Is. '),
(30, 'Brunei '),
(31, 'Bulgaria '),
(32, 'Burkina Faso '),
(33, 'Burma '),
(34, 'Burundi '),
(35, 'Cambodia '),
(36, 'Cameroon '),
(37, 'Canada '),
(38, 'Cape Verde '),
(39, 'Cayman Islands '),
(40, 'Central African Rep. '),
(41, 'Chad '),
(42, 'Chile '),
(43, 'China '),
(44, 'Colombia '),
(45, 'Comoros '),
(46, 'Congo, Dem. Rep. '),
(47, 'Congo, Repub. of the '),
(48, 'Cook Islands '),
(49, 'Costa Rica '),
(50, 'Cote d\'Ivoire '),
(51, 'Croatia '),
(52, 'Cuba '),
(53, 'Cyprus '),
(54, 'Czech Republic '),
(55, 'Denmark '),
(56, 'Djibouti '),
(57, 'Dominica '),
(58, 'Dominican Republic '),
(59, 'East Timor '),
(60, 'Ecuador '),
(61, 'Egypt '),
(62, 'El Salvador '),
(63, 'Equatorial Guinea '),
(64, 'Eritrea '),
(65, 'Estonia '),
(66, 'Ethiopia '),
(67, 'Faroe Islands '),
(68, 'Fiji '),
(69, 'Finland '),
(70, 'France '),
(71, 'French Guiana '),
(72, 'French Polynesia '),
(73, 'Gabon '),
(74, 'Gambia, The '),
(75, 'Gaza Strip '),
(76, 'Georgia '),
(77, 'Germany '),
(78, 'Ghana '),
(79, 'Gibraltar '),
(80, 'Greece '),
(81, 'Greenland '),
(82, 'Grenada '),
(83, 'Guadeloupe '),
(84, 'Guam '),
(85, 'Guatemala '),
(86, 'Guernsey '),
(87, 'Guinea '),
(88, 'Guinea-Bissau '),
(89, 'Guyana '),
(90, 'Haiti '),
(91, 'Honduras '),
(92, 'Hong Kong '),
(93, 'Hungary '),
(94, 'Iceland '),
(95, 'India '),
(96, 'Indonesia '),
(97, 'Iran '),
(98, 'Iraq '),
(99, 'Ireland '),
(100, 'Isle of Man '),
(101, 'Israel '),
(102, 'Italy '),
(103, 'Jamaica '),
(104, 'Japan '),
(105, 'Jersey '),
(106, 'Jordan '),
(107, 'Kazakhstan '),
(108, 'Kenya '),
(109, 'Kiribati '),
(110, 'Korea, North '),
(111, 'Korea, South '),
(112, 'Kuwait '),
(113, 'Kyrgyzstan '),
(114, 'Laos '),
(115, 'Latvia '),
(116, 'Lebanon '),
(117, 'Lesotho '),
(118, 'Liberia '),
(119, 'Libya '),
(120, 'Liechtenstein '),
(121, 'Lithuania '),
(122, 'Luxembourg '),
(123, 'Macau '),
(124, 'Macedonia '),
(125, 'Madagascar '),
(126, 'Malawi '),
(127, 'Malaysia '),
(128, 'Maldives '),
(129, 'Mali '),
(130, 'Malta '),
(131, 'Marshall Islands '),
(132, 'Martinique '),
(133, 'Mauritania '),
(134, 'Mauritius '),
(135, 'Mayotte '),
(136, 'México '),
(137, 'Micronesia, Fed. St. '),
(138, 'Moldova '),
(139, 'Monaco '),
(140, 'Mongolia '),
(141, 'Montserrat '),
(142, 'Morocco '),
(143, 'Mozambique '),
(144, 'Namibia '),
(145, 'Nauru '),
(146, 'Nepal '),
(147, 'Netherlands '),
(148, 'Netherlands Antilles '),
(149, 'New Caledonia '),
(150, 'New Zealand '),
(151, 'Nicaragua '),
(152, 'Niger '),
(153, 'Nigeria '),
(154, 'N. Mariana Islands '),
(155, 'Norway '),
(156, 'Oman '),
(157, 'Pakistan '),
(158, 'Palau '),
(159, 'Panama '),
(160, 'Papua New Guinea '),
(161, 'Paraguay '),
(162, 'Peru '),
(163, 'Philippines '),
(164, 'Poland '),
(165, 'Portugal '),
(166, 'Puerto Rico '),
(167, 'Qatar '),
(168, 'Reunion '),
(169, 'Romania '),
(170, 'Russia '),
(171, 'Rwanda '),
(172, 'Saint Helena '),
(173, 'Saint Kitts & Nevis '),
(174, 'Saint Lucia '),
(175, 'St Pierre & Miquelon '),
(176, 'Saint Vincent and the Grenadines '),
(177, 'Samoa '),
(178, 'San Marino '),
(179, 'Sao Tome & Principe '),
(180, 'Saudi Arabia '),
(181, 'Senegal '),
(182, 'Serbia '),
(183, 'Seychelles '),
(184, 'Sierra Leone '),
(185, 'Singapore '),
(186, 'Slovakia '),
(187, 'Slovenia '),
(188, 'Solomon Islands '),
(189, 'Somalia '),
(190, 'South Africa '),
(191, 'Spain '),
(192, 'Sri Lanka '),
(193, 'Sudan '),
(194, 'Suriname '),
(195, 'Swaziland '),
(196, 'Sweden '),
(197, 'Switzerland '),
(198, 'Syria '),
(199, 'Taiwan '),
(200, 'Tajikistan '),
(201, 'Tanzania '),
(202, 'Thailand '),
(203, 'Togo '),
(204, 'Tonga '),
(205, 'Trinidad & Tobago '),
(206, 'Tunisia '),
(207, 'Turkey '),
(208, 'Turkmenistan '),
(209, 'Turks & Caicos Is '),
(210, 'Tuvalu '),
(211, 'Uganda '),
(212, 'Ukraine '),
(213, 'United Arab Emirates '),
(214, 'United Kingdom '),
(215, 'United States '),
(216, 'Uruguay '),
(217, 'Uzbekistan '),
(218, 'Vanuatu '),
(219, 'Venezuela '),
(220, 'Vietnam '),
(221, 'Virgin Islands '),
(222, 'Wallis and Futuna '),
(223, 'West Bank '),
(224, 'Western Sahara '),
(225, 'Yemen '),
(226, 'Zambia '),
(227, 'Zimbabwe ');

-- --------------------------------------------------------

--
-- Estructura de tabla para la tabla `problemas_cursos`
--

CREATE TABLE `problemas_cursos` (
  `problema_curso_id` int(11) NOT NULL,
  `usuario_id` int(11) NOT NULL,
  `curso_id` int(11) NOT NULL,
  `p_c_asunto` varchar(75) NOT NULL,
  `p_c_descripcion` varchar(300) NOT NULL,
  `p_c_resuelto` tinyint(4) NOT NULL
) ENGINE=InnoDB DEFAULT CHARSET=utf8;

--
-- Volcado de datos para la tabla `problemas_cursos`
--

INSERT INTO `problemas_cursos` (`problema_curso_id`, `usuario_id`, `curso_id`, `p_c_asunto`, `p_c_descripcion`, `p_c_resuelto`) VALUES
(1, 98, 73, 'odio condimentum id luctus nec', 'mattis nibh ligula nec sem duis aliquam convallis nunc proin at turpis a pede posuere nonummy integer non velit donec diam neque vestibulum eget vulputate ut ultrices vel', 0),
(2, 12, 53, 'vitae nisi nam ultrices', 'vel ipsum praesent blandit lacinia erat vestibulum sed magna at nunc commodo placerat praesent blandit nam nulla', 0),
(3, 66, 51, 'lacinia aenean sit amet justo morbi', 'bibendum imperdiet nullam orci pede venenatis non sodales sed tincidunt eu felis fusce posuere felis sed lacus morbi sem mauris laoreet ut rhoncus aliquet pulvinar sed nisl nunc rhoncus', 0),
(4, 56, 21, 'sociis natoque penatibus et', 'eget orci vehicula condimentum curabitur in libero ut massa volutpat convallis morbi', 0),
(5, 44, 20, 'tristique est et tempus semper est', 'quam turpis adipiscing lorem vitae mattis nibh ligula nec sem duis aliquam convallis nunc proin at', 0),
(6, 1, 38, 'blandit non interdum in ante vestibulum', 'aenean fermentum donec ut mauris eget massa tempor convallis nulla neque libero convallis eget eleifend luctus ultricies eu nibh quisque id justo sit amet sapien dignissim vestibulum', 0),
(7, 51, 63, 'ultricies eu nibh quisque id justo', 'a odio in hac habitasse platea dictumst maecenas ut massa quis augue luctus tincidunt nulla mollis molestie lorem quisque ut', 0),
(8, 23, 33, 'felis eu sapien cursus vestibulum', 'quis odio consequat varius integer ac leo pellentesque ultrices mattis odio donec vitae nisi nam ultrices', 0),
(9, 32, 77, 'nam tristique tortor eu pede', 'aenean lectus pellentesque eget nunc donec quis orci eget orci vehicula condimentum curabitur in libero ut massa volutpat convallis morbi odio odio elementum eu', 0),
(10, 76, 88, 'interdum mauris non ligula pellentesque ultrices phasellus', 'pede libero quis orci nullam molestie nibh in lectus pellentesque at', 0),
(11, 66, 20, 'accumsan tellus nisi eu orci', 'laoreet ut rhoncus aliquet pulvinar sed nisl nunc rhoncus dui vel sem sed sagittis nam congue risus semper porta volutpat quam pede lobortis', 0),
(12, 63, 47, 'dapibus dolor vel est donec', 'mauris eget massa tempor convallis nulla neque libero convallis eget eleifend luctus ultricies eu nibh quisque id justo sit amet sapien dignissim vestibulum vestibulum ante ipsum primis in', 0),
(13, 35, 70, 'integer ac neque duis bibendum', 'non pretium quis lectus suspendisse potenti in eleifend quam a odio in hac habitasse platea', 0),
(14, 62, 27, 'amet nunc viverra dapibus nulla suscipit', 'sapien sapien non mi integer ac neque duis bibendum morbi non quam nec dui luctus rutrum nulla tellus in sagittis dui vel nisl duis ac nibh', 0),
(15, 73, 2, 'etiam faucibus cursus urna ut tellus', 'sed vel enim sit amet nunc viverra dapibus nulla suscipit ligula in lacus curabitur at ipsum ac', 0),
(16, 71, 17, 'natoque penatibus et magnis', 'quis augue luctus tincidunt nulla mollis molestie lorem quisque ut erat curabitur gravida nisi at nibh', 0),
(17, 90, 73, 'vulputate nonummy maecenas tincidunt lacus', 'est phasellus sit amet erat nulla tempus vivamus in felis eu sapien cursus vestibulum proin eu mi nulla ac enim in tempor turpis nec euismod scelerisque', 0),
(18, 11, 80, 'ante ipsum primis in', 'libero nullam sit amet turpis elementum ligula vehicula consequat morbi a ipsum integer a nibh in quis justo maecenas rhoncus aliquam lacus morbi quis', 0),
(19, 59, 82, 'sapien quis libero nullam sit amet turpis', 'adipiscing elit proin interdum mauris non ligula pellentesque ultrices phasellus id sapien in sapien iaculis congue vivamus metus arcu adipiscing molestie hendrerit at vulputate vitae nisl', 0),
(20, 30, 78, 'dapibus nulla suscipit ligula in lacus curabitur', 'blandit nam nulla integer pede justo lacinia eget tincidunt eget tempus vel pede', 0),
(21, 21, 77, 'lorem integer tincidunt ante vel ipsum praesent', 'sapien sapien non mi integer ac neque duis bibendum morbi non quam nec dui', 0),
(22, 31, 2, 'sit amet eros suspendisse accumsan tortor quis', 'lectus vestibulum quam sapien varius ut blandit non interdum in ante vestibulum ante ipsum primis in faucibus orci', 0),
(23, 91, 33, 'suscipit ligula in lacus curabitur at ipsum', 'nunc nisl duis bibendum felis sed interdum venenatis turpis enim blandit mi in porttitor pede justo eu massa donec dapibus duis at velit eu est congue', 0),
(24, 83, 31, 'congue etiam justo etiam pretium iaculis justo', 'turpis adipiscing lorem vitae mattis nibh ligula nec sem duis aliquam convallis nunc proin at turpis', 0),
(25, 47, 79, 'ac nibh fusce lacus purus aliquet at', 'diam neque vestibulum eget vulputate ut ultrices vel augue vestibulum ante ipsum primis in faucibus orci luctus et ultrices posuere cubilia curae donec pharetra magna vestibulum aliquet ultrices erat', 0),
(26, 73, 44, 'nec nisi vulputate nonummy maecenas tincidunt lacus', 'dictumst maecenas ut massa quis augue luctus tincidunt nulla mollis molestie lorem quisque ut erat', 0),
(27, 54, 96, 'in faucibus orci luctus et', 'praesent lectus vestibulum quam sapien varius ut blandit non interdum in ante vestibulum ante ipsum primis', 0),
(28, 45, 84, 'ut massa quis augue', 'blandit ultrices enim lorem ipsum dolor sit amet consectetuer adipiscing elit proin', 0),
(29, 28, 65, 'quisque arcu libero rutrum ac lobortis', 'commodo placerat praesent blandit nam nulla integer pede justo lacinia eget tincidunt eget tempus vel pede morbi porttitor lorem id ligula suspendisse ornare consequat lectus in est risus auctor sed', 0),
(30, 61, 1, 'ultrices enim lorem ipsum dolor sit', 'et tempus semper est quam pharetra magna ac consequat metus sapien ut nunc vestibulum ante ipsum primis in faucibus orci luctus et ultrices posuere', 0),
(31, 65, 65, 'accumsan tellus nisi eu orci mauris', 'rutrum nulla nunc purus phasellus in felis donec semper sapien a libero nam dui proin leo odio porttitor id consequat in consequat ut nulla sed accumsan', 0),
(32, 75, 80, 'id luctus nec molestie', 'mus etiam vel augue vestibulum rutrum rutrum neque aenean auctor gravida sem praesent id massa id nisl', 0),
(33, 22, 44, 'vivamus in felis eu sapien cursus', 'felis sed interdum venenatis turpis enim blandit mi in porttitor pede justo eu', 0),
(34, 97, 85, 'pede libero quis orci nullam', 'a libero nam dui proin leo odio porttitor id consequat in consequat ut nulla sed accumsan felis ut at dolor quis odio consequat', 0),
(35, 44, 47, 'nisl duis bibendum felis', 'morbi a ipsum integer a nibh in quis justo maecenas rhoncus aliquam lacus morbi quis tortor id nulla ultrices aliquet maecenas leo odio condimentum id luctus nec', 0),
(36, 45, 53, 'a ipsum integer a nibh', 'ut nunc vestibulum ante ipsum primis in faucibus orci luctus et ultrices posuere cubilia curae mauris viverra diam vitae quam', 0),
(37, 98, 4, 'praesent blandit lacinia erat vestibulum', 'magnis dis parturient montes nascetur ridiculus mus vivamus vestibulum sagittis sapien cum sociis natoque', 0),
(38, 79, 14, 'lorem id ligula suspendisse ornare consequat', 'in faucibus orci luctus et ultrices posuere cubilia curae mauris viverra diam vitae quam suspendisse potenti nullam porttitor lacus at turpis donec posuere metus vitae ipsum aliquam non mauris morbi', 0),
(39, 37, 10, 'in tempus sit amet sem fusce', 'lacus purus aliquet at feugiat non pretium quis lectus suspendisse potenti in eleifend quam a odio in hac habitasse platea dictumst maecenas ut', 0),
(40, 6, 9, 'vel nisl duis ac nibh fusce lacus', 'massa tempor convallis nulla neque libero convallis eget eleifend luctus ultricies eu nibh quisque id justo sit amet sapien dignissim vestibulum vestibulum ante ipsum primis', 0),
(41, 56, 8, 'tincidunt lacus at velit vivamus', 'nulla mollis molestie lorem quisque ut erat curabitur gravida nisi at nibh in hac habitasse platea dictumst aliquam augue quam sollicitudin', 0),
(42, 42, 38, 'vivamus tortor duis mattis egestas metus aenean', 'turpis adipiscing lorem vitae mattis nibh ligula nec sem duis aliquam convallis nunc proin at turpis a pede posuere nonummy integer non velit donec diam', 0),
(43, 45, 94, 'libero ut massa volutpat', 'integer ac leo pellentesque ultrices mattis odio donec vitae nisi nam ultrices libero non mattis pulvinar nulla pede ullamcorper augue a suscipit nulla elit ac nulla', 0),
(44, 67, 91, 'vestibulum sed magna at nunc commodo placerat', 'faucibus accumsan odio curabitur convallis duis consequat dui nec nisi volutpat eleifend donec ut dolor morbi vel lectus in quam fringilla rhoncus mauris', 0),
(45, 44, 29, 'tristique tortor eu pede', 'molestie sed justo pellentesque viverra pede ac diam cras pellentesque volutpat dui maecenas tristique', 0),
(46, 21, 14, 'dolor sit amet consectetuer', 'lorem id ligula suspendisse ornare consequat lectus in est risus auctor sed tristique in tempus sit amet sem fusce consequat nulla nisl nunc nisl duis bibendum felis sed', 0),
(47, 83, 6, 'quam nec dui luctus rutrum nulla tellus', 'sed augue aliquam erat volutpat in congue etiam justo etiam pretium iaculis justo', 0),
(48, 13, 79, 'mattis nibh ligula nec sem duis', 'vulputate justo in blandit ultrices enim lorem ipsum dolor sit amet consectetuer adipiscing elit proin interdum mauris non ligula pellentesque ultrices phasellus id sapien in sapien iaculis congue', 0),
(49, 97, 60, 'vestibulum aliquet ultrices erat tortor', 'tempus sit amet sem fusce consequat nulla nisl nunc nisl duis bibendum felis sed interdum venenatis turpis enim blandit mi in porttitor', 0),
(50, 93, 51, 'quam pharetra magna ac consequat', 'volutpat in congue etiam justo etiam pretium iaculis justo in hac habitasse platea dictumst etiam faucibus cursus urna ut tellus nulla ut erat', 0),
(51, 9, 27, 'vestibulum sit amet cursus id', 'duis consequat dui nec nisi volutpat eleifend donec ut dolor morbi vel lectus in quam fringilla rhoncus mauris enim leo rhoncus sed vestibulum sit', 0),
(52, 25, 96, 'faucibus accumsan odio curabitur convallis duis', 'nisl duis ac nibh fusce lacus purus aliquet at feugiat non pretium quis lectus suspendisse potenti in eleifend quam a odio in', 0),
(53, 65, 62, 'nulla quisque arcu libero rutrum', 'dapibus nulla suscipit ligula in lacus curabitur at ipsum ac tellus semper interdum mauris ullamcorper', 0),
(54, 61, 78, 'nibh fusce lacus purus aliquet at', 'amet cursus id turpis integer aliquet massa id lobortis convallis tortor risus dapibus augue vel accumsan tellus nisi eu orci', 0),
(55, 27, 92, 'tempor turpis nec euismod', 'pede justo lacinia eget tincidunt eget tempus vel pede morbi porttitor lorem id ligula suspendisse ornare consequat lectus in est risus auctor sed tristique in tempus', 0),
(56, 23, 71, 'amet cursus id turpis integer', 'in faucibus orci luctus et ultrices posuere cubilia curae mauris viverra', 0),
(57, 4, 42, 'cursus id turpis integer aliquet massa id', 'semper est quam pharetra magna ac consequat metus sapien ut nunc vestibulum ante ipsum primis in faucibus', 0),
(58, 67, 22, 'varius nulla facilisi cras non velit nec', 'elementum in hac habitasse platea dictumst morbi vestibulum velit id pretium iaculis diam erat fermentum justo', 0),
(59, 77, 32, 'quis augue luctus tincidunt nulla', 'volutpat dui maecenas tristique est et tempus semper est quam pharetra magna ac consequat metus sapien ut nunc vestibulum ante ipsum primis in faucibus orci', 0),
(60, 29, 29, 'habitasse platea dictumst etiam faucibus cursus', 'et eros vestibulum ac est lacinia nisi venenatis tristique fusce', 0),
(61, 36, 58, 'convallis tortor risus dapibus augue', 'cras mi pede malesuada in imperdiet et commodo vulputate justo', 0),
(62, 16, 41, 'nascetur ridiculus mus etiam vel', 'proin risus praesent lectus vestibulum quam sapien varius ut blandit non interdum in', 0),
(63, 48, 48, 'suspendisse accumsan tortor quis turpis sed ante', 'vel est donec odio justo sollicitudin ut suscipit a feugiat et eros vestibulum ac est lacinia nisi', 0),
(64, 42, 24, 'quisque porta volutpat erat quisque', 'auctor sed tristique in tempus sit amet sem fusce consequat nulla nisl nunc nisl duis bibendum felis sed interdum venenatis turpis enim blandit', 0),
(65, 90, 73, 'fusce lacus purus aliquet at feugiat non', 'sodales scelerisque mauris sit amet eros suspendisse accumsan tortor quis turpis', 0),
(66, 85, 60, 'nisi at nibh in hac habitasse', 'quis turpis sed ante vivamus tortor duis mattis egestas metus aenean fermentum donec ut mauris eget massa tempor convallis nulla neque libero', 0),
(67, 6, 75, 'lectus in est risus auctor sed tristique', 'turpis nec euismod scelerisque quam turpis adipiscing lorem vitae mattis nibh ligula nec sem duis aliquam convallis nunc proin at turpis a pede posuere nonummy integer non velit donec', 0),
(68, 78, 52, 'congue elementum in hac habitasse', 'morbi vestibulum velit id pretium iaculis diam erat fermentum justo nec condimentum neque sapien placerat ante nulla justo aliquam quis turpis', 0),
(69, 13, 48, 'duis consequat dui nec nisi volutpat eleifend', 'morbi a ipsum integer a nibh in quis justo maecenas rhoncus aliquam lacus morbi quis', 0),
(70, 71, 30, 'vestibulum sagittis sapien cum sociis natoque', 'condimentum curabitur in libero ut massa volutpat convallis morbi odio odio elementum eu interdum eu tincidunt in leo maecenas pulvinar lobortis est phasellus sit amet erat nulla tempus vivamus', 0),
(71, 38, 4, 'augue vestibulum ante ipsum primis in', 'rhoncus aliquam lacus morbi quis tortor id nulla ultrices aliquet maecenas leo odio condimentum id luctus nec molestie sed justo pellentesque viverra pede ac', 0),
(72, 74, 48, 'convallis nulla neque libero', 'sagittis sapien cum sociis natoque penatibus et magnis dis parturient montes nascetur ridiculus mus etiam', 0),
(73, 38, 74, 'in sapien iaculis congue vivamus metus', 'nisl aenean lectus pellentesque eget nunc donec quis orci eget', 0),
(74, 92, 1, 'consequat lectus in est risus auctor sed', 'erat nulla tempus vivamus in felis eu sapien cursus vestibulum proin eu mi nulla ac enim in tempor turpis nec euismod scelerisque quam turpis adipiscing lorem vitae', 0),
(75, 54, 48, 'mollis molestie lorem quisque ut erat', 'leo pellentesque ultrices mattis odio donec vitae nisi nam ultrices', 0),
(76, 5, 23, 'eget vulputate ut ultrices', 'ultrices posuere cubilia curae mauris viverra diam vitae quam suspendisse', 0),
(77, 78, 81, 'rutrum rutrum neque aenean auctor gravida sem', 'ante nulla justo aliquam quis turpis eget elit sodales scelerisque mauris sit amet eros suspendisse accumsan tortor quis turpis sed ante vivamus tortor duis mattis egestas metus', 0),
(78, 10, 64, 'ac lobortis vel dapibus at diam nam', 'malesuada in imperdiet et commodo vulputate justo in blandit ultrices enim lorem ipsum dolor sit amet', 0),
(79, 2, 96, 'hac habitasse platea dictumst morbi vestibulum', 'pede posuere nonummy integer non velit donec diam neque vestibulum eget vulputate ut ultrices vel augue vestibulum ante ipsum primis in faucibus orci luctus et ultrices', 0),
(80, 54, 29, 'aliquet at feugiat non pretium quis', 'eu magna vulputate luctus cum sociis natoque penatibus et magnis dis parturient', 0),
(81, 13, 40, 'libero non mattis pulvinar nulla pede ullamcorper', 'non pretium quis lectus suspendisse potenti in eleifend quam a', 0),
(82, 91, 15, 'erat vestibulum sed magna at nunc commodo', 'pellentesque ultrices phasellus id sapien in sapien iaculis congue vivamus metus arcu adipiscing molestie hendrerit at vulputate vitae nisl aenean lectus pellentesque eget nunc donec quis orci', 0),
(83, 55, 52, 'amet erat nulla tempus vivamus', 'felis eu sapien cursus vestibulum proin eu mi nulla ac enim in tempor turpis nec euismod', 0),
(84, 46, 82, 'morbi vel lectus in quam', 'ante ipsum primis in faucibus orci luctus et ultrices posuere', 0),
(85, 75, 9, 'sodales scelerisque mauris sit', 'aliquam non mauris morbi non lectus aliquam sit amet diam in magna bibendum imperdiet nullam orci pede venenatis non sodales sed tincidunt eu felis fusce posuere felis sed', 0),
(86, 45, 79, 'tincidunt ante vel ipsum', 'eros vestibulum ac est lacinia nisi venenatis tristique fusce congue diam id ornare imperdiet sapien urna pretium nisl ut volutpat sapien arcu', 0),
(87, 31, 92, 'duis bibendum morbi non quam nec', 'in consequat ut nulla sed accumsan felis ut at dolor quis odio consequat varius integer ac leo pellentesque ultrices mattis odio donec vitae nisi nam ultrices libero non', 0),
(88, 86, 79, 'erat nulla tempus vivamus in felis eu', 'iaculis congue vivamus metus arcu adipiscing molestie hendrerit at vulputate vitae nisl aenean lectus pellentesque eget nunc donec quis orci', 0),
(89, 42, 80, 'a pede posuere nonummy integer non', 'vel lectus in quam fringilla rhoncus mauris enim leo rhoncus sed vestibulum sit amet cursus id turpis integer aliquet massa id', 0),
(90, 88, 72, 'massa quis augue luctus tincidunt nulla', 'vestibulum sed magna at nunc commodo placerat praesent blandit nam nulla integer pede justo lacinia eget tincidunt eget tempus vel pede morbi porttitor', 0),
(91, 34, 84, 'dapibus at diam nam tristique tortor eu', 'enim sit amet nunc viverra dapibus nulla suscipit ligula in lacus curabitur at ipsum ac tellus', 0),
(92, 96, 63, 'rhoncus mauris enim leo rhoncus', 'a pede posuere nonummy integer non velit donec diam neque vestibulum eget', 0),
(93, 25, 14, 'non quam nec dui luctus rutrum', 'vitae quam suspendisse potenti nullam porttitor lacus at turpis donec posuere', 0),
(94, 42, 30, 'quam a odio in', 'lacinia eget tincidunt eget tempus vel pede morbi porttitor lorem', 0),
(95, 23, 11, 'justo pellentesque viverra pede ac', 'odio cras mi pede malesuada in imperdiet et commodo vulputate justo in blandit ultrices', 0),
(96, 15, 10, 'donec odio justo sollicitudin ut', 'etiam justo etiam pretium iaculis justo in hac habitasse platea dictumst etiam faucibus cursus', 0),
(97, 51, 82, 'ultricies eu nibh quisque', 'ut massa volutpat convallis morbi odio odio elementum eu interdum eu tincidunt in leo maecenas pulvinar lobortis est phasellus sit amet erat nulla tempus vivamus', 0),
(98, 77, 48, 'rhoncus aliquet pulvinar sed nisl nunc', 'convallis morbi odio odio elementum eu interdum eu tincidunt in leo maecenas pulvinar lobortis est phasellus sit amet erat nulla tempus vivamus in felis eu', 0),
(99, 56, 30, 'quam sapien varius ut blandit non interdum', 'vestibulum aliquet ultrices erat tortor sollicitudin mi sit amet lobortis sapien sapien non mi integer ac neque duis bibendum morbi non quam nec', 0),
(100, 21, 42, 'nulla nunc purus phasellus', 'posuere cubilia curae mauris viverra diam vitae quam suspendisse potenti nullam porttitor lacus at turpis donec posuere metus vitae ipsum aliquam non mauris morbi non lectus', 0);

-- --------------------------------------------------------

--
-- Estructura de tabla para la tabla `problemas_usuarios`
--

CREATE TABLE `problemas_usuarios` (
  `problema_usuario_id` int(11) NOT NULL,
  `usuario_id` int(11) NOT NULL,
  `p_u_asunto` varchar(75) NOT NULL,
  `p_u_descripcion` varchar(300) NOT NULL,
  `p_u_resuelto` tinyint(4) NOT NULL
) ENGINE=InnoDB DEFAULT CHARSET=utf8;

--
-- Volcado de datos para la tabla `problemas_usuarios`
--

INSERT INTO `problemas_usuarios` (`problema_usuario_id`, `usuario_id`, `p_u_asunto`, `p_u_descripcion`, `p_u_resuelto`) VALUES
(1, 20, 'lacus at velit vivamus', 'eget vulputate ut ultrices vel augue vestibulum ante ipsum primis in faucibus orci luctus et ultrices posuere cubilia curae donec pharetra magna vestibulum aliquet ultrices erat tortor sollicitudin mi sit amet lobortis sapien sapien non mi integer ac neque duis bibendum morbi non quam', 0),
(1, 53, 'ultrices vel augue vestibulum ante', 'imperdiet sapien urna pretium nisl ut volutpat sapien arcu sed augue aliquam erat', 0),
(2, 53, 'vestibulum vestibulum ante ipsum primis', 'condimentum neque sapien placerat ante nulla justo aliquam quis turpis eget elit sodales scelerisque mauris sit amet eros suspendisse accumsan tortor quis turpis sed', 0),
(3, 7, 'habitasse platea dictumst maecenas ut massa quis', 'id ornare imperdiet sapien urna pretium nisl ut volutpat sapien arcu sed augue aliquam erat volutpat in', 0),
(3, 35, 'luctus ultricies eu nibh', 'a nibh in quis justo maecenas rhoncus aliquam lacus morbi quis tortor id nulla ultrices aliquet', 0),
(4, 36, 'ut dolor morbi vel lectus in quam', 'tincidunt ante vel ipsum praesent blandit lacinia erat vestibulum sed magna at nunc commodo placerat praesent blandit nam nulla integer pede justo lacinia eget tincidunt eget tempus vel pede morbi porttitor lorem id ligula suspendisse ornare consequat lectus in est risus auctor sed tristique', 0),
(4, 79, 'cursus urna ut tellus nulla', 'vestibulum quam sapien varius ut blandit non interdum in ante vestibulum ante ipsum primis in faucibus orci luctus et', 0),
(5, 35, 'quam turpis adipiscing lorem vitae', 'in felis donec semper sapien a libero nam dui proin leo odio porttitor id consequat in consequat ut nulla', 0),
(5, 57, 'vitae consectetuer eget rutrum at lorem integer', 'mauris vulputate elementum nullam varius nulla facilisi cras non velit nec nisi vulputate nonummy maecenas tincidunt lacus at velit vivamus vel nulla eget eros elementum pellentesque quisque porta', 0),
(6, 26, 'mauris viverra diam vitae quam suspendisse', 'volutpat eleifend donec ut dolor morbi vel lectus in quam', 0),
(6, 57, 'sed tincidunt eu felis fusce', 'nulla eget eros elementum pellentesque quisque porta volutpat erat quisque erat eros viverra eget congue eget semper', 0),
(7, 44, 'dignissim vestibulum vestibulum ante ipsum primis in', 'mi in porttitor pede justo eu massa donec dapibus duis at velit eu est congue elementum in hac habitasse platea dictumst morbi vestibulum velit id pretium iaculis diam erat fermentum justo nec condimentum neque sapien placerat ante nulla justo', 0),
(7, 51, 'ac leo pellentesque ultrices mattis odio donec', 'dapibus nulla suscipit ligula in lacus curabitur at ipsum ac tellus semper interdum mauris', 0),
(8, 21, 'dictumst morbi vestibulum velit id pretium', 'odio condimentum id luctus nec molestie sed justo pellentesque viverra pede ac diam cras pellentesque volutpat dui maecenas tristique est et tempus semper est', 0),
(9, 52, 'gravida sem praesent id', 'sollicitudin mi sit amet lobortis sapien sapien non mi integer ac neque duis bibendum morbi non quam', 0),
(9, 85, 'quis tortor id nulla ultrices aliquet', 'amet consectetuer adipiscing elit proin interdum mauris non ligula pellentesque ultrices phasellus id sapien in sapien iaculis congue vivamus metus arcu adipiscing molestie hendrerit at vulputate vitae nisl aenean lectus pellentesque eget nunc donec quis', 0),
(10, 16, 'rutrum rutrum neque aenean auctor gravida', 'velit eu est congue elementum in hac habitasse platea dictumst morbi vestibulum velit id pretium iaculis diam erat fermentum justo nec', 0),
(11, 5, 'hendrerit at vulputate vitae nisl', 'quis orci nullam molestie nibh in lectus pellentesque at nulla suspendisse potenti cras in purus eu magna vulputate luctus cum sociis natoque penatibus et magnis', 0),
(11, 28, 'integer ac neque duis', 'sit amet consectetuer adipiscing elit proin risus praesent lectus vestibulum quam sapien varius ut blandit non', 0),
(12, 50, 'pellentesque viverra pede ac diam', 'morbi odio odio elementum eu interdum eu tincidunt in leo maecenas pulvinar lobortis est phasellus sit amet erat nulla tempus vivamus in felis eu sapien cursus vestibulum proin eu mi nulla ac enim in tempor turpis nec euismod scelerisque quam turpis', 0),
(12, 90, 'consequat lectus in est risus', 'quam a odio in hac habitasse platea dictumst maecenas ut massa quis augue luctus tincidunt nulla mollis molestie lorem quisque ut', 0),
(13, 5, 'tempus vivamus in felis eu', 'eu orci mauris lacinia sapien quis libero nullam sit amet turpis elementum ligula vehicula consequat morbi a ipsum integer a nibh in quis justo maecenas rhoncus aliquam lacus morbi quis', 0),
(13, 64, 'curae mauris viverra diam vitae', 'aliquet at feugiat non pretium quis lectus suspendisse potenti in eleifend quam a odio in hac habitasse platea dictumst maecenas ut massa quis augue luctus tincidunt nulla mollis molestie lorem quisque ut erat curabitur gravida nisi at', 0),
(14, 43, 'in est risus auctor sed tristique', 'quis orci nullam molestie nibh in lectus pellentesque at nulla suspendisse potenti cras', 0),
(15, 10, 'nunc proin at turpis a pede posuere', 'vestibulum sagittis sapien cum sociis natoque penatibus et magnis dis parturient montes nascetur ridiculus mus etiam vel augue vestibulum rutrum rutrum neque aenean auctor gravida sem praesent', 0),
(16, 61, 'cras pellentesque volutpat dui maecenas tristique', 'non interdum in ante vestibulum ante ipsum primis in faucibus orci luctus et ultrices posuere cubilia', 0),
(17, 68, 'pharetra magna vestibulum aliquet ultrices', 'duis faucibus accumsan odio curabitur convallis duis consequat dui nec nisi', 0),
(17, 90, 'potenti nullam porttitor lacus at', 'non mi integer ac neque duis bibendum morbi non quam nec dui luctus rutrum', 0),
(18, 39, 'enim blandit mi in', 'id nisl venenatis lacinia aenean sit amet justo morbi ut odio cras mi pede malesuada in imperdiet et commodo vulputate justo in blandit ultrices enim lorem ipsum dolor sit', 0),
(18, 40, 'amet justo morbi ut odio', 'tortor sollicitudin mi sit amet lobortis sapien sapien non mi integer ac neque duis bibendum morbi non quam nec dui luctus rutrum nulla tellus in sagittis dui vel nisl duis', 0),
(19, 75, 'tristique tortor eu pede', 'convallis nulla neque libero convallis eget eleifend luctus ultricies eu nibh quisque id justo sit amet sapien dignissim vestibulum vestibulum ante ipsum primis in faucibus orci luctus et ultrices posuere cubilia curae nulla dapibus', 0),
(19, 76, 'ultrices posuere cubilia curae donec pharetra', 'dictumst etiam faucibus cursus urna ut tellus nulla ut erat id mauris vulputate elementum nullam varius nulla facilisi cras', 0),
(20, 20, 'nulla eget eros elementum pellentesque quisque porta', 'nulla suspendisse potenti cras in purus eu magna vulputate luctus cum sociis natoque penatibus et magnis dis parturient montes nascetur ridiculus mus', 0),
(21, 2, 'mus vivamus vestibulum sagittis sapien cum sociis', 'vulputate ut ultrices vel augue vestibulum ante ipsum primis in faucibus orci luctus et ultrices posuere cubilia curae donec pharetra magna vestibulum aliquet ultrices erat', 0),
(21, 25, 'sagittis dui vel nisl duis ac nibh', 'turpis enim blandit mi in porttitor pede justo eu massa donec dapibus duis at velit eu est congue elementum in hac habitasse platea dictumst morbi vestibulum velit id pretium iaculis diam erat fermentum justo nec condimentum', 0),
(22, 39, 'duis ac nibh fusce lacus', 'integer ac neque duis bibendum morbi non quam nec dui luctus rutrum nulla tellus in sagittis dui vel nisl duis ac nibh fusce lacus purus aliquet at feugiat non', 0),
(23, 6, 'felis donec semper sapien', 'at nibh in hac habitasse platea dictumst aliquam augue quam sollicitudin vitae consectetuer', 0),
(23, 35, 'vestibulum sit amet cursus id turpis', 'venenatis turpis enim blandit mi in porttitor pede justo eu massa donec dapibus duis at velit eu', 0),
(24, 71, 'tempus sit amet sem fusce consequat', 'faucibus orci luctus et ultrices posuere cubilia curae mauris viverra diam vitae quam suspendisse potenti nullam porttitor lacus at turpis donec', 0),
(25, 47, 'turpis integer aliquet massa id lobortis convallis', 'nullam porttitor lacus at turpis donec posuere metus vitae ipsum aliquam non mauris morbi non', 0),
(25, 73, 'nonummy integer non velit', 'integer ac neque duis bibendum morbi non quam nec dui luctus rutrum nulla tellus in sagittis dui vel nisl duis ac', 0),
(26, 20, 'sapien urna pretium nisl ut volutpat', 'nisl nunc rhoncus dui vel sem sed sagittis nam congue risus semper porta', 0),
(27, 83, 'blandit non interdum in', 'non quam nec dui luctus rutrum nulla tellus in sagittis dui vel nisl duis ac nibh fusce lacus purus aliquet at feugiat non pretium quis lectus suspendisse potenti in', 0),
(28, 34, 'amet eros suspendisse accumsan tortor quis turpis', 'duis mattis egestas metus aenean fermentum donec ut mauris eget massa', 0),
(29, 33, 'duis aliquam convallis nunc', 'quam fringilla rhoncus mauris enim leo rhoncus sed vestibulum sit amet cursus', 0),
(30, 19, 'suspendisse potenti cras in', 'in lectus pellentesque at nulla suspendisse potenti cras in purus eu magna vulputate luctus cum sociis natoque penatibus', 0),
(30, 92, 'morbi non lectus aliquam sit amet', 'donec diam neque vestibulum eget vulputate ut ultrices vel augue vestibulum ante ipsum primis in faucibus orci luctus et ultrices posuere cubilia curae donec pharetra magna vestibulum aliquet', 0),
(31, 19, 'in hac habitasse platea dictumst morbi', 'ultrices posuere cubilia curae donec pharetra magna vestibulum aliquet ultrices erat tortor sollicitudin mi sit amet lobortis sapien sapien non', 0),
(32, 4, 'odio in hac habitasse', 'semper sapien a libero nam dui proin leo odio porttitor id consequat in', 0),
(33, 35, 'lobortis convallis tortor risus dapibus', 'platea dictumst etiam faucibus cursus urna ut tellus nulla ut erat id mauris vulputate elementum nullam varius nulla facilisi', 0),
(33, 43, 'praesent id massa id', 'ac nulla sed vel enim sit amet nunc viverra dapibus nulla suscipit ligula in lacus curabitur at ipsum ac tellus semper interdum mauris ullamcorper purus sit amet nulla quisque arcu libero rutrum ac lobortis', 0),
(34, 44, 'morbi ut odio cras mi', 'dui maecenas tristique est et tempus semper est quam pharetra magna ac consequat metus sapien ut nunc vestibulum ante ipsum primis in faucibus orci luctus et ultrices posuere cubilia curae mauris viverra diam vitae quam suspendisse', 0),
(34, 66, 'sed vel enim sit amet nunc viverra', 'aliquet massa id lobortis convallis tortor risus dapibus augue vel accumsan tellus nisi eu orci mauris lacinia sapien quis libero nullam sit amet turpis elementum', 0),
(35, 6, 'vehicula condimentum curabitur in libero ut massa', 'id luctus nec molestie sed justo pellentesque viverra pede ac diam cras pellentesque volutpat dui maecenas tristique est et tempus', 0),
(35, 7, 'pellentesque ultrices mattis odio donec vitae nisi', 'quam sapien varius ut blandit non interdum in ante vestibulum ante ipsum primis in faucibus orci luctus et ultrices posuere cubilia curae duis faucibus accumsan odio curabitur convallis duis consequat dui nec nisi volutpat eleifend donec ut dolor morbi vel lectus in quam', 0),
(36, 36, 'lacus at velit vivamus', 'morbi vel lectus in quam fringilla rhoncus mauris enim leo rhoncus sed vestibulum sit amet cursus id turpis integer', 0),
(36, 65, 'integer ac leo pellentesque ultrices mattis odio', 'non velit nec nisi vulputate nonummy maecenas tincidunt lacus at velit vivamus vel nulla eget eros elementum pellentesque quisque porta volutpat erat', 0),
(37, 61, 'et eros vestibulum ac est lacinia', 'penatibus et magnis dis parturient montes nascetur ridiculus mus vivamus vestibulum sagittis sapien cum sociis natoque penatibus et magnis', 0),
(37, 67, 'congue elementum in hac habitasse platea', 'sed justo pellentesque viverra pede ac diam cras pellentesque volutpat dui maecenas tristique est et tempus semper est quam pharetra', 0),
(38, 19, 'in faucibus orci luctus et ultrices posuere', 'est risus auctor sed tristique in tempus sit amet sem fusce consequat nulla nisl nunc nisl duis bibendum felis sed interdum venenatis turpis enim blandit mi in porttitor', 0),
(38, 24, 'posuere felis sed lacus morbi sem mauris', 'donec semper sapien a libero nam dui proin leo odio porttitor id consequat in consequat ut nulla sed accumsan felis ut at dolor quis odio consequat varius integer ac', 0),
(39, 8, 'facilisi cras non velit', 'pellentesque eget nunc donec quis orci eget orci vehicula condimentum curabitur in libero ut massa volutpat convallis morbi odio odio elementum eu interdum eu tincidunt in leo maecenas pulvinar lobortis est phasellus sit amet erat nulla tempus vivamus in felis eu sapien cursus vestibulum proin', 0),
(39, 73, 'vulputate justo in blandit ultrices enim', 'scelerisque mauris sit amet eros suspendisse accumsan tortor quis turpis sed ante vivamus', 0),
(40, 82, 'interdum venenatis turpis enim blandit', 'mauris ullamcorper purus sit amet nulla quisque arcu libero rutrum ac lobortis vel dapibus at diam nam tristique tortor eu', 0),
(41, 78, 'et ultrices posuere cubilia curae', 'aliquam erat volutpat in congue etiam justo etiam pretium iaculis justo in hac', 0),
(41, 90, 'donec posuere metus vitae ipsum', 'fermentum justo nec condimentum neque sapien placerat ante nulla justo aliquam quis turpis eget elit sodales scelerisque mauris sit amet eros suspendisse', 0),
(42, 60, 'quam suspendisse potenti nullam porttitor lacus', 'vestibulum sed magna at nunc commodo placerat praesent blandit nam nulla integer pede justo lacinia eget tincidunt eget tempus vel pede morbi porttitor lorem id ligula suspendisse ornare consequat lectus in est risus auctor sed', 0),
(42, 96, 'convallis tortor risus dapibus augue', 'praesent id massa id nisl venenatis lacinia aenean sit amet justo morbi ut odio cras mi pede malesuada in imperdiet et', 0),
(43, 78, 'massa tempor convallis nulla neque', 'rutrum at lorem integer tincidunt ante vel ipsum praesent blandit lacinia erat vestibulum sed magna at nunc commodo placerat praesent blandit nam nulla integer pede justo lacinia eget tincidunt eget tempus vel pede morbi porttitor lorem id ligula suspendisse', 0),
(43, 98, 'ligula nec sem duis', 'nascetur ridiculus mus vivamus vestibulum sagittis sapien cum sociis natoque penatibus et magnis dis parturient montes nascetur ridiculus mus etiam vel augue vestibulum rutrum rutrum neque aenean auctor', 0),
(44, 43, 'donec ut dolor morbi vel lectus', 'id lobortis convallis tortor risus dapibus augue vel accumsan tellus nisi', 0),
(44, 50, 'ac consequat metus sapien', 'nunc rhoncus dui vel sem sed sagittis nam congue risus semper porta volutpat quam pede lobortis ligula sit amet eleifend pede libero quis orci nullam molestie nibh in lectus', 0),
(45, 25, 'elit ac nulla sed', 'pretium iaculis diam erat fermentum justo nec condimentum neque sapien placerat ante nulla justo aliquam quis', 0),
(46, 46, 'congue eget semper rutrum nulla nunc', 'in felis donec semper sapien a libero nam dui proin leo odio porttitor id consequat in consequat ut', 0),
(47, 72, 'eros viverra eget congue', 'mauris morbi non lectus aliquam sit amet diam in magna bibendum imperdiet nullam', 0),
(48, 22, 'quis turpis eget elit sodales scelerisque mauris', 'quis turpis sed ante vivamus tortor duis mattis egestas metus aenean fermentum donec ut mauris eget massa tempor convallis nulla neque libero', 0),
(48, 57, 'nulla tellus in sagittis dui', 'amet consectetuer adipiscing elit proin interdum mauris non ligula pellentesque ultrices phasellus id sapien in sapien iaculis congue', 0),
(49, 4, 'cubilia curae duis faucibus accumsan', 'ut volutpat sapien arcu sed augue aliquam erat volutpat in congue etiam justo', 0),
(49, 97, 'donec vitae nisi nam', 'lobortis sapien sapien non mi integer ac neque duis bibendum morbi non quam nec dui luctus rutrum nulla tellus in sagittis dui vel nisl duis ac nibh fusce lacus purus aliquet at feugiat non pretium quis lectus suspendisse potenti in eleifend quam a odio in hac habitasse', 0),
(50, 51, 'morbi odio odio elementum', 'sit amet turpis elementum ligula vehicula consequat morbi a ipsum integer a nibh in quis justo maecenas rhoncus aliquam lacus morbi quis tortor id nulla ultrices aliquet maecenas leo odio', 0),
(51, 48, 'etiam justo etiam pretium iaculis', 'elit sodales scelerisque mauris sit amet eros suspendisse accumsan tortor quis turpis sed ante vivamus tortor duis mattis egestas metus aenean fermentum donec ut mauris eget massa tempor convallis nulla neque libero convallis eget eleifend luctus ultricies eu nibh quisque id', 0),
(51, 69, 'interdum eu tincidunt in leo maecenas', 'nam congue risus semper porta volutpat quam pede lobortis ligula sit amet eleifend pede libero quis orci nullam molestie nibh in lectus pellentesque at', 0),
(52, 77, 'sit amet diam in magna', 'justo in hac habitasse platea dictumst etiam faucibus cursus urna ut tellus', 0),
(52, 79, 'lobortis convallis tortor risus dapibus augue vel', 'tristique est et tempus semper est quam pharetra magna ac consequat metus sapien ut nunc vestibulum ante ipsum primis in faucibus orci luctus et', 0),
(53, 43, 'in eleifend quam a odio', 'gravida nisi at nibh in hac habitasse platea dictumst aliquam augue quam sollicitudin vitae consectetuer eget rutrum at lorem integer tincidunt ante vel ipsum praesent', 0),
(54, 79, 'curabitur gravida nisi at', 'consequat in consequat ut nulla sed accumsan felis ut at dolor quis odio consequat varius integer ac leo pellentesque ultrices mattis odio donec vitae nisi nam', 0),
(54, 81, 'nisi at nibh in', 'habitasse platea dictumst morbi vestibulum velit id pretium iaculis diam erat fermentum justo nec condimentum neque sapien placerat ante nulla justo aliquam quis turpis eget', 0),
(55, 40, 'felis fusce posuere felis', 'faucibus cursus urna ut tellus nulla ut erat id mauris vulputate elementum nullam varius nulla facilisi cras non velit nec nisi vulputate nonummy maecenas tincidunt lacus at velit vivamus vel nulla eget eros', 0),
(55, 67, 'praesent blandit nam nulla integer pede justo', 'ac nibh fusce lacus purus aliquet at feugiat non pretium quis lectus suspendisse potenti in eleifend quam a odio in hac habitasse platea dictumst maecenas', 0),
(56, 70, 'ac nibh fusce lacus', 'augue vestibulum ante ipsum primis in faucibus orci luctus et ultrices posuere cubilia curae donec pharetra magna vestibulum aliquet ultrices erat tortor sollicitudin mi sit', 0),
(57, 15, 'dui vel nisl duis', 'fusce congue diam id ornare imperdiet sapien urna pretium nisl ut volutpat sapien arcu sed augue aliquam erat volutpat in congue etiam justo etiam pretium iaculis justo', 0),
(57, 35, 'donec dapibus duis at velit eu est', 'erat quisque erat eros viverra eget congue eget semper rutrum nulla nunc purus phasellus in felis donec semper sapien a libero nam dui proin leo odio porttitor id consequat in consequat ut nulla sed accumsan felis ut at dolor quis odio consequat varius integer ac leo', 0),
(58, 21, 'tincidunt lacus at velit vivamus vel nulla', 'orci vehicula condimentum curabitur in libero ut massa volutpat convallis morbi odio odio elementum eu interdum eu tincidunt in leo maecenas pulvinar lobortis est phasellus sit', 0),
(58, 35, 'nunc commodo placerat praesent blandit nam', 'nisl nunc rhoncus dui vel sem sed sagittis nam congue risus semper porta volutpat', 0),
(59, 32, 'erat nulla tempus vivamus', 'ut rhoncus aliquet pulvinar sed nisl nunc rhoncus dui vel sem sed sagittis nam congue risus semper porta volutpat quam pede', 0),
(59, 43, 'vestibulum rutrum rutrum neque aenean', 'nascetur ridiculus mus vivamus vestibulum sagittis sapien cum sociis natoque penatibus et magnis dis parturient montes nascetur ridiculus mus etiam vel augue vestibulum rutrum rutrum neque aenean auctor gravida sem', 0),
(60, 48, 'curae nulla dapibus dolor vel', 'mi pede malesuada in imperdiet et commodo vulputate justo in blandit ultrices enim lorem ipsum dolor sit amet consectetuer adipiscing elit proin interdum mauris non ligula pellentesque', 0),
(60, 97, 'vel accumsan tellus nisi eu orci mauris', 'phasellus sit amet erat nulla tempus vivamus in felis eu sapien cursus vestibulum proin eu mi nulla ac', 0),
(61, 6, 'nulla dapibus dolor vel est donec odio', 'pharetra magna ac consequat metus sapien ut nunc vestibulum ante ipsum primis in faucibus orci luctus et ultrices posuere cubilia curae mauris viverra diam vitae quam suspendisse potenti', 0),
(61, 54, 'nunc rhoncus dui vel sem sed', 'habitasse platea dictumst morbi vestibulum velit id pretium iaculis diam erat fermentum justo nec condimentum neque sapien placerat ante nulla justo aliquam quis turpis eget elit sodales scelerisque mauris sit amet eros suspendisse accumsan tortor quis turpis sed ante vivamus tortor duis mattis', 0),
(62, 89, 'sed vestibulum sit amet cursus', 'quis orci nullam molestie nibh in lectus pellentesque at nulla', 0),
(63, 54, 'sit amet consectetuer adipiscing', 'at velit vivamus vel nulla eget eros elementum pellentesque quisque porta volutpat erat', 0),
(63, 89, 'ipsum ac tellus semper interdum', 'maecenas rhoncus aliquam lacus morbi quis tortor id nulla ultrices aliquet maecenas leo odio condimentum id luctus nec molestie sed justo pellentesque viverra pede ac diam cras', 0),
(64, 50, 'in sagittis dui vel nisl duis ac', 'vestibulum quam sapien varius ut blandit non interdum in ante vestibulum ante ipsum primis in faucibus orci luctus et ultrices posuere', 0),
(64, 66, 'justo aliquam quis turpis eget elit sodales', 'sit amet consectetuer adipiscing elit proin interdum mauris non ligula pellentesque ultrices', 0),
(65, 27, 'pellentesque at nulla suspendisse potenti cras', 'justo pellentesque viverra pede ac diam cras pellentesque volutpat dui maecenas tristique est et tempus semper est quam pharetra magna', 0),
(65, 87, 'nisl nunc nisl duis bibendum felis', 'iaculis congue vivamus metus arcu adipiscing molestie hendrerit at vulputate vitae nisl aenean lectus pellentesque eget nunc donec quis orci eget orci', 0),
(66, 3, 'id turpis integer aliquet', 'nulla elit ac nulla sed vel enim sit amet nunc viverra dapibus nulla suscipit ligula in lacus curabitur at ipsum ac tellus semper interdum', 0),
(67, 47, 'quam suspendisse potenti nullam porttitor lacus', 'amet justo morbi ut odio cras mi pede malesuada in imperdiet et commodo vulputate justo in blandit ultrices enim lorem ipsum dolor sit amet consectetuer adipiscing elit', 0),
(68, 29, 'urna ut tellus nulla ut erat id', 'nulla nunc purus phasellus in felis donec semper sapien a libero nam dui proin leo odio porttitor id consequat in consequat ut nulla sed accumsan felis ut at dolor quis odio consequat varius integer', 0),
(68, 61, 'in consequat ut nulla sed', 'a libero nam dui proin leo odio porttitor id consequat', 0),
(69, 36, 'in magna bibendum imperdiet nullam', 'faucibus orci luctus et ultrices posuere cubilia curae duis faucibus accumsan odio curabitur convallis duis consequat dui nec', 0),
(69, 82, 'nisl aenean lectus pellentesque eget nunc', 'in faucibus orci luctus et ultrices posuere cubilia curae mauris viverra diam vitae quam suspendisse potenti nullam porttitor lacus at turpis donec posuere metus vitae ipsum aliquam non mauris morbi non lectus aliquam sit amet diam in magna bibendum imperdiet nullam orci pede venenatis non sodales', 0),
(70, 77, 'sapien arcu sed augue', 'adipiscing elit proin risus praesent lectus vestibulum quam sapien varius ut blandit non interdum in ante vestibulum', 0),
(71, 28, 'a feugiat et eros', 'ipsum primis in faucibus orci luctus et ultrices posuere cubilia curae mauris viverra', 0),
(71, 91, 'orci luctus et ultrices posuere cubilia curae', 'pellentesque ultrices phasellus id sapien in sapien iaculis congue vivamus metus arcu adipiscing molestie', 0),
(72, 54, 'dui vel nisl duis ac', 'turpis eget elit sodales scelerisque mauris sit amet eros suspendisse accumsan tortor quis turpis sed ante', 0),
(72, 79, 'iaculis justo in hac', 'tristique in tempus sit amet sem fusce consequat nulla nisl nunc nisl duis bibendum felis sed interdum venenatis turpis enim blandit mi in porttitor pede justo eu massa donec dapibus duis at velit eu est congue elementum in hac habitasse platea', 0),
(73, 29, 'quam sapien varius ut', 'sapien cursus vestibulum proin eu mi nulla ac enim in tempor turpis nec euismod scelerisque quam turpis adipiscing lorem vitae mattis', 0),
(74, 52, 'pellentesque viverra pede ac diam', 'posuere metus vitae ipsum aliquam non mauris morbi non lectus aliquam sit amet', 0),
(74, 67, 'congue etiam justo etiam pretium', 'ligula in lacus curabitur at ipsum ac tellus semper interdum mauris ullamcorper purus sit amet nulla quisque arcu libero rutrum ac lobortis vel dapibus at diam nam tristique tortor eu pede', 0),
(75, 21, 'elementum in hac habitasse platea dictumst', 'ultrices erat tortor sollicitudin mi sit amet lobortis sapien sapien non mi integer ac neque duis bibendum morbi non quam nec dui luctus', 0),
(75, 28, 'at nunc commodo placerat', 'porttitor lorem id ligula suspendisse ornare consequat lectus in est risus', 0),
(76, 16, 'in ante vestibulum ante', 'suspendisse potenti in eleifend quam a odio in hac habitasse platea dictumst maecenas ut massa quis augue luctus tincidunt nulla mollis molestie lorem', 0),
(76, 72, 'sit amet sapien dignissim vestibulum vestibulum ante', 'cubilia curae mauris viverra diam vitae quam suspendisse potenti nullam porttitor lacus at turpis donec posuere metus vitae ipsum aliquam non mauris morbi non lectus aliquam sit amet diam', 0),
(77, 11, 'vestibulum ac est lacinia', 'dolor sit amet consectetuer adipiscing elit proin interdum mauris non ligula pellentesque ultrices phasellus id sapien in sapien iaculis congue vivamus metus arcu adipiscing molestie hendrerit at vulputate vitae nisl aenean lectus pellentesque eget nunc', 0),
(77, 23, 'sed tincidunt eu felis fusce', 'fermentum donec ut mauris eget massa tempor convallis nulla neque libero convallis eget eleifend luctus', 0),
(78, 40, 'nisl nunc nisl duis bibendum felis', 'est risus auctor sed tristique in tempus sit amet sem fusce consequat nulla nisl nunc nisl duis', 0),
(79, 3, 'ut mauris eget massa tempor', 'erat tortor sollicitudin mi sit amet lobortis sapien sapien non mi integer ac neque duis bibendum morbi non quam nec dui luctus rutrum', 0),
(80, 35, 'ut odio cras mi', 'aliquam augue quam sollicitudin vitae consectetuer eget rutrum at lorem integer tincidunt ante vel ipsum praesent blandit', 0),
(81, 52, 'erat id mauris vulputate', 'lacus morbi quis tortor id nulla ultrices aliquet maecenas leo', 0),
(81, 77, 'quis libero nullam sit', 'suspendisse potenti cras in purus eu magna vulputate luctus cum sociis natoque penatibus et magnis dis parturient', 0),
(82, 46, 'interdum in ante vestibulum ante ipsum primis', 'amet justo morbi ut odio cras mi pede malesuada in imperdiet et commodo vulputate justo in blandit ultrices enim', 0),
(82, 55, 'ornare imperdiet sapien urna pretium nisl', 'in purus eu magna vulputate luctus cum sociis natoque penatibus et magnis dis parturient montes nascetur ridiculus mus vivamus', 0),
(83, 12, 'varius nulla facilisi cras non velit', 'donec diam neque vestibulum eget vulputate ut ultrices vel augue vestibulum ante ipsum primis in faucibus orci luctus et ultrices posuere cubilia curae donec pharetra magna', 0),
(83, 75, 'justo morbi ut odio cras', 'sit amet consectetuer adipiscing elit proin risus praesent lectus vestibulum quam sapien varius ut blandit non', 0),
(84, 35, 'arcu sed augue aliquam erat', 'vulputate elementum nullam varius nulla facilisi cras non velit nec nisi vulputate nonummy maecenas tincidunt lacus at velit vivamus vel nulla eget eros', 0),
(84, 99, 'interdum mauris non ligula pellentesque', 'placerat ante nulla justo aliquam quis turpis eget elit sodales scelerisque mauris sit amet eros suspendisse accumsan tortor', 0),
(85, 28, 'ligula suspendisse ornare consequat lectus in est', 'dui vel sem sed sagittis nam congue risus semper porta volutpat quam pede lobortis ligula', 0),
(85, 98, 'dictumst maecenas ut massa quis augue', 'volutpat convallis morbi odio odio elementum eu interdum eu tincidunt in', 0),
(86, 94, 'eu nibh quisque id', 'sapien cum sociis natoque penatibus et magnis dis parturient montes nascetur ridiculus mus etiam vel augue vestibulum rutrum rutrum neque aenean auctor gravida sem praesent id massa id', 0),
(87, 3, 'purus phasellus in felis donec semper sapien', 'pede venenatis non sodales sed tincidunt eu felis fusce posuere felis sed lacus morbi sem mauris laoreet ut rhoncus aliquet pulvinar sed nisl nunc rhoncus', 0),
(87, 48, 'ac leo pellentesque ultrices', 'massa tempor convallis nulla neque libero convallis eget eleifend luctus ultricies eu nibh quisque id justo sit amet sapien dignissim vestibulum', 0),
(88, 38, 'tortor id nulla ultrices aliquet maecenas', 'non lectus aliquam sit amet diam in magna bibendum imperdiet nullam orci pede venenatis non sodales sed tincidunt eu felis fusce posuere felis sed lacus morbi sem mauris laoreet ut rhoncus aliquet pulvinar sed nisl nunc', 0),
(88, 66, 'pede ac diam cras pellentesque volutpat dui', 'sed interdum venenatis turpis enim blandit mi in porttitor pede justo eu massa donec dapibus duis at velit eu est congue elementum in hac habitasse platea dictumst morbi vestibulum velit', 0),
(89, 20, 'molestie hendrerit at vulputate vitae nisl aenean', 'consectetuer eget rutrum at lorem integer tincidunt ante vel ipsum praesent blandit lacinia erat vestibulum sed magna at nunc commodo placerat praesent blandit nam', 0),
(89, 51, 'massa id lobortis convallis tortor', 'curae nulla dapibus dolor vel est donec odio justo sollicitudin ut suscipit a feugiat et eros vestibulum ac est lacinia nisi venenatis tristique fusce congue diam id', 0),
(90, 84, 'et eros vestibulum ac', 'dolor sit amet consectetuer adipiscing elit proin risus praesent lectus vestibulum quam sapien varius ut blandit non interdum in ante vestibulum ante ipsum primis in faucibus orci luctus', 0),
(91, 43, 'lectus in est risus auctor', 'a pede posuere nonummy integer non velit donec diam neque vestibulum eget vulputate ut ultrices vel augue vestibulum ante ipsum primis in faucibus orci luctus et ultrices posuere cubilia curae donec pharetra magna vestibulum aliquet ultrices erat tortor sollicitudin mi sit', 0),
(91, 85, 'in eleifend quam a odio in hac', 'amet sapien dignissim vestibulum vestibulum ante ipsum primis in faucibus orci luctus et', 0),
(92, 20, 'curae duis faucibus accumsan odio curabitur', 'ullamcorper augue a suscipit nulla elit ac nulla sed vel enim sit amet nunc viverra dapibus nulla suscipit ligula in lacus', 0),
(93, 44, 'aliquet massa id lobortis convallis tortor', 'aliquam non mauris morbi non lectus aliquam sit amet diam in magna bibendum imperdiet nullam orci pede', 0),
(93, 61, 'proin interdum mauris non ligula pellentesque', 'ornare consequat lectus in est risus auctor sed tristique in tempus sit amet sem fusce consequat nulla nisl nunc nisl duis bibendum felis sed interdum venenatis turpis enim blandit mi in porttitor pede justo eu massa donec dapibus duis at velit eu est congue elementum', 0),
(94, 57, 'id luctus nec molestie sed', 'primis in faucibus orci luctus et ultrices posuere cubilia curae duis faucibus accumsan odio curabitur convallis duis consequat dui nec nisi volutpat eleifend donec ut dolor morbi vel', 0),
(95, 43, 'amet nulla quisque arcu libero', 'ac consequat metus sapien ut nunc vestibulum ante ipsum primis in faucibus orci luctus et ultrices posuere cubilia curae', 0),
(95, 59, 'lacinia eget tincidunt eget tempus vel pede', 'in hac habitasse platea dictumst aliquam augue quam sollicitudin vitae consectetuer eget rutrum at lorem', 0),
(96, 44, 'blandit non interdum in ante vestibulum ante', 'nibh in lectus pellentesque at nulla suspendisse potenti cras in purus eu magna vulputate luctus cum sociis natoque penatibus et magnis dis parturient', 0),
(96, 66, 'magna vestibulum aliquet ultrices erat tortor', 'quisque erat eros viverra eget congue eget semper rutrum nulla nunc purus phasellus in felis donec semper sapien a', 0),
(97, 99, 'nulla elit ac nulla', 'odio odio elementum eu interdum eu tincidunt in leo maecenas pulvinar lobortis est phasellus sit', 0),
(98, 6, 'parturient montes nascetur ridiculus', 'integer pede justo lacinia eget tincidunt eget tempus vel pede morbi porttitor lorem id ligula suspendisse ornare consequat lectus in est risus auctor sed tristique in tempus sit amet sem fusce consequat nulla nisl nunc nisl duis bibendum felis sed interdum venenatis', 0),
(98, 38, 'eleifend pede libero quis orci nullam', 'volutpat sapien arcu sed augue aliquam erat volutpat in congue etiam', 0),
(99, 37, 'sed tincidunt eu felis fusce posuere', 'ligula sit amet eleifend pede libero quis orci nullam molestie nibh in lectus pellentesque at nulla suspendisse potenti cras in purus eu magna vulputate luctus cum sociis natoque penatibus', 0),
(99, 80, 'nulla ultrices aliquet maecenas leo', 'sed vestibulum sit amet cursus id turpis integer aliquet massa id lobortis convallis tortor risus dapibus augue vel accumsan tellus nisi eu orci mauris', 0),
(100, 30, 'mauris viverra diam vitae quam suspendisse', 'iaculis congue vivamus metus arcu adipiscing molestie hendrerit at vulputate vitae nisl aenean lectus pellentesque eget nunc donec quis', 0),
(100, 74, 'vestibulum vestibulum ante ipsum primis in', 'et eros vestibulum ac est lacinia nisi venenatis tristique fusce congue diam id ornare imperdiet sapien urna pretium nisl ut volutpat sapien arcu sed augue aliquam erat volutpat', 0);

-- --------------------------------------------------------

--
-- Estructura de tabla para la tabla `puestos`
--

CREATE TABLE `puestos` (
  `puesto_id` int(11) NOT NULL,
  `puesto_nombre` varchar(100) COLLATE utf8_bin NOT NULL
) ENGINE=InnoDB DEFAULT CHARSET=utf8 COLLATE=utf8_bin;

--
-- Volcado de datos para la tabla `puestos`
--

INSERT INTO `puestos` (`puesto_id`, `puesto_nombre`) VALUES
(1, 'Enfermera General'),
(2, 'Enfermera Especialista'),
(3, 'Enfermera Especialista En Pediatria'),
(4, 'Enfermera Especialista En Salud Publica'),
(5, 'Enfermera Especialista En Cuidados Intensivos'),
(6, 'Enfermera Especialista Quirurgica'),
(7, 'Enfermera Especialistaen Salud Mental'),
(8, 'Enfermera Especialista En Atencion Primaria De La Salud'),
(9, 'Enfermera Especialista En Atencion Materno Infantil'),
(10, 'Enfermera Especialista En Nefrologia'),
(11, 'Enfermera Especialista En Oncologia'),
(12, 'Enfermera Especialista En Geriatria'),
(13, 'Enfermera Jefe De Piso'),
(14, 'Auxiliar De Enfermera General'),
(15, 'Auxiliar De Enfermera En Salud Publica'),
(16, 'Enfermera Especialista En Medicina De Familia'),
(17, 'Enfermera Jefe De Piso En Medicina De Familia'),
(18, 'Camillero De Unidades Hospitalarias'),
(19, 'Auxiliar De Farmacia'),
(20, 'Oficial De Farmacia'),
(21, 'Coordinador De Farmacia'),
(22, 'Preparador De Recetas'),
(23, 'Preparador Despachador'),
(24, 'Jefe De Turno'),
(25, 'Quimico Responsable'),
(26, 'Auxiliar De Laboratorio'),
(27, 'Laboratorista'),
(28, 'Citotecnologo'),
(29, 'Biologo'),
(30, 'Quimico Clinico'),
(31, 'Quimico Clinico Jefe De Seccion'),
(32, 'Estomatologo'),
(33, 'Cirujano Maxilo Facial'),
(34, 'Medico General'),
(35, 'Medico Familiar'),
(36, 'Jefe De Grupo De Medicos Familiares'),
(37, 'Medico No Familiar'),
(38, 'Nutricionista Dietista'),
(39, 'Especialista En Nutricion Y Dietetica'),
(40, 'Nutriologo Clinico Especializado'),
(41, 'Educadora'),
(42, 'Oficial De Puericultura'),
(43, 'Tecnico De Puericultura'),
(44, 'Asistente De Guyarderia'),
(45, 'Asistente Administrativo De Guarderia'),
(46, 'Orientador'),
(47, 'Auxiliar Tecnico De Actuariados Social'),
(48, 'Oficial Tecnico De Actuariado Social'),
(49, 'Tecnico De Actuariado Social'),
(50, 'Actuario Social Matematico'),
(51, 'Psicologo'),
(52, 'Psicologo Clinico'),
(53, 'Sociologo'),
(54, 'Auxiliar De Soporte Tecnico En Informatica'),
(55, 'Oficial De Soporte Tecnico En Informatica'),
(56, 'Coordinador De Soporte Tecnico En Informatica'),
(57, 'Trabajadora Social'),
(58, 'Trabajador Social Clinico'),
(59, 'Tecnico Anestesista'),
(60, 'Bibliotecario'),
(61, 'Tecnico De Bibliotecas'),
(62, 'Asistente De Bibliotecario'),
(63, 'Dibujante C'),
(64, 'Dibujante B'),
(65, 'Dibujante A'),
(66, 'Enfermera Para El Traslado De Pacientes De Urgencia'),
(67, 'Enfermera Para El Traslado De Pacientes De Terapia Intensiva'),
(68, 'Tecnico Operador De Transporte De Pacientes De Urgencia'),
(69, 'Tecnico Operador De Transporte De Pacientes De Terapia Intensiva'),
(70, 'Medico Para El Traslado De Pacientes De Urgencia'),
(71, 'Medico Para El Traslado De Pacientes De Terapia Intensiva'),
(72, 'Tecnico En Microfotografia'),
(73, 'Tecnico Radiologo'),
(74, 'Tecnico En Medicina Nuclear'),
(75, 'Electrocardiografista'),
(76, 'Terapista Ocupacional'),
(77, 'Psicomera'),
(78, 'Masajista'),
(79, 'Fonoaudiologo'),
(80, 'Terapista Fisico'),
(81, 'Histotecnologo'),
(82, 'Inhaloterapeuta'),
(83, 'Optometrista'),
(84, 'Ortopedista'),
(85, 'Radioterapeuta'),
(86, 'Heliografista'),
(87, 'Auxiliar Tecnico En Servicios De Dietologia'),
(88, 'Tecnico En El Manejo De Aparatos Para Electrodiagnostico'),
(89, 'Operador De Maquinas De Revelado Automatico'),
(90, 'Ayudante De Autopsias'),
(91, 'Tecnico Yesista'),
(92, 'Cuidador De Animales De Laboratorio'),
(93, 'Promotor De Salud Comunitaria'),
(94, 'Auxiliar De Almacen'),
(95, 'Oficial De Almacen'),
(96, 'Coordinador De Almacen'),
(97, 'Jefe De Grupo De Almacen'),
(98, 'Especialista De Almacen'),
(99, 'Cajera En Tiendas'),
(100, 'Operador General En Tiendas'),
(101, 'Jefe De Linea En Tiendas'),
(102, 'Ayudante Cajero B'),
(103, 'Ayudante Cajero A'),
(104, 'Cajero D'),
(105, 'Cajero C'),
(106, 'Cajero B'),
(107, 'Tecnico En Telecomunicaciones A'),
(108, 'Tecnico En Telecomunicaciones B'),
(109, 'Tecnico En Telecomunicaciones C'),
(110, 'Operador Telefonico A'),
(111, 'Operador Telefonico B'),
(112, 'Operador Telefonico C'),
(113, 'Coordinador De Operadores Telefonicos'),
(114, 'Auxiliar Universal De Oficinas'),
(115, 'Oficial De Tesoreria'),
(116, 'Oficial De Servicios Tecnicos'),
(117, 'Oficial De Servicios Administrativos'),
(118, 'Oficial De Personal'),
(119, 'Oficial De Estadistica'),
(120, 'Oficial De Contabilidad'),
(121, 'Oficial De Procesamiento De Datos'),
(122, 'Coordinador De Tesoreria'),
(123, 'Coordinador De Servicios Tecnicos'),
(124, 'Coordinador De Servicios Admisnitrativos'),
(125, 'Coordinador De Personal'),
(126, 'Coordinador De Estadistica'),
(127, 'Coordinador De Contabilidad'),
(128, 'Coordinador De Procesamiento De Datos'),
(129, 'Jefe De Grupo De Tesoreria'),
(130, 'Jefe De Grupo De Servicios Tecnicos'),
(131, 'Jefe De Grupo De Servicios Administrativos'),
(132, 'Jefe De Grupo De Personal'),
(133, 'Jefe De Grupo De Estadistica'),
(134, 'Jefe De Grupo De Contabilidad'),
(135, 'Jefe De Grupo De Procesamiento De Datos'),
(136, 'Especialista De Tesoreria'),
(137, 'Especialista De Servicios Tecnicos'),
(138, 'Especialista De Servicios Administrativos'),
(139, 'Especialista De Personal'),
(140, 'Especialista De Estadistica'),
(141, 'Especialista De Contabilidad'),
(142, 'Especialista De Procesamiento De Datos'),
(143, 'Mensajero'),
(144, 'Jefe De Oficina A'),
(145, 'Jefe Tecnico De Cobranza Y Adeudos'),
(146, 'Jefe De Grupo De Servicios De Personal'),
(147, 'Auxiliar De Servicios Administrativos'),
(148, 'Asistente Medica'),
(149, 'Coordinadora De Asistente Medicas'),
(150, 'Auxiliar De Servicios De Intendencia'),
(151, 'Ayudante De Servicios De Intendencia'),
(152, 'Oficial De Servicios De Intendencia'),
(153, 'Auxiliar De Limpieza E Higiene En Unidades Medicas Y No Medicas'),
(154, 'Ayudante De Limpieza E Higiene En Unidades Medicas Y No Medicas'),
(155, 'Operador De Servicios De Lavanderia'),
(156, 'Oficial De Servicios De Lavanderia'),
(157, 'Intendente'),
(158, 'Elevadorista'),
(159, 'Peluquero'),
(160, 'Tecnico Polivalente'),
(161, 'Tecnico Elcetricista'),
(162, 'Tecnico Mecanico'),
(163, 'Tecnico Plomero'),
(164, 'Tecnico Electronico'),
(165, 'Tecnico A En Aire Acondicionado Y Refrigeracion'),
(166, 'Tecnico A En Equipos Medicos'),
(167, 'Tecnico A En Telecomunicaciones'),
(168, 'Tecnico A En Plantas De Lavado'),
(169, 'Tecnico A En Fluidos Y Energeticos'),
(170, 'Tecnico En Equipos Reciprocantes'),
(171, 'Tecnico B En Equipos Medicos'),
(172, 'Tecnico B En Telecomunicaciones'),
(173, 'Tecnico B En Plantas De Lavado'),
(174, 'Tecnico B En Fluidos Y Energeticos'),
(175, 'Tecnico En Equipos De Turbocentrifugo'),
(176, 'Tecnico En Equipos Helicoidal'),
(177, 'Tecnico En Equipos De Absorcion'),
(178, 'Tecnico En Mecanica Y Fluidos Y Especialidades'),
(179, 'Tecnico En Elecrtonica Medica Y Laboratorio'),
(180, 'Tecnico En Equipos De Rayos X'),
(181, 'Tecnico C En Telecomunicaciones'),
(182, 'Tecnico C En Plantas De Lavado'),
(183, 'Tecnico C En Fluidos Y Energeticos'),
(184, 'Especialista En Equipos De Aire Acondionado Y Refrigeracion'),
(185, 'Especialista En Equipos De Mecanica Y Fluiods'),
(186, 'Especialista En Equipos De Especialidades'),
(187, 'Especialista En Equipos De Electronica Medica'),
(188, 'Especialista En Equipos De Laboratorio'),
(189, 'Especialista En Equipos De Rayos X'),
(190, 'Especialista En Plantas De Lavado'),
(191, 'Especialista En Fluidos Y Energeticos'),
(192, 'Machetero'),
(193, 'Operador B De Intercomunicaciones Neumatica'),
(194, 'Operador A De Intercomunicaciones Neumatica'),
(195, 'Manejador De Alimentos De Los Servicios De Nutricion Y Dietetica'),
(196, 'Cocinero Tecnico 2do De Los Servicios De Nutricion Y Dietetica'),
(197, 'Cocinero Tecnico 1ro De Los Servicios De Nutricion Y Dietetica'),
(198, 'Operador De Ambulancias'),
(199, 'Chofer'),
(200, 'Motociclista'),
(201, 'Controlador De Vehiculos'),
(202, 'Orientadora De Actividades Familiares'),
(203, 'Orientadora De Actividades Artisticas: Ramo Danza Regional'),
(204, 'Orientador De Actividades Artisticas: Ramo Maestro De Musica'),
(205, 'Orientador De Actividades Artisticas: Ramo Arte Dramatico'),
(206, 'Orientador De Actividades Artisticas: Ramo Artes Plasticas'),
(207, 'Orientador De Iniciacion Cultural'),
(208, 'Orientador Tecnico Medico'),
(209, 'Auxiliar De Orientador Tecnico Medico'),
(210, 'Orientador De Educacion Fisica'),
(211, 'Profesor De Educacion Fisica A'),
(212, 'Profesor De Educacion Fisica B'),
(213, 'Profesor De Educacion Fisica C'),
(214, 'Auxiliar De Trabajo Social'),
(215, 'Guradavidas'),
(216, 'Auxiliar De Adiministracion En Hospital Rural'),
(217, 'Auxiliar De Enfermera General En Hr'),
(218, 'Auxiliar De Enfermera General En Unidad Medica Rural'),
(219, 'Auxiliar De Servicios Generales En Hospital Rural'),
(220, 'Estomatologo En Hospital Rural'),
(221, 'Operador De Servicios Auxiliares Laboratorio En Hospital Rural A'),
(222, 'Medico General U Med 80'),
(223, 'Medico No Familiar En Hospital Rural'),
(224, 'Operador De Mantenimiento En Hospital Rural'),
(225, 'Auxiliar De Area Medica U Med 80'),
(226, 'Enfermera General En Hospital Rural'),
(227, 'Enfermera Especialista Quirurgica En Hospital Rural'),
(228, 'Laboratorista En Hospital Rural'),
(229, 'Nutricionista Dietista En Hospital Rural'),
(230, 'Operador De Servicios Auxiliares Laboratorio En Hospital Rural B'),
(231, 'Trabajadora Sicuak En Hospital Rural'),
(232, 'Citotecnologo En Hospital Rural');

-- --------------------------------------------------------

--
-- Estructura de tabla para la tabla `tareas`
--

CREATE TABLE `tareas` (
  `tarea_id` int(11) NOT NULL,
  `curso_id` int(11) NOT NULL,
  `tarea_nombre` varchar(70) NOT NULL,
  `tarea_fecha_subida` date NOT NULL,
  `tarea_fecha_limite` date NOT NULL,
  `tarea_hora_limite` time NOT NULL,
  `tarea_descripcion` varchar(300) NOT NULL,
  `tarea_atemporal` tinyint(4) NOT NULL
) ENGINE=InnoDB DEFAULT CHARSET=utf8;

--
-- Volcado de datos para la tabla `tareas`
--

INSERT INTO `tareas` (`tarea_id`, `curso_id`, `tarea_nombre`, `tarea_fecha_subida`, `tarea_fecha_limite`, `tarea_hora_limite`, `tarea_descripcion`, `tarea_atemporal`) VALUES
(1, 43, 'donec dapibus duis at velit eu est', '2020-11-26', '2020-11-09', '16:06:53', 'justo pellentesque viverra pede ac diam cras pellentesque volutpat dui maecenas tristique est et tempus semper est', 0),
(2, 70, 'lacus morbi quis tortor id', '2020-11-15', '2020-07-28', '07:22:07', 'quam suspendisse potenti nullam porttitor lacus at turpis donec posuere metus vitae', 0),
(3, 2, 'consequat metus sapien ut nunc vestibulum ante', '2020-10-31', '2020-08-01', '06:39:02', 'ipsum aliquam non mauris morbi non lectus aliquam sit amet diam in magna bibendum imperdiet nullam orci pede venenatis non', 0),
(4, 48, 'curae donec pharetra magna vestibulum', '2020-12-10', '2020-06-09', '21:44:58', 'vestibulum proin eu mi nulla ac enim in tempor turpis nec euismod scelerisque quam turpis adipiscing lorem vitae mattis nibh', 0),
(5, 4, 'morbi vestibulum velit id', '2020-10-11', '2020-05-31', '06:06:00', 'cum sociis natoque penatibus et magnis dis parturient montes nascetur ridiculus mus vivamus vestibulum sagittis sapien cum sociis natoque penatibus', 0),
(6, 17, 'mauris ullamcorper purus sit', '2020-11-07', '2020-08-17', '22:16:41', 'sapien varius ut blandit non interdum in ante vestibulum ante ipsum primis in', 0),
(7, 6, 'dis parturient montes nascetur ridiculus mus', '2020-12-02', '2020-10-09', '03:49:16', 'diam cras pellentesque volutpat dui maecenas tristique est et tempus semper est', 0),
(8, 38, 'vestibulum vestibulum ante ipsum primis in', '2020-11-03', '2020-09-07', '14:49:36', 'condimentum neque sapien placerat ante nulla justo aliquam quis turpis eget elit sodales scelerisque', 0),
(9, 99, 'magna bibendum imperdiet nullam orci', '2020-12-14', '2020-08-29', '02:44:23', 'amet justo morbi ut odio cras mi pede malesuada in imperdiet', 0),
(10, 52, 'vel enim sit amet', '2020-11-27', '2020-06-03', '08:13:12', 'luctus et ultrices posuere cubilia curae donec pharetra magna vestibulum aliquet ultrices', 0),
(11, 20, 'justo nec condimentum neque sapien placerat', '2020-10-13', '2021-02-10', '17:58:28', 'blandit mi in porttitor pede justo eu massa donec dapibus', 0),
(12, 96, 'placerat praesent blandit nam nulla', '2020-12-03', '2020-11-21', '21:54:19', 'ac nulla sed vel enim sit amet nunc viverra dapibus nulla suscipit ligula in lacus curabitur', 0),
(13, 78, 'nulla tellus in sagittis dui', '2020-10-04', '2020-08-31', '19:22:07', 'fusce congue diam id ornare imperdiet sapien urna pretium nisl ut volutpat sapien arcu sed', 0),
(14, 85, 'nisl ut volutpat sapien arcu', '2020-11-08', '2020-04-02', '00:13:12', 'pharetra magna ac consequat metus sapien ut nunc vestibulum ante ipsum primis', 0),
(15, 63, 'cras non velit nec nisi', '2020-11-27', '2020-01-23', '14:55:26', 'maecenas leo odio condimentum id luctus nec molestie sed justo pellentesque viverra pede', 0),
(16, 3, 'luctus et ultrices posuere', '2020-12-29', '2021-02-07', '16:51:27', 'adipiscing elit proin interdum mauris non ligula pellentesque ultrices phasellus id sapien in sapien iaculis congue vivamus', 0),
(17, 78, 'viverra diam vitae quam suspendisse potenti', '2020-11-18', '2021-02-25', '02:11:14', 'ligula pellentesque ultrices phasellus id sapien in sapien iaculis congue vivamus metus arcu adipiscing molestie hendrerit at vulputate vitae', 0),
(18, 66, 'velit donec diam neque vestibulum eget', '2020-10-27', '2020-08-30', '20:18:48', 'vivamus metus arcu adipiscing molestie hendrerit at vulputate vitae nisl aenean lectus pellentesque eget nunc donec quis', 0),
(19, 30, 'ac leo pellentesque ultrices', '2020-12-27', '2020-03-07', '19:38:32', 'lacus morbi sem mauris laoreet ut rhoncus aliquet pulvinar sed nisl nunc rhoncus dui vel sem sed sagittis', 0),
(20, 23, 'sed tristique in tempus', '2020-11-10', '2020-08-05', '16:07:40', 'in lacus curabitur at ipsum ac tellus semper interdum mauris ullamcorper purus sit amet nulla quisque', 0),
(21, 13, 'mus etiam vel augue vestibulum rutrum', '2020-12-01', '2020-09-01', '19:40:12', 'sit amet justo morbi ut odio cras mi pede malesuada in imperdiet et commodo vulputate', 0),
(22, 54, 'magna vulputate luctus cum', '2020-11-27', '2020-01-04', '10:28:09', 'aliquam quis turpis eget elit sodales scelerisque mauris sit amet', 0),
(23, 25, 'nulla sed accumsan felis ut at dolor', '2020-10-21', '2020-01-09', '14:36:34', 'scelerisque mauris sit amet eros suspendisse accumsan tortor quis turpis sed ante vivamus tortor duis mattis egestas metus', 0),
(24, 25, 'at nunc commodo placerat praesent', '2020-12-17', '2020-04-15', '09:47:26', 'leo odio condimentum id luctus nec molestie sed justo pellentesque viverra pede ac', 0),
(25, 24, 'massa donec dapibus duis at velit', '2020-12-11', '2020-04-08', '08:34:27', 'vestibulum eget vulputate ut ultrices vel augue vestibulum ante ipsum primis', 0),
(26, 53, 'viverra pede ac diam', '2020-10-15', '2020-11-23', '12:45:56', 'elementum eu interdum eu tincidunt in leo maecenas pulvinar lobortis est phasellus', 0),
(27, 81, 'velit vivamus vel nulla', '2020-11-24', '2020-06-12', '06:35:24', 'mauris lacinia sapien quis libero nullam sit amet turpis elementum ligula vehicula consequat morbi', 0),
(28, 17, 'volutpat sapien arcu sed augue', '2020-10-01', '2021-01-12', '03:20:10', 'aliquet massa id lobortis convallis tortor risus dapibus augue vel accumsan tellus', 0),
(29, 9, 'justo lacinia eget tincidunt eget', '2020-11-15', '2021-02-20', '11:46:02', 'in libero ut massa volutpat convallis morbi odio odio elementum eu interdum eu tincidunt in leo maecenas pulvinar lobortis', 0),
(30, 53, 'augue vel accumsan tellus nisi', '2020-11-05', '2020-10-28', '14:05:37', 'augue a suscipit nulla elit ac nulla sed vel enim', 0),
(31, 9, 'tellus in sagittis dui vel nisl', '2020-12-13', '2020-03-17', '14:51:36', 'libero nullam sit amet turpis elementum ligula vehicula consequat morbi a ipsum integer a nibh in quis justo maecenas rhoncus', 0),
(32, 61, 'nulla quisque arcu libero rutrum ac lobortis', '2020-10-28', '2020-09-24', '23:25:49', 'sapien placerat ante nulla justo aliquam quis turpis eget elit sodales scelerisque mauris sit', 0),
(33, 31, 'bibendum imperdiet nullam orci pede venenatis non', '2020-10-27', '2020-07-24', '19:53:36', 'augue vel accumsan tellus nisi eu orci mauris lacinia sapien quis libero', 0),
(34, 29, 'odio odio elementum eu interdum', '2020-12-23', '2020-09-24', '20:38:52', 'eleifend pede libero quis orci nullam molestie nibh in lectus pellentesque at', 0),
(35, 40, 'diam neque vestibulum eget vulputate', '2020-11-30', '2021-02-19', '00:13:39', 'donec ut mauris eget massa tempor convallis nulla neque libero convallis eget eleifend luctus', 0),
(36, 34, 'nisi vulputate nonummy maecenas tincidunt lacus at', '2020-11-27', '2020-03-13', '04:24:16', 'viverra eget congue eget semper rutrum nulla nunc purus phasellus', 0),
(37, 35, 'hac habitasse platea dictumst maecenas ut', '2020-11-07', '2020-09-26', '22:48:07', 'eros vestibulum ac est lacinia nisi venenatis tristique fusce congue diam id ornare', 0),
(38, 41, 'phasellus sit amet erat nulla tempus', '2020-11-09', '2020-09-28', '15:43:23', 'ac nibh fusce lacus purus aliquet at feugiat non pretium', 0),
(39, 50, 'tristique fusce congue diam id ornare', '2020-10-02', '2021-02-26', '13:41:02', 'maecenas pulvinar lobortis est phasellus sit amet erat nulla tempus vivamus', 0),
(40, 68, 'enim lorem ipsum dolor sit', '2020-11-07', '2020-01-10', '01:12:29', 'quis augue luctus tincidunt nulla mollis molestie lorem quisque ut erat curabitur', 0),
(41, 43, 'mus etiam vel augue vestibulum rutrum', '2020-12-03', '2021-02-02', '12:16:36', 'nulla pede ullamcorper augue a suscipit nulla elit ac nulla sed vel enim sit amet nunc viverra dapibus nulla suscipit', 0),
(42, 67, 'est quam pharetra magna', '2020-11-21', '2021-01-06', '14:14:20', 'erat nulla tempus vivamus in felis eu sapien cursus vestibulum proin eu mi nulla ac', 0),
(43, 37, 'massa id lobortis convallis tortor', '2020-12-21', '2020-02-14', '12:48:54', 'consectetuer eget rutrum at lorem integer tincidunt ante vel ipsum praesent blandit lacinia erat vestibulum sed magna', 0),
(44, 51, 'turpis sed ante vivamus', '2020-10-15', '2020-06-22', '22:24:44', 'massa donec dapibus duis at velit eu est congue elementum in hac habitasse platea dictumst', 0),
(45, 77, 'odio donec vitae nisi nam ultrices', '2020-12-08', '2020-04-10', '22:35:46', 'curabitur at ipsum ac tellus semper interdum mauris ullamcorper purus sit amet nulla quisque arcu libero', 0),
(46, 14, 'amet justo morbi ut odio', '2020-12-30', '2020-05-30', '01:30:00', 'fermentum justo nec condimentum neque sapien placerat ante nulla justo aliquam quis turpis eget elit sodales', 0),
(47, 60, 'ridiculus mus etiam vel augue', '2020-11-13', '2020-12-15', '07:18:11', 'luctus et ultrices posuere cubilia curae nulla dapibus dolor vel est donec odio justo sollicitudin ut suscipit a', 0),
(48, 52, 'dui vel nisl duis ac nibh', '2020-11-02', '2021-01-26', '07:01:11', 'cubilia curae nulla dapibus dolor vel est donec odio justo sollicitudin ut suscipit a feugiat et eros vestibulum ac est', 0),
(49, 38, 'eu est congue elementum in', '2020-12-20', '2020-07-12', '20:26:55', 'elementum in hac habitasse platea dictumst morbi vestibulum velit id pretium iaculis diam erat fermentum justo nec', 0),
(50, 64, 'nullam porttitor lacus at turpis donec', '2020-12-26', '2020-06-08', '01:50:27', 'suspendisse potenti nullam porttitor lacus at turpis donec posuere metus vitae ipsum aliquam non mauris', 0),
(51, 39, 'nascetur ridiculus mus vivamus vestibulum sagittis sapien', '2020-10-28', '2020-08-30', '10:47:13', 'urna pretium nisl ut volutpat sapien arcu sed augue aliquam erat volutpat', 0),
(52, 74, 'velit vivamus vel nulla eget eros', '2020-10-17', '2020-05-02', '17:09:50', 'sit amet justo morbi ut odio cras mi pede malesuada', 0),
(53, 16, 'eget orci vehicula condimentum', '2020-11-08', '2020-11-08', '20:36:34', 'ullamcorper purus sit amet nulla quisque arcu libero rutrum ac lobortis vel dapibus at diam nam tristique tortor', 0),
(54, 18, 'diam cras pellentesque volutpat dui maecenas tristique', '2020-11-07', '2021-02-17', '23:58:27', 'nulla elit ac nulla sed vel enim sit amet nunc viverra dapibus nulla suscipit ligula in', 0),
(55, 72, 'quisque erat eros viverra eget congue eget', '2020-12-26', '2021-01-26', '21:22:01', 'sed tristique in tempus sit amet sem fusce consequat nulla nisl nunc nisl duis bibendum felis sed', 0),
(56, 56, 'eros vestibulum ac est', '2020-11-05', '2020-08-11', '03:24:57', 'pellentesque at nulla suspendisse potenti cras in purus eu magna vulputate luctus', 0),
(57, 69, 'pretium quis lectus suspendisse potenti in', '2020-10-04', '2020-08-26', '22:18:33', 'pede lobortis ligula sit amet eleifend pede libero quis orci nullam molestie nibh in lectus pellentesque at nulla', 0),
(58, 59, 'habitasse platea dictumst maecenas', '2020-10-10', '2020-03-01', '17:32:36', 'potenti cras in purus eu magna vulputate luctus cum sociis natoque penatibus et magnis', 0),
(59, 16, 'vel accumsan tellus nisi eu orci', '2020-10-23', '2020-11-30', '22:24:48', 'erat curabitur gravida nisi at nibh in hac habitasse platea dictumst aliquam augue quam', 0),
(60, 42, 'sit amet justo morbi ut odio cras', '2020-10-24', '2020-08-14', '23:27:18', 'viverra eget congue eget semper rutrum nulla nunc purus phasellus in felis donec semper', 0),
(61, 90, 'at turpis a pede', '2020-10-29', '2020-10-29', '11:59:32', 'vestibulum aliquet ultrices erat tortor sollicitudin mi sit amet lobortis sapien sapien', 0),
(62, 1, 'vel pede morbi porttitor lorem id', '2020-10-18', '2020-07-21', '21:16:00', 'ligula in lacus curabitur at ipsum ac tellus semper interdum mauris ullamcorper purus sit amet nulla quisque arcu libero', 0),
(63, 9, 'praesent lectus vestibulum quam', '2020-10-30', '2021-01-01', '22:34:57', 'parturient montes nascetur ridiculus mus vivamus vestibulum sagittis sapien cum sociis natoque penatibus et', 0),
(64, 72, 'at nibh in hac habitasse platea dictumst', '2020-12-26', '2020-11-30', '12:58:30', 'volutpat dui maecenas tristique est et tempus semper est quam pharetra magna ac consequat metus sapien ut nunc vestibulum', 0),
(65, 82, 'lectus aliquam sit amet diam in', '2020-10-17', '2020-05-19', '06:58:05', 'auctor sed tristique in tempus sit amet sem fusce consequat nulla nisl nunc nisl duis bibendum felis', 0),
(66, 21, 'vulputate elementum nullam varius', '2020-12-29', '2020-11-07', '11:41:39', 'ultrices enim lorem ipsum dolor sit amet consectetuer adipiscing elit proin interdum', 0),
(67, 34, 'nisi vulputate nonummy maecenas', '2020-10-15', '2020-12-03', '14:53:41', 'fusce lacus purus aliquet at feugiat non pretium quis lectus suspendisse potenti in eleifend quam a odio in', 0),
(68, 20, 'consequat in consequat ut nulla sed', '2020-12-20', '2020-08-29', '22:16:56', 'consequat dui nec nisi volutpat eleifend donec ut dolor morbi', 0),
(69, 29, 'felis donec semper sapien', '2020-10-08', '2021-02-12', '01:14:22', 'elementum pellentesque quisque porta volutpat erat quisque erat eros viverra eget congue eget', 0),
(70, 93, 'tellus nulla ut erat', '2020-11-28', '2020-01-21', '07:08:37', 'venenatis tristique fusce congue diam id ornare imperdiet sapien urna pretium nisl ut volutpat sapien', 0),
(71, 92, 'tempus semper est quam pharetra magna ac', '2020-10-14', '2020-10-01', '20:32:16', 'at feugiat non pretium quis lectus suspendisse potenti in eleifend quam a odio', 0),
(72, 57, 'et commodo vulputate justo in blandit ultrices', '2020-10-01', '2020-08-29', '09:20:25', 'ut blandit non interdum in ante vestibulum ante ipsum primis in faucibus', 0),
(73, 54, 'eget nunc donec quis orci eget', '2020-12-30', '2020-10-14', '08:44:55', 'eu mi nulla ac enim in tempor turpis nec euismod scelerisque quam turpis adipiscing lorem', 0),
(74, 85, 'curae nulla dapibus dolor vel est', '2020-12-20', '2020-11-12', '11:07:55', 'nulla nisl nunc nisl duis bibendum felis sed interdum venenatis', 0),
(75, 88, 'pharetra magna vestibulum aliquet ultrices', '2020-12-25', '2020-09-18', '22:22:09', 'consequat morbi a ipsum integer a nibh in quis justo', 0),
(76, 58, 'amet diam in magna bibendum', '2020-12-04', '2020-09-05', '05:41:26', 'ac est lacinia nisi venenatis tristique fusce congue diam id', 0),
(77, 76, 'maecenas ut massa quis', '2020-10-21', '2020-09-14', '18:46:46', 'non velit donec diam neque vestibulum eget vulputate ut ultrices', 0),
(78, 6, 'dictumst morbi vestibulum velit id pretium iaculis', '2020-12-19', '2020-01-02', '19:26:38', 'dignissim vestibulum vestibulum ante ipsum primis in faucibus orci luctus et', 0),
(79, 23, 'ultrices posuere cubilia curae duis faucibus accumsan', '2020-12-26', '2021-01-25', '19:48:08', 'leo odio porttitor id consequat in consequat ut nulla sed accumsan felis ut at dolor quis', 0),
(80, 68, 'lobortis sapien sapien non mi integer', '2020-10-18', '2020-08-30', '01:33:06', 'vehicula consequat morbi a ipsum integer a nibh in quis', 0),
(81, 4, 'arcu libero rutrum ac', '2020-10-03', '2020-03-09', '20:06:59', 'dui luctus rutrum nulla tellus in sagittis dui vel nisl duis ac nibh fusce lacus purus aliquet at feugiat', 0),
(82, 36, 'sed ante vivamus tortor duis mattis egestas', '2021-01-01', '2021-01-01', '00:30:23', 'lacus morbi quis tortor id nulla ultrices aliquet maecenas leo odio condimentum id luctus nec molestie sed', 0),
(83, 93, 'id nisl venenatis lacinia aenean sit', '2020-12-31', '2020-08-22', '05:12:16', 'eleifend pede libero quis orci nullam molestie nibh in lectus pellentesque at nulla suspendisse potenti cras in purus eu', 0),
(84, 5, 'rutrum neque aenean auctor', '2020-12-30', '2020-07-21', '22:28:58', 'metus aenean fermentum donec ut mauris eget massa tempor convallis nulla neque libero convallis eget eleifend luctus ultricies eu nibh', 0),
(85, 54, 'nam congue risus semper porta volutpat', '2020-11-08', '2020-11-10', '22:21:23', 'pede morbi porttitor lorem id ligula suspendisse ornare consequat lectus', 0),
(86, 24, 'facilisi cras non velit nec nisi vulputate', '2020-11-14', '2021-02-04', '20:32:15', 'erat quisque erat eros viverra eget congue eget semper rutrum nulla nunc purus phasellus in felis', 0),
(87, 51, 'curabitur at ipsum ac tellus semper', '2020-12-10', '2020-02-24', '08:34:53', 'ut tellus nulla ut erat id mauris vulputate elementum nullam varius nulla facilisi', 0),
(88, 17, 'pellentesque at nulla suspendisse potenti cras', '2020-12-29', '2020-10-23', '08:10:33', 'nec condimentum neque sapien placerat ante nulla justo aliquam quis turpis eget elit sodales scelerisque mauris sit amet', 0),
(89, 71, 'donec diam neque vestibulum eget vulputate', '2020-10-09', '2021-02-05', '10:55:25', 'faucibus accumsan odio curabitur convallis duis consequat dui nec nisi volutpat eleifend donec ut dolor morbi vel lectus in', 0),
(90, 94, 'vestibulum vestibulum ante ipsum primis in faucibus', '2020-10-03', '2020-04-15', '19:35:54', 'mauris sit amet eros suspendisse accumsan tortor quis turpis sed ante vivamus tortor duis', 0),
(91, 100, 'in faucibus orci luctus', '2020-10-29', '2020-07-31', '08:12:04', 'aliquet massa id lobortis convallis tortor risus dapibus augue vel accumsan tellus nisi eu orci', 0),
(92, 84, 'nibh in hac habitasse', '2020-11-10', '2020-10-08', '11:06:24', 'proin at turpis a pede posuere nonummy integer non velit donec diam neque vestibulum eget vulputate ut ultrices', 0),
(93, 83, 'libero convallis eget eleifend luctus ultricies eu', '2020-11-10', '2020-02-15', '02:39:58', 'dignissim vestibulum vestibulum ante ipsum primis in faucibus orci luctus et ultrices posuere cubilia', 0),
(94, 23, 'consectetuer eget rutrum at lorem integer tincidunt', '2020-11-29', '2020-10-19', '22:20:15', 'nec dui luctus rutrum nulla tellus in sagittis dui vel nisl duis ac nibh fusce lacus purus aliquet at feugiat', 0),
(95, 80, 'aliquam non mauris morbi non lectus', '2020-10-01', '2020-01-10', '23:45:35', 'tincidunt lacus at velit vivamus vel nulla eget eros elementum pellentesque quisque porta volutpat erat quisque erat', 0),
(96, 27, 'volutpat in congue etiam justo etiam', '2020-10-06', '2020-05-27', '00:07:28', 'luctus et ultrices posuere cubilia curae mauris viverra diam vitae quam suspendisse potenti nullam porttitor', 0),
(97, 68, 'neque vestibulum eget vulputate ut', '2020-12-30', '2021-02-27', '21:44:32', 'suspendisse potenti cras in purus eu magna vulputate luctus cum sociis natoque penatibus et magnis dis parturient montes', 0),
(98, 78, 'lorem vitae mattis nibh ligula nec', '2020-10-02', '2021-01-30', '00:48:44', 'turpis enim blandit mi in porttitor pede justo eu massa donec', 0),
(99, 91, 'sit amet sem fusce consequat nulla', '2020-12-10', '2020-04-18', '21:29:47', 'sapien arcu sed augue aliquam erat volutpat in congue etiam justo etiam pretium iaculis', 0),
(100, 66, 'eu nibh quisque id justo', '2020-12-02', '2020-01-19', '08:07:29', 'pellentesque at nulla suspendisse potenti cras in purus eu magna vulputate luctus cum sociis natoque penatibus', 0);

-- --------------------------------------------------------

--
-- Estructura de tabla para la tabla `tareas_estudiantes`
--

CREATE TABLE `tareas_estudiantes` (
  `tarea_estudiante_id` int(11) NOT NULL,
  `estudiante_id` int(11) NOT NULL,
  `tarea_id` int(11) NOT NULL,
  `t_e_aceptable` tinyint(4) NOT NULL DEFAULT 0,
  `t_e_atemporal` tinyint(4) NOT NULL
) ENGINE=InnoDB DEFAULT CHARSET=utf8;

--
-- Volcado de datos para la tabla `tareas_estudiantes`
--

INSERT INTO `tareas_estudiantes` (`tarea_estudiante_id`, `estudiante_id`, `tarea_id`, `t_e_aceptable`, `t_e_atemporal`) VALUES
(1, 1, 13, 0, 1),
(2, 1, 50, 0, 1),
(3, 2, 43, 1, 1),
(4, 3, 47, 0, 0),
(5, 7, 18, 0, 1),
(6, 7, 35, 1, 1),
(7, 8, 89, 1, 1),
(8, 8, 97, 0, 1),
(9, 9, 13, 1, 1),
(10, 9, 96, 0, 0),
(11, 12, 52, 0, 0),
(12, 12, 63, 1, 1),
(13, 12, 74, 0, 1),
(14, 12, 77, 0, 1),
(15, 13, 53, 0, 1),
(16, 14, 15, 1, 0),
(17, 15, 57, 1, 0),
(18, 15, 59, 1, 1),
(19, 15, 82, 0, 1),
(20, 16, 3, 1, 0),
(21, 16, 87, 0, 0),
(22, 20, 42, 0, 0),
(23, 20, 59, 0, 0),
(24, 21, 10, 0, 1),
(25, 21, 15, 1, 0),
(26, 21, 44, 0, 1),
(27, 21, 67, 0, 0),
(28, 22, 98, 1, 0),
(29, 23, 15, 0, 0),
(30, 25, 33, 1, 0),
(31, 26, 21, 1, 0),
(32, 27, 10, 1, 0),
(33, 28, 36, 0, 0),
(34, 28, 71, 0, 0),
(35, 30, 47, 1, 0),
(36, 31, 3, 1, 1),
(37, 31, 59, 0, 1),
(38, 33, 84, 0, 0),
(39, 34, 31, 0, 1),
(40, 34, 80, 1, 0),
(41, 34, 89, 0, 1),
(42, 35, 78, 1, 0),
(43, 36, 1, 1, 1),
(44, 36, 39, 1, 1),
(45, 37, 45, 0, 1),
(46, 40, 6, 0, 1),
(47, 40, 44, 1, 1),
(48, 41, 43, 1, 1),
(49, 41, 66, 0, 0),
(50, 42, 78, 1, 0),
(51, 44, 69, 0, 1),
(52, 44, 94, 0, 0),
(53, 45, 5, 1, 0),
(54, 47, 14, 0, 1),
(55, 50, 1, 0, 0),
(56, 50, 30, 0, 0),
(57, 51, 67, 0, 0),
(58, 54, 22, 1, 1),
(59, 55, 76, 0, 1),
(60, 56, 6, 1, 1),
(61, 56, 78, 1, 0),
(62, 56, 97, 0, 1),
(63, 60, 18, 0, 0),
(64, 60, 28, 0, 1),
(65, 60, 75, 0, 1),
(66, 61, 54, 0, 0),
(67, 62, 60, 1, 0),
(68, 62, 74, 0, 0),
(69, 65, 29, 1, 0),
(70, 65, 99, 1, 1),
(71, 66, 87, 0, 1),
(72, 70, 34, 0, 1),
(73, 70, 90, 1, 0),
(74, 71, 44, 0, 0),
(75, 71, 75, 0, 0),
(76, 71, 94, 0, 1),
(77, 72, 8, 1, 1),
(78, 73, 51, 0, 0),
(79, 77, 49, 0, 0),
(80, 77, 88, 1, 1),
(81, 78, 21, 0, 0),
(82, 78, 94, 1, 0),
(83, 79, 46, 0, 0),
(84, 80, 2, 1, 1),
(85, 80, 28, 1, 1),
(86, 80, 86, 0, 1),
(87, 81, 12, 1, 0),
(88, 81, 24, 0, 0),
(89, 83, 32, 1, 0),
(90, 85, 7, 0, 0),
(91, 85, 25, 0, 1),
(92, 85, 62, 0, 0),
(93, 89, 58, 1, 0),
(94, 89, 60, 1, 0),
(95, 92, 26, 0, 0),
(96, 93, 16, 1, 1),
(97, 94, 5, 1, 0),
(98, 95, 16, 0, 1),
(99, 97, 60, 1, 1),
(100, 99, 68, 0, 1);

-- --------------------------------------------------------

--
-- Estructura de tabla para la tabla `usuarios`
--

CREATE TABLE `usuarios` (
  `usuario_id` int(11) NOT NULL,
  `usuario_correo` varchar(70) NOT NULL,
  `usuario_password` varchar(70) NOT NULL,
  `usuario_codigo_verificacion` varchar(100) DEFAULT NULL
) ENGINE=InnoDB DEFAULT CHARSET=utf8;

--
-- Volcado de datos para la tabla `usuarios`
--

INSERT INTO `usuarios` (`usuario_id`, `usuario_correo`, `usuario_password`, `usuario_codigo_verificacion`) VALUES
(1, 'jkolakovic0@fastcompany.com', 'DphvYpX', '359-50-1731'),
(2, 'rdowthwaite1@toplist.cz', 'ZNJmWvVkj9b', '149-64-5133'),
(3, 'tgreenhill2@usnews.com', '7MtyeLpSR', '504-73-8317'),
(4, 'dtocqueville3@quantcast.com', 'LVRz7Fcq', '116-22-1919'),
(5, 'paubin4@hubpages.com', 'IxqqukL', '333-94-4340'),
(6, 'clidgate5@fc2.com', 'SD1xPr', '143-98-9135'),
(7, 'bweaben6@imgur.com', 'I5FRogJx1lk', '566-54-2879'),
(8, 'drolling7@is.gd', 'hv4ezADmIEkv', '351-11-9578'),
(9, 'mcutler8@intel.com', 'dUlNBN8KhNnQ', '189-66-1492'),
(10, 'ldincey9@imageshack.us', 'EWfSnoEaCm', '869-67-7439'),
(11, 'lavrasina@jigsy.com', '6nsuBz', '458-21-5726'),
(12, 'hgiabuzzib@weather.com', 'eni0HyVoqoJY', '149-56-0433'),
(13, 'bmateuszczykc@pagesperso-orange.fr', 'S96P7KRs', '772-29-5115'),
(14, 'ehalstedd@kickstarter.com', 'suNx3sy3hM', '658-89-8037'),
(15, 'dfurbere@slideshare.net', 'DfjdnvVhef', '695-62-8196'),
(16, 'ddanielsohnf@surveymonkey.com', 'pxfUe9wzv', '476-72-1464'),
(17, 'ahustingsg@blogger.com', 'DnMqWAQcma', '293-92-4947'),
(18, 'gbruggenh@360.cn', 'g80EBtlofR5Z', '831-11-6329'),
(19, 'spratti@creativecommons.org', 'xloT9R', '179-10-2680'),
(20, 'hkelbererj@reddit.com', 'spWVbAw', '795-71-6013'),
(21, 'commundsenk@livejournal.com', 'SyiBGQsEeniR', '375-49-9791'),
(22, 'zsteffanl@ftc.gov', 'BUbVKF', '538-89-5118'),
(23, 'wshierm@admin.ch', '7cqzGK', '552-07-2551'),
(24, 'cmassen@tumblr.com', '1fm4JVDm', '661-18-3148'),
(25, 'shaytoo@rakuten.co.jp', '7iM6Uv', '695-92-9893'),
(26, 'codunniomp@webeden.co.uk', 'CtEpkW', '149-44-8365'),
(27, 'linkpinq@edublogs.org', 'ab2m1LBnBHqR', '632-49-5258'),
(28, 'cmcdermidr@prweb.com', 'thk6pRa0', '722-97-9398'),
(29, 'wamblers@cbc.ca', 'UILp8U1', '706-02-3724'),
(30, 'egrovest@cisco.com', 'K1xhgcrEnWlq', '532-54-7207'),
(31, 'igrimeu@ebay.co.uk', 'JYh8yhc', '145-33-2461'),
(32, 'nomulderrigv@mapy.cz', 'gZb20t5SL', '239-35-7865'),
(33, 'cbeardmorew@behance.net', '9a3Zkz6BN', '440-12-1623'),
(34, 'dvondracekx@blogspot.com', 'IUldewEVYJ', '486-18-0903'),
(35, 'jhachettey@symantec.com', '1HYf4q', '198-93-8361'),
(36, 'mmcelvinez@163.com', 'dSSq04d14', '346-27-8619'),
(37, 'bbilovus10@furl.net', 'CzwxXBEmW', '576-90-7008'),
(38, 'lgantzer11@angelfire.com', 'qO4iYE2s3Zs', '392-83-4190'),
(39, 'tdominik12@paginegialle.it', 'NW5kPbgQOxvg', '597-41-4886'),
(40, 'jgurery13@squarespace.com', 'FifeWYtGSx8', '876-72-7448'),
(41, 'ocargo14@elpais.com', 'wkEeEgm', '676-28-6041'),
(42, 'elaurant15@loc.gov', '8zvIf4', '257-33-2696'),
(43, 'eleuchars16@networkadvertising.org', 'g8tEqbz', '173-48-5121'),
(44, 'ablessed17@csmonitor.com', 'P6dAXotVF1G', '761-12-7302'),
(45, 'bbeeton18@buzzfeed.com', 'ECWXT6', '860-13-3253'),
(46, 'laldwich19@ocn.ne.jp', '0i6vH8HOR', '787-54-0545'),
(47, 'hgerritsma1a@google.it', 'OnOzsQvwR', '510-76-1868'),
(48, 'nox1b@earthlink.net', 'iYOF7Gb1BsK', '711-63-6011'),
(49, 'kpapen1c@bing.com', '68gDto00', '765-88-4805'),
(50, 'dklaggeman1d@sciencedirect.com', 'OC4gktJKsV', '347-15-3565'),
(51, 'fnelmes1e@marketwatch.com', 'reITuAZW4V', '520-27-7395'),
(52, 'mwickersley1f@e-recht24.de', 'QgImKME01Pa', '215-06-9428'),
(53, 'btanti1g@e-recht24.de', 'WAIRLcZYV', '725-95-8479'),
(54, 'mstones1h@marriott.com', 'qAC5LZ4VSc', '779-17-0585'),
(55, 'gcarlick1i@tinypic.com', 'ALOLg2c', '122-64-0580'),
(56, 'lbass1j@techcrunch.com', 'BnjMNAXX', '497-39-7048'),
(57, 'kpiggot1k@go.com', 'RYUFuxB', '880-24-9999'),
(58, 'hbaulcombe1l@pagesperso-orange.fr', '0YWLghSj', '507-40-3144'),
(59, 'kgerwood1m@over-blog.com', 'ZVSZdMEnq', '205-60-6859'),
(60, 'bseefeldt1n@people.com.cn', 'YiXWnQBa', '398-64-1216'),
(61, 'ralliker1o@hhs.gov', 'CZDWJM', '261-92-4087'),
(62, 'rthody1p@amazon.com', 'zEpHw1djdyQ', '524-86-1585'),
(63, 'lsheehan1q@cdbaby.com', 'oTSoDM', '742-34-0538'),
(64, 'ddayly1r@smh.com.au', 'U0Mim4t', '456-67-0516'),
(65, 'wrigolle1s@shutterfly.com', 'VFBrIFvg', '779-65-7631'),
(66, 'cfoxhall1t@marriott.com', 'VK48hDKmaXT7', '781-25-5697'),
(67, 'sthirst1u@odnoklassniki.ru', 'O3QJ4s2', '719-28-5907'),
(68, 'gpiscopello1v@unblog.fr', 'Dyt8yim5uJr', '153-30-4062'),
(69, 'lsywell1w@mediafire.com', '9sDoxpb2bYc0', '584-55-9820'),
(70, 'swiggins1x@aol.com', 'tfRsNqHlcv', '164-70-0157'),
(71, 'hchate1y@themeforest.net', 'oKnzcFH', '593-91-8820'),
(72, 'ayukhov1z@prlog.org', '4NzJAbkE39y', '845-62-9696'),
(73, 'zpiesold20@squarespace.com', 'BX3jgkAh6Ljl', '433-48-1278'),
(74, 'halphege21@cnet.com', 'xwqcAeJbt3Lk', '770-37-3766'),
(75, 'sruttgers22@buzzfeed.com', 'RwjX6YN', '252-03-0282'),
(76, 'aabercrombie23@mtv.com', 'Dd4tA4v57c', '729-09-9197'),
(77, 'tdilkes24@shop-pro.jp', 'GVOXStdpfDSM', '712-53-1509'),
(78, 'vsurmeir25@zdnet.com', 'zJi77V9', '176-63-8365'),
(79, 'lkatt26@weebly.com', 'Qo9Os9S', '463-22-8633'),
(80, 'gblouet27@hhs.gov', 'Y2K4vTv', '122-77-0855'),
(81, 'felleyne28@unblog.fr', '4ugp3rb', '554-65-7337'),
(82, 'wreinbeck29@zdnet.com', 'TqAKYs3', '369-59-7768'),
(83, 'psizzey2a@kickstarter.com', 'Efg1W3p9', '851-61-4369'),
(84, 'lotson2b@google.co.uk', 'RlLz0dWc', '601-46-3346'),
(85, 'aspalding2c@google.it', '4kxfZgxHAr', '197-96-2637'),
(86, 'rbisset2d@rediff.com', 'wMcOQx', '552-51-3629'),
(87, 'cpeers2e@gov.uk', 'vcXPbCU7j4P', '155-62-6779'),
(88, 'kskully2f@europa.eu', 'etk4h8Buvr', '433-70-8741'),
(89, 'mmease2g@dropbox.com', 'QTP9HbOth', '557-82-2361'),
(90, 'ptarquini2h@example.com', 'cuay1E0', '761-68-3930'),
(91, 'hfilde2i@flickr.com', '9MXKM4', '164-37-0201'),
(92, 'csummerley2j@miitbeian.gov.cn', '7GYvNjnu2', '865-51-4735'),
(93, 'hscalera2k@devhub.com', 'goSL3FvBJPt', '477-70-3510'),
(94, 'mcaldecutt2l@wiley.com', 'pK3QH5GOD', '713-14-9858'),
(95, 'emynett2m@cisco.com', 'Ztympah', '895-18-1111'),
(96, 'lbeamiss2n@miibeian.gov.cn', 'WLWQw32dX', '614-99-9102'),
(97, 'taleixo2o@spiegel.de', '3sSIZaJFC', '561-93-3681'),
(98, 'rhoulridge2p@disqus.com', '11VQpCeD', '523-40-2864'),
(99, 'ggarvill2q@oaic.gov.au', 'LHCXZAmP2tX5', '696-54-9234'),
(100, 'crunham2r@irs.gov', 'CnjtCUd', '311-08-4894');

-- --------------------------------------------------------

--
-- Estructura Stand-in para la vista `ver_Credenciales_Usuario`
-- (Véase abajo para la vista actual)
--
CREATE TABLE `ver_Credenciales_Usuario` (
`idUsuario` int(11)
,`correoUsuario` varchar(70)
,`passwordUsuario` varchar(70)
,`tipoUsuario` enum('Administrador','Estudiante','Ponente','Super-Administrador')
);

-- --------------------------------------------------------

--
-- Estructura Stand-in para la vista `ver_Cursos_Actuales_Ponente`
-- (Véase abajo para la vista actual)
--
CREATE TABLE `ver_Cursos_Actuales_Ponente` (
`cursoId` int(11)
,`fotoCurso` varchar(350)
,`nombreCurso` varchar(150)
,`horaInicio` time
,`horarioFin` time
,`numeroDeEstudiantes` bigint(21)
,`capacidadCurso` int(10) unsigned
,`area` varchar(100)
,`tipo` enum('Normativo','Publico')
,`modalidad` varchar(8)
,`idPonente` int(11)
,`estado` tinyint(3) unsigned
,`curso_fecha_fin` date
);

-- --------------------------------------------------------

--
-- Estructura Stand-in para la vista `ver_Cursos_Pasados`
-- (Véase abajo para la vista actual)
--
CREATE TABLE `ver_Cursos_Pasados` (
`ID` int(11)
,`tiempoRestante` int(9)
);

-- --------------------------------------------------------

--
-- Estructura Stand-in para la vista `ver_Cursos_Proximos`
-- (Véase abajo para la vista actual)
--
CREATE TABLE `ver_Cursos_Proximos` (
`ID` int(11)
,`tiempoRestante` int(9)
);

-- --------------------------------------------------------

--
-- Estructura Stand-in para la vista `ver_Datos_Cursos`
-- (Véase abajo para la vista actual)
--
CREATE TABLE `ver_Datos_Cursos` (
`idCurso` int(11)
,`nombreCurso` varchar(150)
,`claveCurso` varchar(50)
,`descripcionCurso` varchar(300)
,`fechaInicioCurso` varchar(10)
,`fechaFinalCurso` varchar(10)
,`horaInicioCurso` varchar(5)
,`horaFinCurso` varchar(5)
,`fechaInscripcionInicioCurso` varchar(10)
,`fechaInscripcionFinalCurso` varchar(10)
,`plataformaCurso` varchar(50)
,`areaCurso` varchar(100)
,`tipoCurso` enum('Normativo','Publico')
,`temarioCurso` varchar(300)
,`modalidadCurso` varchar(8)
,`capacidadCurso` int(10) unsigned
,`Abierto` varchar(2)
,`totalEstudiantesCurso` varbinary(56)
,`linkCursoCurso` varchar(350)
,`linkPlataformaCurso` varchar(350)
,`fotoCurso` varchar(350)
,`nombrePonente` varchar(152)
,`areaPonente` varchar(100)
,`puestoPonente` varchar(100)
,`fotoPonente` varchar(350)
);

-- --------------------------------------------------------

--
-- Estructura Stand-in para la vista `ver_Estados`
-- (Véase abajo para la vista actual)
--
CREATE TABLE `ver_Estados` (
`idEstado` int(11)
,`nombreEstado` varchar(75)
);

-- --------------------------------------------------------

--
-- Estructura Stand-in para la vista `ver_Examenes`
-- (Véase abajo para la vista actual)
--
CREATE TABLE `ver_Examenes` (
`idExamen` int(11)
,`idCurso` int(11)
,`nombreCurso` varchar(150)
,`nombreExamen` varchar(70)
,`linkExamen` varchar(350)
);

-- --------------------------------------------------------

--
-- Estructura Stand-in para la vista `ver_Historial_Cursos`
-- (Véase abajo para la vista actual)
--
CREATE TABLE `ver_Historial_Cursos` (
`areaCurso` varchar(100)
,`totalCursos` bigint(21)
,`ultimaFechaCurso` date
,`activosCurso` decimal(25,0)
);

-- --------------------------------------------------------

--
-- Estructura Stand-in para la vista `ver_Municipios`
-- (Véase abajo para la vista actual)
--
CREATE TABLE `ver_Municipios` (
`idMunicipio` int(11)
,`nombreMunicipio` varchar(75)
);

-- --------------------------------------------------------

--
-- Estructura Stand-in para la vista `ver_Paises`
-- (Véase abajo para la vista actual)
--
CREATE TABLE `ver_Paises` (
`idPais` int(11)
,`nombrePais` varchar(100)
);

-- --------------------------------------------------------

--
-- Estructura Stand-in para la vista `ver_Proximo_Curso`
-- (Véase abajo para la vista actual)
--
CREATE TABLE `ver_Proximo_Curso` (
`ID` int(11)
,`tiempoRestante` int(11)
);

-- --------------------------------------------------------

--
-- Estructura Stand-in para la vista `ver_Puestos`
-- (Véase abajo para la vista actual)
--
CREATE TABLE `ver_Puestos` (
`idPuesto` int(11)
,`nombrePuesto` varchar(100)
);

-- --------------------------------------------------------

--
-- Estructura Stand-in para la vista `ver_Temario_Curso`
-- (Véase abajo para la vista actual)
--
CREATE TABLE `ver_Temario_Curso` (
`cursoID` int(11)
,`cursoTemario` varchar(300)
);

-- --------------------------------------------------------

--
-- Estructura Stand-in para la vista `ver_Total_Usuarios`
-- (Véase abajo para la vista actual)
--
CREATE TABLE `ver_Total_Usuarios` (
`tipoUsuario` enum('Administrador','Estudiante','Ponente','Super-Administrador')
,`totalUsuarios` bigint(21)
);

-- --------------------------------------------------------

--
-- Estructura Stand-in para la vista `ver_Ultimo_Curso`
-- (Véase abajo para la vista actual)
--
CREATE TABLE `ver_Ultimo_Curso` (
`cursoID` bigint(12)
);

-- --------------------------------------------------------

--
-- Estructura Stand-in para la vista `ver_Ultimo_Usuario`
-- (Véase abajo para la vista actual)
--
CREATE TABLE `ver_Ultimo_Usuario` (
`usuarioID` bigint(12)
);

-- --------------------------------------------------------

--
-- Estructura Stand-in para la vista `ver_Usuarios`
-- (Véase abajo para la vista actual)
--
CREATE TABLE `ver_Usuarios` (
`id` int(11)
,`nombres` varchar(50)
,`pApellido` varchar(50)
,`sApellido` varchar(50)
,`correo` varchar(70)
,`matricula` varchar(50)
,`tipo` enum('Administrador','Estudiante','Ponente','Super-Administrador')
,`estadoResidencia` varchar(75)
,`municipioResidencia` varchar(75)
,`colonia` varchar(45)
,`calle` varchar(45)
,`numeroExt` int(11)
,`numeroInt` varchar(11)
,`fechaNacimiento` varchar(10)
,`edad` varchar(15)
,`paisNacimiento` varchar(100)
,`estadoNacimiento` varchar(75)
,`municipioNacimiento` varchar(75)
,`area` varchar(100)
,`puesto` varchar(100)
,`antiguedad` varchar(15)
,`estatus` varchar(8)
,`tarjetonURL` varchar(350)
,`fotoURL` varchar(350)
);

-- --------------------------------------------------------

--
-- Estructura Stand-in para la vista `ver_Usuarios_No_Verificados`
-- (Véase abajo para la vista actual)
--
CREATE TABLE `ver_Usuarios_No_Verificados` (
`fotoUsuario` varchar(350)
,`nombreUsuario` varchar(50)
,`puestoUsuario` varchar(100)
,`tarjetonUsuario` varchar(350)
,`antiguedadUsuario` date
,`areaUsuario` varchar(100)
,`matriculaUsuario` varchar(50)
);

-- --------------------------------------------------------

--
-- Estructura para la vista `ver_Credenciales_Usuario`
--
DROP TABLE IF EXISTS `ver_Credenciales_Usuario`;

CREATE ALGORITHM=UNDEFINED DEFINER=`u871842413_Fish`@`%` SQL SECURITY DEFINER VIEW `ver_Credenciales_Usuario`  AS  select `u`.`usuario_id` AS `idUsuario`,`u`.`usuario_correo` AS `correoUsuario`,`u`.`usuario_password` AS `passwordUsuario`,`du`.`usuario_tipo` AS `tipoUsuario` from (`usuarios` `u` join `datos_usuarios` `du` on(`u`.`usuario_id` = `du`.`usuario_id`)) ;

-- --------------------------------------------------------

--
-- Estructura para la vista `ver_Cursos_Actuales_Ponente`
--
DROP TABLE IF EXISTS `ver_Cursos_Actuales_Ponente`;

CREATE ALGORITHM=UNDEFINED DEFINER=`u871842413_Fish`@`%` SQL SECURITY DEFINER VIEW `ver_Cursos_Actuales_Ponente`  AS  select `c`.`curso_id` AS `cursoId`,`c`.`curso_foto` AS `fotoCurso`,`c`.`curso_nombre` AS `nombreCurso`,`c`.`curso_horario_inicio` AS `horaInicio`,`c`.`curso_horario_fin` AS `horarioFin`,count(0) AS `numeroDeEstudiantes`,`c`.`curso_capacidad` AS `capacidadCurso`,`a`.`area_nombre` AS `area`,`c`.`curso_tipo` AS `tipo`,if(`c`.`curso_modalidad` = 'enVivo','En vivo',`c`.`curso_modalidad`) AS `modalidad`,`c`.`ponente_id` AS `idPonente`,`c`.`curso_activo` AS `estado`,`c`.`curso_fecha_fin` AS `curso_fecha_fin` from (((`cursos` `c` join `estudiantes_cursos` `ec` on(`c`.`curso_id` = `ec`.`curso_id`)) join `datos_usuarios` `du` on(`du`.`usuario_id` = `c`.`ponente_id`)) join `areas` `a` on(`a`.`area_id` = `c`.`area_id`)) group by `c`.`curso_id` ;

-- --------------------------------------------------------

--
-- Estructura para la vista `ver_Cursos_Pasados`
--
DROP TABLE IF EXISTS `ver_Cursos_Pasados`;

CREATE ALGORITHM=UNDEFINED DEFINER=`u871842413_Fish`@`%` SQL SECURITY DEFINER VIEW `ver_Cursos_Pasados`  AS  select `cursos`.`curso_id` AS `ID`,curtime() - `cursos`.`curso_horario_inicio` AS `tiempoRestante` from `cursos` having `tiempoRestante` > 0 order by curtime() - `cursos`.`curso_horario_inicio` ;

-- --------------------------------------------------------

--
-- Estructura para la vista `ver_Cursos_Proximos`
--
DROP TABLE IF EXISTS `ver_Cursos_Proximos`;

CREATE ALGORITHM=UNDEFINED DEFINER=`u871842413_Fish`@`%` SQL SECURITY DEFINER VIEW `ver_Cursos_Proximos`  AS  select `cursos`.`curso_id` AS `ID`,curtime() - `cursos`.`curso_horario_inicio` AS `tiempoRestante` from `cursos` having `tiempoRestante` < 0 order by curtime() - `cursos`.`curso_horario_inicio` desc ;

-- --------------------------------------------------------

--
-- Estructura para la vista `ver_Datos_Cursos`
--
DROP TABLE IF EXISTS `ver_Datos_Cursos`;

CREATE ALGORITHM=UNDEFINED DEFINER=`u871842413_Fish`@`%` SQL SECURITY DEFINER VIEW `ver_Datos_Cursos`  AS  select `c`.`curso_id` AS `idCurso`,`c`.`curso_nombre` AS `nombreCurso`,`c`.`curso_clave` AS `claveCurso`,`c`.`curso_descripcion` AS `descripcionCurso`,date_format(`c`.`curso_fecha_inicio`,'%d/%m/%Y') AS `fechaInicioCurso`,date_format(`c`.`curso_fecha_fin`,'%d/%m/%Y') AS `fechaFinalCurso`,time_format(`c`.`curso_horario_inicio`,'%h:%i') AS `horaInicioCurso`,time_format(`c`.`curso_horario_fin`,'%h:%i') AS `horaFinCurso`,date_format(`c`.`curso_fecha_inscripcion_inicio`,'%d/%m/%Y') AS `fechaInscripcionInicioCurso`,date_format(`c`.`curso_fecha_inscripcion_fin`,'%d/%m/%Y') AS `fechaInscripcionFinalCurso`,if(`c`.`curso_plataforma` is null or `c`.`curso_plataforma` = '','N/A',`c`.`curso_plataforma`) AS `plataformaCurso`,`ac`.`area_nombre` AS `areaCurso`,`c`.`curso_tipo` AS `tipoCurso`,`c`.`curso_temario` AS `temarioCurso`,if(`c`.`curso_modalidad` = 'enVivo','En vivo',`c`.`curso_modalidad`) AS `modalidadCurso`,`c`.`curso_capacidad` AS `capacidadCurso`,if(curdate() between `c`.`curso_fecha_inscripcion_inicio` and `c`.`curso_fecha_inscripcion_fin`,if(`c`.`curso_capacidad` is null,'Si',if(count(`ec`.`estudiante_id`) = `c`.`curso_capacidad`,'No','Si')),'No') AS `Abierto`,if(`c`.`curso_capacidad` is null,'Cupo ilimitado',concat(count(`ec`.`estudiante_id`),'/',`c`.`curso_capacidad`)) AS `totalEstudiantesCurso`,`c`.`curso_link_curso` AS `linkCursoCurso`,`c`.`curso_link_plataforma` AS `linkPlataformaCurso`,`c`.`curso_foto` AS `fotoCurso`,concat(`du`.`usuario_nombres`,' ',`du`.`usuario_p_apellido`,' ',`du`.`usuario_s_apellido`) AS `nombrePonente`,`ap`.`area_nombre` AS `areaPonente`,`p`.`puesto_nombre` AS `puestoPonente`,`du`.`usuario_foto` AS `fotoPonente` from (((((`cursos` `c` join `areas` `ac` on(`c`.`area_id` = `ac`.`area_id`)) left join `datos_usuarios` `du` on(`c`.`ponente_id` = `du`.`usuario_id`)) join `areas` `ap` on(`du`.`area_id` = `ap`.`area_id`)) join `puestos` `p` on(`du`.`puesto_id` = `p`.`puesto_id`)) left join `estudiantes_cursos` `ec` on(`c`.`curso_id` = `ec`.`curso_id`)) group by `c`.`curso_id` ;

-- --------------------------------------------------------

--
-- Estructura para la vista `ver_Estados`
--
DROP TABLE IF EXISTS `ver_Estados`;

CREATE ALGORITHM=UNDEFINED DEFINER=`u871842413_Fish`@`%` SQL SECURITY DEFINER VIEW `ver_Estados`  AS  select `estados`.`estado_id` AS `idEstado`,`estados`.`estado_nombre` AS `nombreEstado` from `estados` ;

-- --------------------------------------------------------

--
-- Estructura para la vista `ver_Examenes`
--
DROP TABLE IF EXISTS `ver_Examenes`;

CREATE ALGORITHM=UNDEFINED DEFINER=`u871842413_Fish`@`%` SQL SECURITY DEFINER VIEW `ver_Examenes`  AS  select `e`.`examen_id` AS `idExamen`,`e`.`curso_id` AS `idCurso`,`c`.`curso_nombre` AS `nombreCurso`,`e`.`examen_nombre` AS `nombreExamen`,`e`.`examen_link` AS `linkExamen` from (`examenes` `e` left join `cursos` `c` on(`e`.`curso_id` = `c`.`curso_id`)) ;

-- --------------------------------------------------------

--
-- Estructura para la vista `ver_Historial_Cursos`
--
DROP TABLE IF EXISTS `ver_Historial_Cursos`;

CREATE ALGORITHM=UNDEFINED DEFINER=`u871842413_Fish`@`%` SQL SECURITY DEFINER VIEW `ver_Historial_Cursos`  AS  select `a`.`area_nombre` AS `areaCurso`,count(0) AS `totalCursos`,max(`c`.`curso_fecha_inicio`) AS `ultimaFechaCurso`,sum(`c`.`curso_activo`) AS `activosCurso` from (`cursos` `c` join `areas` `a` on(`c`.`area_id` = `a`.`area_id`)) group by `a`.`area_nombre` ;

-- --------------------------------------------------------

--
-- Estructura para la vista `ver_Municipios`
--
DROP TABLE IF EXISTS `ver_Municipios`;

CREATE ALGORITHM=UNDEFINED DEFINER=`u871842413_Fish`@`%` SQL SECURITY DEFINER VIEW `ver_Municipios`  AS  select `municipios`.`municipio_id` AS `idMunicipio`,`municipios`.`municipio_nombre` AS `nombreMunicipio` from `municipios` ;

-- --------------------------------------------------------

--
-- Estructura para la vista `ver_Paises`
--
DROP TABLE IF EXISTS `ver_Paises`;

CREATE ALGORITHM=UNDEFINED DEFINER=`u871842413_Fish`@`%` SQL SECURITY DEFINER VIEW `ver_Paises`  AS  select `paises`.`pais_id` AS `idPais`,`paises`.`pais_nombre` AS `nombrePais` from `paises` ;

-- --------------------------------------------------------

--
-- Estructura para la vista `ver_Proximo_Curso`
--
DROP TABLE IF EXISTS `ver_Proximo_Curso`;

CREATE ALGORITHM=UNDEFINED DEFINER=`u871842413_Fish`@`%` SQL SECURITY DEFINER VIEW `ver_Proximo_Curso`  AS  select `ver_Cursos_Pasados`.`ID` AS `ID`,`ver_Cursos_Pasados`.`tiempoRestante` AS `tiempoRestante` from `ver_Cursos_Pasados` union all select `ver_Cursos_Proximos`.`ID` AS `ID`,`ver_Cursos_Proximos`.`tiempoRestante` AS `tiempoRestante` from `ver_Cursos_Proximos` ;

-- --------------------------------------------------------

--
-- Estructura para la vista `ver_Puestos`
--
DROP TABLE IF EXISTS `ver_Puestos`;

CREATE ALGORITHM=UNDEFINED DEFINER=`u871842413_Fish`@`%` SQL SECURITY DEFINER VIEW `ver_Puestos`  AS  select `puestos`.`puesto_id` AS `idPuesto`,`puestos`.`puesto_nombre` AS `nombrePuesto` from `puestos` order by `puestos`.`puesto_id` ;

-- --------------------------------------------------------

--
-- Estructura para la vista `ver_Temario_Curso`
--
DROP TABLE IF EXISTS `ver_Temario_Curso`;

CREATE ALGORITHM=UNDEFINED DEFINER=`u871842413_Fish`@`%` SQL SECURITY DEFINER VIEW `ver_Temario_Curso`  AS  select `cursos`.`curso_id` AS `cursoID`,`cursos`.`curso_temario` AS `cursoTemario` from `cursos` order by `cursos`.`curso_id` ;

-- --------------------------------------------------------

--
-- Estructura para la vista `ver_Total_Usuarios`
--
DROP TABLE IF EXISTS `ver_Total_Usuarios`;

CREATE ALGORITHM=UNDEFINED DEFINER=`u871842413_Fish`@`%` SQL SECURITY DEFINER VIEW `ver_Total_Usuarios`  AS  select `datos_usuarios`.`usuario_tipo` AS `tipoUsuario`,count(0) AS `totalUsuarios` from `datos_usuarios` group by `datos_usuarios`.`usuario_tipo` ;

-- --------------------------------------------------------

--
-- Estructura para la vista `ver_Ultimo_Curso`
--
DROP TABLE IF EXISTS `ver_Ultimo_Curso`;

CREATE ALGORITHM=UNDEFINED DEFINER=`u871842413_Fish`@`%` SQL SECURITY DEFINER VIEW `ver_Ultimo_Curso`  AS  select max(`cursos`.`curso_id`) + 1 AS `cursoID` from `cursos` ;

-- --------------------------------------------------------

--
-- Estructura para la vista `ver_Ultimo_Usuario`
--
DROP TABLE IF EXISTS `ver_Ultimo_Usuario`;

CREATE ALGORITHM=UNDEFINED DEFINER=`u871842413_Fish`@`%` SQL SECURITY DEFINER VIEW `ver_Ultimo_Usuario`  AS  select max(`datos_usuarios`.`datos_usuario_id`) + 1 AS `usuarioID` from `datos_usuarios` ;

-- --------------------------------------------------------

--
-- Estructura para la vista `ver_Usuarios`
--
DROP TABLE IF EXISTS `ver_Usuarios`;

CREATE ALGORITHM=UNDEFINED DEFINER=`u871842413_Fish`@`%` SQL SECURITY DEFINER VIEW `ver_Usuarios`  AS  select `du`.`datos_usuario_id` AS `id`,`du`.`usuario_nombres` AS `nombres`,`du`.`usuario_p_apellido` AS `pApellido`,if(`du`.`usuario_s_apellido` is null or `du`.`usuario_s_apellido` = '','N/A',`du`.`usuario_s_apellido`) AS `sApellido`,`u`.`usuario_correo` AS `correo`,`du`.`usuario_matricula` AS `matricula`,`du`.`usuario_tipo` AS `tipo`,`e`.`estado_nombre` AS `estadoResidencia`,`m`.`municipio_nombre` AS `municipioResidencia`,`do`.`domicilio_colonia` AS `colonia`,`do`.`domicilio_calle` AS `calle`,`do`.`domicilio_numero_ext` AS `numeroExt`,if(`do`.`domicilio_numero_int` is null or `do`.`domicilio_numero_int` = '','N/A',`do`.`domicilio_numero_int`) AS `numeroInt`,date_format(`du`.`usuario_fecha_nacimiento`,'%d/%m/%Y') AS `fechaNacimiento`,concat(truncate((curdate() - `du`.`usuario_fecha_nacimiento`) / 10000,0),' años') AS `edad`,`pn`.`pais_nombre` AS `paisNacimiento`,if(`du`.`municipio_id` is null or `du`.`municipio_id` = '','N/A',`en`.`estado_nombre`) AS `estadoNacimiento`,if(`du`.`municipio_id` is null or `du`.`municipio_id` = '','N/A',`mn`.`municipio_nombre`) AS `municipioNacimiento`,`a`.`area_nombre` AS `area`,`p`.`puesto_nombre` AS `puesto`,if(truncate((curdate() - `du`.`usuario_antiguedad`) / 10000,0) > 1,concat(truncate((curdate() - `du`.`usuario_antiguedad`) / 10000,0),' años'),if(truncate((curdate() - `du`.`usuario_antiguedad`) / 10000,0) = 1,'1 año','Menos de 1 año')) AS `antiguedad`,if(`du`.`usuario_activo` = 1,'Activo','Inactivo') AS `estatus`,`du`.`usuario_tarjeton` AS `tarjetonURL`,`du`.`usuario_foto` AS `fotoURL` from (((((((((`usuarios` `u` join `datos_usuarios` `du` on(`u`.`usuario_id` = `du`.`usuario_id`)) join `paises` `pn` on(`du`.`pais_id` = `pn`.`pais_id`)) left join `municipios` `mn` on(`du`.`municipio_id` = `mn`.`municipio_id`)) left join `estados` `en` on(`mn`.`estado_id` = `en`.`estado_id`)) join `domicilios` `do` on(`du`.`domicilio_id` = `do`.`domicilio_id`)) join `municipios` `m` on(`m`.`municipio_id` = `do`.`municipio_id`)) join `estados` `e` on(`e`.`estado_id` = `m`.`estado_id`)) join `areas` `a` on(`du`.`area_id` = `a`.`area_id`)) join `puestos` `p` on(`du`.`puesto_id` = `p`.`puesto_id`)) order by `du`.`usuario_nombres` ;

-- --------------------------------------------------------

--
-- Estructura para la vista `ver_Usuarios_No_Verificados`
--
DROP TABLE IF EXISTS `ver_Usuarios_No_Verificados`;

CREATE ALGORITHM=UNDEFINED DEFINER=`u871842413_Fish`@`%` SQL SECURITY DEFINER VIEW `ver_Usuarios_No_Verificados`  AS  select `du`.`usuario_foto` AS `fotoUsuario`,`du`.`usuario_nombres` AS `nombreUsuario`,`p`.`puesto_nombre` AS `puestoUsuario`,`du`.`usuario_tarjeton` AS `tarjetonUsuario`,`du`.`usuario_antiguedad` AS `antiguedadUsuario`,`a`.`area_nombre` AS `areaUsuario`,`du`.`usuario_matricula` AS `matriculaUsuario` from ((`datos_usuarios` `du` join `areas` `a` on(`du`.`area_id` = `a`.`area_id`)) join `puestos` `p` on(`du`.`puesto_id` = `p`.`puesto_id`)) where `du`.`usuario_correo_verificado` = 1 and `du`.`usuario_tarjeton_verificado` = 0 ;

--
-- Índices para tablas volcadas
--

--
-- Indices de la tabla `areas`
--
ALTER TABLE `areas`
  ADD PRIMARY KEY (`area_id`);

--
-- Indices de la tabla `avisos`
--
ALTER TABLE `avisos`
  ADD PRIMARY KEY (`aviso_id`,`curso_id`),
  ADD KEY `fk_Anuncios_Cursos1_idx` (`curso_id`);

--
-- Indices de la tabla `bitacora`
--
ALTER TABLE `bitacora`
  ADD PRIMARY KEY (`bitacora_id`);

--
-- Indices de la tabla `cursos`
--
ALTER TABLE `cursos`
  ADD PRIMARY KEY (`curso_id`,`area_id`),
  ADD UNIQUE KEY `clave_UNIQUE` (`curso_clave`),
  ADD KEY `fk_Cursos_Datos_Usuarios1_idx` (`ponente_id`),
  ADD KEY `fk_cursos_areas1_idx` (`area_id`);

--
-- Indices de la tabla `datos_usuarios`
--
ALTER TABLE `datos_usuarios`
  ADD PRIMARY KEY (`datos_usuario_id`,`usuario_id`,`domicilio_id`,`pais_id`,`area_id`,`puesto_id`),
  ADD UNIQUE KEY `usuario_matricula` (`usuario_matricula`),
  ADD KEY `fk_Ponentes_Usuarios1_idx` (`usuario_id`),
  ADD KEY `fk_Datos_Usuarios_Municipios1_idx` (`municipio_id`),
  ADD KEY `fk_Datos_Usuarios_Domicilios1_idx` (`domicilio_id`),
  ADD KEY `fk_Datos_Usuarios_Paises1_idx` (`pais_id`),
  ADD KEY `fk_datos_usuarios_areas1_idx` (`area_id`),
  ADD KEY `fk_datos_usuarios_puestos1_idx` (`puesto_id`);

--
-- Indices de la tabla `domicilios`
--
ALTER TABLE `domicilios`
  ADD PRIMARY KEY (`domicilio_id`,`municipio_id`),
  ADD KEY `fk_Domicilios_Municipios1_idx` (`municipio_id`);

--
-- Indices de la tabla `estados`
--
ALTER TABLE `estados`
  ADD PRIMARY KEY (`estado_id`);

--
-- Indices de la tabla `estudiantes_cursos`
--
ALTER TABLE `estudiantes_cursos`
  ADD PRIMARY KEY (`estudiante_id`,`curso_id`),
  ADD KEY `fk_Datos_Usuarios_has_Cursos_Cursos1_idx` (`curso_id`),
  ADD KEY `fk_Datos_Usuarios_has_Cursos_Datos_Usuarios1_idx` (`estudiante_id`);

--
-- Indices de la tabla `examenes`
--
ALTER TABLE `examenes`
  ADD PRIMARY KEY (`examen_id`,`curso_id`),
  ADD KEY `fk_Examen_Cursos1_idx` (`curso_id`);

--
-- Indices de la tabla `links`
--
ALTER TABLE `links`
  ADD PRIMARY KEY (`link_id`,`curso_id`),
  ADD KEY `fk_links_cursos_cursos_idx` (`curso_id`);

--
-- Indices de la tabla `multimedia_cursos`
--
ALTER TABLE `multimedia_cursos`
  ADD PRIMARY KEY (`multimedia_curso_id`,`curso_id`),
  ADD KEY `fk_Multimedia_Curso_Cursos1_idx` (`curso_id`);

--
-- Indices de la tabla `multimedia_estudiantes`
--
ALTER TABLE `multimedia_estudiantes`
  ADD PRIMARY KEY (`multimedia_estudiante_id`,`tarea_estudiante_id`),
  ADD KEY `fk_multimedia_estudiante_tareas_estudiantes1_idx` (`tarea_estudiante_id`);

--
-- Indices de la tabla `multimedia_tareas`
--
ALTER TABLE `multimedia_tareas`
  ADD PRIMARY KEY (`multimedia_tarea_id`,`tarea_id`),
  ADD KEY `fk_Multimedia_Tareas_Tareas1_idx` (`tarea_id`);

--
-- Indices de la tabla `municipios`
--
ALTER TABLE `municipios`
  ADD PRIMARY KEY (`municipio_id`,`estado_id`),
  ADD KEY `fk_Municipios_Estados1_idx` (`estado_id`);

--
-- Indices de la tabla `paises`
--
ALTER TABLE `paises`
  ADD PRIMARY KEY (`pais_id`);

--
-- Indices de la tabla `problemas_cursos`
--
ALTER TABLE `problemas_cursos`
  ADD PRIMARY KEY (`problema_curso_id`,`usuario_id`,`curso_id`),
  ADD KEY `fk_Problemas_Cursos_Cursos1_idx` (`curso_id`),
  ADD KEY `fk_Problemas_Cursos_Datos_Usuarios1_idx` (`usuario_id`);

--
-- Indices de la tabla `problemas_usuarios`
--
ALTER TABLE `problemas_usuarios`
  ADD PRIMARY KEY (`problema_usuario_id`,`usuario_id`),
  ADD KEY `fk_Problemas_Usuarios_Datos_Usuarios1_idx` (`usuario_id`);

--
-- Indices de la tabla `puestos`
--
ALTER TABLE `puestos`
  ADD PRIMARY KEY (`puesto_id`);

--
-- Indices de la tabla `tareas`
--
ALTER TABLE `tareas`
  ADD PRIMARY KEY (`tarea_id`,`curso_id`),
  ADD KEY `fk_Tareas_Cursos1_idx` (`curso_id`);

--
-- Indices de la tabla `tareas_estudiantes`
--
ALTER TABLE `tareas_estudiantes`
  ADD PRIMARY KEY (`tarea_estudiante_id`,`estudiante_id`,`tarea_id`),
  ADD KEY `fk_Estudiantes_has_Tareas_Tareas1_idx` (`tarea_id`),
  ADD KEY `fk_Tareas_Estudiantes_Datos_Usuarios1_idx` (`estudiante_id`);

--
-- Indices de la tabla `usuarios`
--
ALTER TABLE `usuarios`
  ADD PRIMARY KEY (`usuario_id`),
  ADD UNIQUE KEY `correo_UNIQUE` (`usuario_correo`);

--
-- AUTO_INCREMENT de las tablas volcadas
--

--
-- AUTO_INCREMENT de la tabla `areas`
--
ALTER TABLE `areas`
  MODIFY `area_id` int(11) NOT NULL AUTO_INCREMENT, AUTO_INCREMENT=5;

--
-- AUTO_INCREMENT de la tabla `avisos`
--
ALTER TABLE `avisos`
  MODIFY `aviso_id` int(11) NOT NULL AUTO_INCREMENT, AUTO_INCREMENT=101;

--
-- AUTO_INCREMENT de la tabla `bitacora`
--
ALTER TABLE `bitacora`
  MODIFY `bitacora_id` int(11) NOT NULL AUTO_INCREMENT, AUTO_INCREMENT=151;

--
-- AUTO_INCREMENT de la tabla `cursos`
--
ALTER TABLE `cursos`
  MODIFY `curso_id` int(11) NOT NULL AUTO_INCREMENT, AUTO_INCREMENT=101;

--
-- AUTO_INCREMENT de la tabla `datos_usuarios`
--
ALTER TABLE `datos_usuarios`
  MODIFY `datos_usuario_id` int(11) NOT NULL AUTO_INCREMENT, AUTO_INCREMENT=101;

--
-- AUTO_INCREMENT de la tabla `domicilios`
--
ALTER TABLE `domicilios`
  MODIFY `domicilio_id` int(11) NOT NULL AUTO_INCREMENT, AUTO_INCREMENT=105;

--
-- AUTO_INCREMENT de la tabla `estados`
--
ALTER TABLE `estados`
  MODIFY `estado_id` int(11) NOT NULL AUTO_INCREMENT, AUTO_INCREMENT=33;

--
-- AUTO_INCREMENT de la tabla `examenes`
--
ALTER TABLE `examenes`
  MODIFY `examen_id` int(11) NOT NULL AUTO_INCREMENT, AUTO_INCREMENT=101;

--
-- AUTO_INCREMENT de la tabla `links`
--
ALTER TABLE `links`
  MODIFY `link_id` int(11) NOT NULL AUTO_INCREMENT, AUTO_INCREMENT=301;

--
-- AUTO_INCREMENT de la tabla `multimedia_cursos`
--
ALTER TABLE `multimedia_cursos`
  MODIFY `multimedia_curso_id` int(11) NOT NULL AUTO_INCREMENT, AUTO_INCREMENT=301;

--
-- AUTO_INCREMENT de la tabla `multimedia_estudiantes`
--
ALTER TABLE `multimedia_estudiantes`
  MODIFY `multimedia_estudiante_id` int(11) NOT NULL AUTO_INCREMENT, AUTO_INCREMENT=301;

--
-- AUTO_INCREMENT de la tabla `multimedia_tareas`
--
ALTER TABLE `multimedia_tareas`
  MODIFY `multimedia_tarea_id` int(11) NOT NULL AUTO_INCREMENT, AUTO_INCREMENT=301;

--
-- AUTO_INCREMENT de la tabla `municipios`
--
ALTER TABLE `municipios`
  MODIFY `municipio_id` int(11) NOT NULL AUTO_INCREMENT, AUTO_INCREMENT=2470;

--
-- AUTO_INCREMENT de la tabla `paises`
--
ALTER TABLE `paises`
  MODIFY `pais_id` int(11) NOT NULL AUTO_INCREMENT, AUTO_INCREMENT=228;

--
-- AUTO_INCREMENT de la tabla `problemas_cursos`
--
ALTER TABLE `problemas_cursos`
  MODIFY `problema_curso_id` int(11) NOT NULL AUTO_INCREMENT, AUTO_INCREMENT=101;

--
-- AUTO_INCREMENT de la tabla `problemas_usuarios`
--
ALTER TABLE `problemas_usuarios`
  MODIFY `problema_usuario_id` int(11) NOT NULL AUTO_INCREMENT, AUTO_INCREMENT=101;

--
-- AUTO_INCREMENT de la tabla `puestos`
--
ALTER TABLE `puestos`
  MODIFY `puesto_id` int(11) NOT NULL AUTO_INCREMENT, AUTO_INCREMENT=233;

--
-- AUTO_INCREMENT de la tabla `tareas`
--
ALTER TABLE `tareas`
  MODIFY `tarea_id` int(11) NOT NULL AUTO_INCREMENT, AUTO_INCREMENT=101;

--
-- AUTO_INCREMENT de la tabla `tareas_estudiantes`
--
ALTER TABLE `tareas_estudiantes`
  MODIFY `tarea_estudiante_id` int(11) NOT NULL AUTO_INCREMENT, AUTO_INCREMENT=101;

--
-- AUTO_INCREMENT de la tabla `usuarios`
--
ALTER TABLE `usuarios`
  MODIFY `usuario_id` int(11) NOT NULL AUTO_INCREMENT, AUTO_INCREMENT=105;

--
-- Restricciones para tablas volcadas
--

--
-- Filtros para la tabla `avisos`
--
ALTER TABLE `avisos`
  ADD CONSTRAINT `fk_Anuncios_Cursos1` FOREIGN KEY (`curso_id`) REFERENCES `cursos` (`curso_id`);

--
-- Filtros para la tabla `cursos`
--
ALTER TABLE `cursos`
  ADD CONSTRAINT `fk_Cursos_Datos_Usuarios1` FOREIGN KEY (`ponente_id`) REFERENCES `datos_usuarios` (`datos_usuario_id`),
  ADD CONSTRAINT `fk_cursos_areas1` FOREIGN KEY (`area_id`) REFERENCES `areas` (`area_id`);

--
-- Filtros para la tabla `datos_usuarios`
--
ALTER TABLE `datos_usuarios`
  ADD CONSTRAINT `fk_Datos_Usuarios_Domicilios1` FOREIGN KEY (`domicilio_id`) REFERENCES `domicilios` (`domicilio_id`),
  ADD CONSTRAINT `fk_Datos_Usuarios_Municipios1` FOREIGN KEY (`municipio_id`) REFERENCES `municipios` (`municipio_id`),
  ADD CONSTRAINT `fk_Datos_Usuarios_Paises1` FOREIGN KEY (`pais_id`) REFERENCES `paises` (`pais_id`),
  ADD CONSTRAINT `fk_Ponentes_Usuarios1` FOREIGN KEY (`usuario_id`) REFERENCES `usuarios` (`usuario_id`),
  ADD CONSTRAINT `fk_datos_usuarios_areas1` FOREIGN KEY (`area_id`) REFERENCES `areas` (`area_id`),
  ADD CONSTRAINT `fk_datos_usuarios_puestos1` FOREIGN KEY (`puesto_id`) REFERENCES `puestos` (`puesto_id`);

--
-- Filtros para la tabla `domicilios`
--
ALTER TABLE `domicilios`
  ADD CONSTRAINT `fk_Domicilios_Municipios1` FOREIGN KEY (`municipio_id`) REFERENCES `municipios` (`municipio_id`);

--
-- Filtros para la tabla `estudiantes_cursos`
--
ALTER TABLE `estudiantes_cursos`
  ADD CONSTRAINT `fk_Datos_Usuarios_has_Cursos_Cursos1` FOREIGN KEY (`curso_id`) REFERENCES `cursos` (`curso_id`),
  ADD CONSTRAINT `fk_Datos_Usuarios_has_Cursos_Datos_Usuarios1` FOREIGN KEY (`estudiante_id`) REFERENCES `datos_usuarios` (`datos_usuario_id`);

--
-- Filtros para la tabla `examenes`
--
ALTER TABLE `examenes`
  ADD CONSTRAINT `fk_Examen_Cursos1` FOREIGN KEY (`curso_id`) REFERENCES `cursos` (`curso_id`);

--
-- Filtros para la tabla `links`
--
ALTER TABLE `links`
  ADD CONSTRAINT `fk_links_cursos_cursos` FOREIGN KEY (`curso_id`) REFERENCES `cursos` (`curso_id`);

--
-- Filtros para la tabla `multimedia_cursos`
--
ALTER TABLE `multimedia_cursos`
  ADD CONSTRAINT `fk_Multimedia_Curso_Cursos1` FOREIGN KEY (`curso_id`) REFERENCES `cursos` (`curso_id`);

--
-- Filtros para la tabla `multimedia_estudiantes`
--
ALTER TABLE `multimedia_estudiantes`
  ADD CONSTRAINT `fk_multimedia_estudiante_tareas_estudiantes1` FOREIGN KEY (`tarea_estudiante_id`) REFERENCES `tareas_estudiantes` (`tarea_estudiante_id`);

--
-- Filtros para la tabla `multimedia_tareas`
--
ALTER TABLE `multimedia_tareas`
  ADD CONSTRAINT `fk_Multimedia_Tareas_Tareas1` FOREIGN KEY (`tarea_id`) REFERENCES `tareas` (`tarea_id`);

--
-- Filtros para la tabla `municipios`
--
ALTER TABLE `municipios`
  ADD CONSTRAINT `fk_Municipios_Estados1` FOREIGN KEY (`estado_id`) REFERENCES `estados` (`estado_id`);

--
-- Filtros para la tabla `problemas_cursos`
--
ALTER TABLE `problemas_cursos`
  ADD CONSTRAINT `fk_Problemas_Cursos_Cursos1` FOREIGN KEY (`curso_id`) REFERENCES `cursos` (`curso_id`),
  ADD CONSTRAINT `fk_Problemas_Cursos_Datos_Usuarios1` FOREIGN KEY (`usuario_id`) REFERENCES `datos_usuarios` (`datos_usuario_id`);

--
-- Filtros para la tabla `problemas_usuarios`
--
ALTER TABLE `problemas_usuarios`
  ADD CONSTRAINT `fk_Problemas_Usuarios_Datos_Usuarios1` FOREIGN KEY (`usuario_id`) REFERENCES `datos_usuarios` (`datos_usuario_id`);

--
-- Filtros para la tabla `tareas`
--
ALTER TABLE `tareas`
  ADD CONSTRAINT `fk_Tareas_Cursos1` FOREIGN KEY (`curso_id`) REFERENCES `cursos` (`curso_id`);

--
-- Filtros para la tabla `tareas_estudiantes`
--
ALTER TABLE `tareas_estudiantes`
  ADD CONSTRAINT `fk_Estudiantes_has_Tareas_Tareas1` FOREIGN KEY (`tarea_id`) REFERENCES `tareas` (`tarea_id`),
  ADD CONSTRAINT `fk_Tareas_Estudiantes_Datos_Usuarios1` FOREIGN KEY (`estudiante_id`) REFERENCES `datos_usuarios` (`datos_usuario_id`);
COMMIT;

/*!40101 SET CHARACTER_SET_CLIENT=@OLD_CHARACTER_SET_CLIENT */;
/*!40101 SET CHARACTER_SET_RESULTS=@OLD_CHARACTER_SET_RESULTS */;
/*!40101 SET COLLATION_CONNECTION=@OLD_COLLATION_CONNECTION */;
